ts,rot,invx,invy,panx,pany,ks_h,ks_v,pin_x,pin_y,lead,opix,opix_exp,eol,starved,result,tl_x,tl_y,tr_x,tr_y,br_x,br_y,bl_x,bl_y
1782667789,0,3757,3757,0,0,0,0,0,0,4096,2073600,2073600,1080,11127,FULL,-100,100,-100,0,100,0,100,0
1782667798,0,3757,3757,0,0,0,0,0,0,4096,2073600,2073600,1080,11127,FULL,-100,100,-100,0,100,0,100,0
1782667803,0,3757,3757,0,0,0,0,0,0,4096,2073600,2073600,1080,11127,FULL,-100,100,-100,0,100,0,100,0
1782667808,0,3757,3757,0,0,0,0,0,0,4096,2073600,2073600,1080,11127,FULL,-100,100,-100,0,100,0,100,0
1782668067,0,3757,3757,0,0,0,0,0,0,4096,264801,2073600,139,56165,short,-20,0,0,0,0,0,0,0
1782668068,0,3757,3757,0,0,0,0,0,0,6144,2073600,2073600,1080,11127,FULL,-20,0,0,0,0,0,0,0
1782668077,0,3757,3757,0,0,0,0,0,0,4096,264881,2073600,138,57838,short,-45,0,0,0,0,0,0,0
1782668078,0,3757,3757,0,0,0,0,0,0,6144,2073600,2073600,1080,11127,FULL,-45,0,0,0,0,0,0,0
1782668087,0,3757,3757,0,0,0,0,0,0,4096,265087,2073600,138,59090,short,-70,0,0,0,0,0,0,0
1782668088,0,3757,3757,0,0,0,0,0,0,6144,2073600,2073600,1080,11127,FULL,-70,0,0,0,0,0,0,0
1782668310,0,3757,3757,0,0,0,0,0,0,4096,2073600,2073600,1080,11127,FULL,-50,0,0,0,0,0,0,0
1782668536,0,3723,3723,0,0,0,0,0,0,4096,2073600,2073600,1080,11127,FULL,-100,-100,-100,-100,-100,-100,-100,-100
1782668548,0,3723,3723,0,0,0,0,0,0,4096,2073600,2073600,1080,11127,FULL,100,-100,-100,-100,-100,-100,-100,-100
1782668559,0,3723,3723,0,0,0,0,0,0,4096,2073600,2073600,1080,11127,FULL,-100,100,-100,-100,-100,-100,-100,-100
1782668571,0,3723,3723,0,0,0,0,0,0,4096,2073600,2073600,1080,11276,FULL,100,100,-100,-100,-100,-100,-100,-100
1782669867,0,4096,4096,0,0,0,0,0,0,4096,2073600,2073600,1080,11127,FULL,-100,-100,-100,-100,-100,-100,-100,-100
1782669868,0,4096,4096,0,0,0,0,0,0,6144,2073600,2073600,1080,11127,FULL,-100,-100,-100,-100,-100,-100,-100,-100
1782669869,0,4096,4096,0,0,0,0,0,0,8192,2073600,2073600,1080,11127,FULL,-100,-100,-100,-100,-100,-100,-100,-100
1782669870,0,4096,4096,0,0,0,0,0,0,12288,2073600,2073600,1080,11127,FULL,-100,-100,-100,-100,-100,-100,-100,-100
1782669872,0,4096,4096,0,0,0,0,0,0,16384,2073600,2073600,1080,11127,FULL,-100,-100,-100,-100,-100,-100,-100,-100
1782669873,0,4096,4096,0,0,0,0,0,0,24576,2073600,2073600,1080,11127,FULL,-100,-100,-100,-100,-100,-100,-100,-100
1782669882,0,4096,4096,0,0,0,0,0,0,4096,2073600,2073600,1080,11127,FULL,100,-100,-100,-100,-100,-100,-100,-100
1782669883,0,4096,4096,0,0,0,0,0,0,6144,2073600,2073600,1080,11127,FULL,100,-100,-100,-100,-100,-100,-100,-100
1782669884,0,4096,4096,0,0,0,0,0,0,8192,2073600,2073600,1080,11127,FULL,100,-100,-100,-100,-100,-100,-100,-100
1782669885,0,4096,4096,0,0,0,0,0,0,12288,2073600,2073600,1080,11127,FULL,100,-100,-100,-100,-100,-100,-100,-100
1782669886,0,4096,4096,0,0,0,0,0,0,16384,2073600,2073600,1080,11127,FULL,100,-100,-100,-100,-100,-100,-100,-100
1782669887,0,4096,4096,0,0,0,0,0,0,24576,2073600,2073600,1080,11127,FULL,100,-100,-100,-100,-100,-100,-100,-100
1782669933,0,4096,4096,0,0,0,0,0,0,4096,2073600,2073600,1080,11127,FULL,-100,100,-100,-100,-100,-100,-100,-100
1782669934,0,4096,4096,0,0,0,0,0,0,6144,2073600,2073600,1080,11127,FULL,-100,100,-100,-100,-100,-100,-100,-100
1782669935,0,4096,4096,0,0,0,0,0,0,8192,2073600,2073600,1080,11127,FULL,-100,100,-100,-100,-100,-100,-100,-100
1782669936,0,4096,4096,0,0,0,0,0,0,12288,2073600,2073600,1080,11127,FULL,-100,100,-100,-100,-100,-100,-100,-100
1782669937,0,4096,4096,0,0,0,0,0,0,16384,2073600,2073600,1080,11127,FULL,-100,100,-100,-100,-100,-100,-100,-100
1782669939,0,4096,4096,0,0,0,0,0,0,24576,474739,2073600,247,46366,short,-100,100,-100,-100,-100,-100,-100,-100
1782669948,0,4096,4096,0,0,0,0,0,0,4096,2073600,2073600,1080,11275,FULL,100,100,-100,-100,-100,-100,-100,-100
1782669948,0,4096,4096,0,0,0,0,0,0,6144,2073600,2073600,1080,11279,FULL,100,100,-100,-100,-100,-100,-100,-100
1782669949,0,4096,4096,0,0,0,0,0,0,8192,2073600,2073600,1080,11274,FULL,100,100,-100,-100,-100,-100,-100,-100
1782669950,0,4096,4096,0,0,0,0,0,0,12288,2073600,2073600,1080,11297,FULL,100,100,-100,-100,-100,-100,-100,-100
1782669952,0,4096,4096,0,0,0,0,0,0,16384,2073600,2073600,1080,11275,FULL,100,100,-100,-100,-100,-100,-100,-100
1782669953,0,4096,4096,0,0,0,0,0,0,24576,457374,2073600,238,56407,short,100,100,-100,-100,-100,-100,-100,-100
1782669962,0,4096,4096,0,0,0,0,0,0,4096,2073600,2073600,1080,11127,FULL,-100,-100,100,-100,-100,-100,-100,-100
1782669963,0,4096,4096,0,0,0,0,0,0,6144,2073600,2073600,1080,11127,FULL,-100,-100,100,-100,-100,-100,-100,-100
1782669964,0,4096,4096,0,0,0,0,0,0,8192,2073600,2073600,1080,11127,FULL,-100,-100,100,-100,-100,-100,-100,-100
1782669965,0,4096,4096,0,0,0,0,0,0,12288,2073600,2073600,1080,11127,FULL,-100,-100,100,-100,-100,-100,-100,-100
1782669966,0,4096,4096,0,0,0,0,0,0,16384,2073600,2073600,1080,11127,FULL,-100,-100,100,-100,-100,-100,-100,-100
1782669967,0,4096,4096,0,0,0,0,0,0,24576,2073600,2073600,1080,11127,FULL,-100,-100,100,-100,-100,-100,-100,-100
1782669976,0,4096,4096,0,0,0,0,0,0,4096,2073600,2073600,1080,0,FULL,100,-100,100,-100,-100,-100,-100,-100
1782669977,0,4096,4096,0,0,0,0,0,0,6144,2073600,2073600,1080,11127,FULL,100,-100,100,-100,-100,-100,-100,-100
1782669978,0,4096,4096,0,0,0,0,0,0,8192,2073600,2073600,1080,11127,FULL,100,-100,100,-100,-100,-100,-100,-100
1782669979,0,4096,4096,0,0,0,0,0,0,12288,2073600,2073600,1080,11127,FULL,100,-100,100,-100,-100,-100,-100,-100
1782669980,0,4096,4096,0,0,0,0,0,0,16384,2073600,2073600,1080,11127,FULL,100,-100,100,-100,-100,-100,-100,-100
1782669981,0,4096,4096,0,0,0,0,0,0,24576,933001,2073600,486,18895,short,100,-100,100,-100,-100,-100,-100,-100
1782669990,0,4096,4096,0,0,0,0,0,0,4096,2073600,2073600,1080,11127,FULL,-100,100,100,-100,-100,-100,-100,-100
1782669991,0,4096,4096,0,0,0,0,0,0,6144,2073600,2073600,1080,11127,FULL,-100,100,100,-100,-100,-100,-100,-100
1782669992,0,4096,4096,0,0,0,0,0,0,8192,2073600,2073600,1080,11127,FULL,-100,100,100,-100,-100,-100,-100,-100
1782669993,0,4096,4096,0,0,0,0,0,0,12288,2073600,2073600,1080,11127,FULL,-100,100,100,-100,-100,-100,-100,-100
1782669994,0,4096,4096,0,0,0,0,0,0,16384,2073600,2073600,1080,11127,FULL,-100,100,100,-100,-100,-100,-100,-100
1782669996,0,4096,4096,0,0,0,0,0,0,24576,2073600,2073600,1080,11127,FULL,-100,100,100,-100,-100,-100,-100,-100
1782670004,0,4096,4096,0,0,0,0,0,0,4096,2073600,2073600,1080,11313,FULL,100,100,100,-100,-100,-100,-100,-100
1782670005,0,4096,4096,0,0,0,0,0,0,6144,2073600,2073600,1080,11279,FULL,100,100,100,-100,-100,-100,-100,-100
1782670006,0,4096,4096,0,0,0,0,0,0,8192,2073600,2073600,1080,11292,FULL,100,100,100,-100,-100,-100,-100,-100
1782670007,0,4096,4096,0,0,0,0,0,0,12288,2073600,2073600,1080,11277,FULL,100,100,100,-100,-100,-100,-100,-100
1782670008,0,4096,4096,0,0,0,0,0,0,16384,2073600,2073600,1080,11277,FULL,100,100,100,-100,-100,-100,-100,-100
1782670010,0,4096,4096,0,0,0,0,0,0,24576,2073600,2073600,1080,11279,FULL,100,100,100,-100,-100,-100,-100,-100
1782670019,0,4096,4096,0,0,0,0,0,0,4096,2073600,2073600,1080,11127,FULL,-100,-100,-100,100,-100,-100,-100,-100
1782670019,0,4096,4096,0,0,0,0,0,0,6144,2073600,2073600,1080,11127,FULL,-100,-100,-100,100,-100,-100,-100,-100
1782670020,0,4096,4096,0,0,0,0,0,0,8192,2073600,2073600,1080,11127,FULL,-100,-100,-100,100,-100,-100,-100,-100
1782670021,0,4096,4096,0,0,0,0,0,0,12288,2073600,2073600,1080,11127,FULL,-100,-100,-100,100,-100,-100,-100,-100
1782670023,0,4096,4096,0,0,0,0,0,0,16384,2073600,2073600,1080,11127,FULL,-100,-100,-100,100,-100,-100,-100,-100
1782670024,0,4096,4096,0,0,0,0,0,0,24576,2073600,2073600,1080,11127,FULL,-100,-100,-100,100,-100,-100,-100,-100
1782670033,0,4096,4096,0,0,0,0,0,0,4096,2073600,2073600,1080,11127,FULL,100,-100,-100,100,-100,-100,-100,-100
1782670034,0,4096,4096,0,0,0,0,0,0,6144,2073600,2073600,1080,11127,FULL,100,-100,-100,100,-100,-100,-100,-100
1782670035,0,4096,4096,0,0,0,0,0,0,8192,2073600,2073600,1080,11127,FULL,100,-100,-100,100,-100,-100,-100,-100
1782670036,0,4096,4096,0,0,0,0,0,0,12288,2073600,2073600,1080,11127,FULL,100,-100,-100,100,-100,-100,-100,-100
1782670037,0,4096,4096,0,0,0,0,0,0,16384,2073600,2073600,1080,11127,FULL,100,-100,-100,100,-100,-100,-100,-100
1782670038,0,4096,4096,0,0,0,0,0,0,24576,2073600,2073600,1080,11127,FULL,100,-100,-100,100,-100,-100,-100,-100
1782670047,0,4096,4096,0,0,0,0,0,0,4096,2073600,2073600,1080,11127,FULL,-100,100,-100,100,-100,-100,-100,-100
1782670048,0,4096,4096,0,0,0,0,0,0,6144,2073600,2073600,1080,11127,FULL,-100,100,-100,100,-100,-100,-100,-100
1782670049,0,4096,4096,0,0,0,0,0,0,8192,2073600,2073600,1080,11127,FULL,-100,100,-100,100,-100,-100,-100,-100
1782670050,0,4096,4096,0,0,0,0,0,0,12288,2073600,2073600,1080,11127,FULL,-100,100,-100,100,-100,-100,-100,-100
1782670051,0,4096,4096,0,0,0,0,0,0,16384,2073600,2073600,1080,11127,FULL,-100,100,-100,100,-100,-100,-100,-100
1782670052,0,4096,4096,0,0,0,0,0,0,24576,2073600,2073600,1080,11127,FULL,-100,100,-100,100,-100,-100,-100,-100
1782670061,0,4096,4096,0,0,0,0,0,0,4096,2073600,2073600,1080,11277,FULL,100,100,-100,100,-100,-100,-100,-100
1782670062,0,4096,4096,0,0,0,0,0,0,6144,2073600,2073600,1080,11279,FULL,100,100,-100,100,-100,-100,-100,-100
1782670063,0,4096,4096,0,0,0,0,0,0,8192,2073600,2073600,1080,11288,FULL,100,100,-100,100,-100,-100,-100,-100
1782670064,0,4096,4096,0,0,0,0,0,0,12288,2073600,2073600,1080,11303,FULL,100,100,-100,100,-100,-100,-100,-100
1782670065,0,4096,4096,0,0,0,0,0,0,16384,2073600,2073600,1080,11272,FULL,100,100,-100,100,-100,-100,-100,-100
1782670067,0,4096,4096,0,0,0,0,0,0,24576,2073600,2073600,1080,11277,FULL,100,100,-100,100,-100,-100,-100,-100
1782670075,0,4096,4096,0,0,0,0,0,0,4096,2073600,2073600,1080,11127,FULL,-100,-100,100,100,-100,-100,-100,-100
1782670076,0,4096,4096,0,0,0,0,0,0,6144,2073600,2073600,1080,11127,FULL,-100,-100,100,100,-100,-100,-100,-100
1782670077,0,4096,4096,0,0,0,0,0,0,8192,2073600,2073600,1080,11127,FULL,-100,-100,100,100,-100,-100,-100,-100
1782670078,0,4096,4096,0,0,0,0,0,0,12288,2073600,2073600,1080,11127,FULL,-100,-100,100,100,-100,-100,-100,-100
1782670079,0,4096,4096,0,0,0,0,0,0,16384,2073600,2073600,1080,11127,FULL,-100,-100,100,100,-100,-100,-100,-100
1782670081,0,4096,4096,0,0,0,0,0,0,24576,2073600,2073600,1080,11127,FULL,-100,-100,100,100,-100,-100,-100,-100
1782670090,0,4096,4096,0,0,0,0,0,0,4096,2073600,2073600,1080,11127,FULL,100,-100,100,100,-100,-100,-100,-100
1782670091,0,4096,4096,0,0,0,0,0,0,6144,2073600,2073600,1080,11127,FULL,100,-100,100,100,-100,-100,-100,-100
1782670091,0,4096,4096,0,0,0,0,0,0,8192,2073600,2073600,1080,11127,FULL,100,-100,100,100,-100,-100,-100,-100
1782670093,0,4096,4096,0,0,0,0,0,0,12288,2073600,2073600,1080,11127,FULL,100,-100,100,100,-100,-100,-100,-100
1782670094,0,4096,4096,0,0,0,0,0,0,16384,2073600,2073600,1080,11127,FULL,100,-100,100,100,-100,-100,-100,-100
1782670095,0,4096,4096,0,0,0,0,0,0,24576,2073600,2073600,1080,11127,FULL,100,-100,100,100,-100,-100,-100,-100
1782670104,0,4096,4096,0,0,0,0,0,0,4096,2073600,2073600,1080,11127,FULL,-100,100,100,100,-100,-100,-100,-100
1782670105,0,4096,4096,0,0,0,0,0,0,6144,2073600,2073600,1080,11127,FULL,-100,100,100,100,-100,-100,-100,-100
1782670106,0,4096,4096,0,0,0,0,0,0,8192,2073600,2073600,1080,11127,FULL,-100,100,100,100,-100,-100,-100,-100
1782670107,0,4096,4096,0,0,0,0,0,0,12288,2073600,2073600,1080,11127,FULL,-100,100,100,100,-100,-100,-100,-100
1782670108,0,4096,4096,0,0,0,0,0,0,16384,2073600,2073600,1080,11127,FULL,-100,100,100,100,-100,-100,-100,-100
1782670109,0,4096,4096,0,0,0,0,0,0,24576,2073600,2073600,1080,11127,FULL,-100,100,100,100,-100,-100,-100,-100
1782670118,0,4096,4096,0,0,0,0,0,0,4096,2073600,2073600,1080,11311,FULL,100,100,100,100,-100,-100,-100,-100
1782670119,0,4096,4096,0,0,0,0,0,0,6144,2073600,2073600,1080,11279,FULL,100,100,100,100,-100,-100,-100,-100
1782670120,0,4096,4096,0,0,0,0,0,0,8192,2073600,2073600,1080,11279,FULL,100,100,100,100,-100,-100,-100,-100
1782670121,0,4096,4096,0,0,0,0,0,0,12288,2073600,2073600,1080,11274,FULL,100,100,100,100,-100,-100,-100,-100
1782670122,0,4096,4096,0,0,0,0,0,0,16384,2073600,2073600,1080,11276,FULL,100,100,100,100,-100,-100,-100,-100
1782670123,0,4096,4096,0,0,0,0,0,0,24576,2073600,2073600,1080,11278,FULL,100,100,100,100,-100,-100,-100,-100
1782670132,0,4096,4096,0,0,0,0,0,0,4096,2073600,2073600,1080,11127,FULL,-100,-100,-100,-100,100,-100,-100,-100
1782670133,0,4096,4096,0,0,0,0,0,0,6144,2073600,2073600,1080,11127,FULL,-100,-100,-100,-100,100,-100,-100,-100
1782670134,0,4096,4096,0,0,0,0,0,0,8192,2073600,2073600,1080,11127,FULL,-100,-100,-100,-100,100,-100,-100,-100
1782670135,0,4096,4096,0,0,0,0,0,0,12288,2073600,2073600,1080,11127,FULL,-100,-100,-100,-100,100,-100,-100,-100
1782670136,0,4096,4096,0,0,0,0,0,0,16384,2073600,2073600,1080,11127,FULL,-100,-100,-100,-100,100,-100,-100,-100
1782670138,0,4096,4096,0,0,0,0,0,0,24576,2073600,2073600,1080,11127,FULL,-100,-100,-100,-100,100,-100,-100,-100
1782670147,0,4096,4096,0,0,0,0,0,0,4096,2073600,2073600,1080,11127,FULL,100,-100,-100,-100,100,-100,-100,-100
1782670147,0,4096,4096,0,0,0,0,0,0,6144,2073600,2073600,1080,11127,FULL,100,-100,-100,-100,100,-100,-100,-100
1782670148,0,4096,4096,0,0,0,0,0,0,8192,2073600,2073600,1080,11127,FULL,100,-100,-100,-100,100,-100,-100,-100
1782670149,0,4096,4096,0,0,0,0,0,0,12288,2073600,2073600,1080,11127,FULL,100,-100,-100,-100,100,-100,-100,-100
1782670151,0,4096,4096,0,0,0,0,0,0,16384,2073600,2073600,1080,11127,FULL,100,-100,-100,-100,100,-100,-100,-100
1782670152,0,4096,4096,0,0,0,0,0,0,24576,2073600,2073600,1080,11127,FULL,100,-100,-100,-100,100,-100,-100,-100
1782670161,0,4096,4096,0,0,0,0,0,0,4096,2073600,2073600,1080,11127,FULL,-100,100,-100,-100,100,-100,-100,-100
1782670162,0,4096,4096,0,0,0,0,0,0,6144,2073600,2073600,1080,11127,FULL,-100,100,-100,-100,100,-100,-100,-100
1782670163,0,4096,4096,0,0,0,0,0,0,8192,2073600,2073600,1080,11127,FULL,-100,100,-100,-100,100,-100,-100,-100
1782670164,0,4096,4096,0,0,0,0,0,0,12288,2073600,2073600,1080,11127,FULL,-100,100,-100,-100,100,-100,-100,-100
1782670165,0,4096,4096,0,0,0,0,0,0,16384,455251,2073600,237,63887,short,-100,100,-100,-100,100,-100,-100,-100
1782670166,0,4096,4096,0,0,0,0,0,0,24576,455023,2073600,237,63200,short,-100,100,-100,-100,100,-100,-100,-100
1782670175,0,4096,4096,0,0,0,0,0,0,4096,2073600,2073600,1080,11538,FULL,100,100,-100,-100,100,-100,-100,-100
1782670176,0,4096,4096,0,0,0,0,0,0,6144,2073600,2073600,1080,11474,FULL,100,100,-100,-100,100,-100,-100,-100
1782670177,0,4096,4096,0,0,0,0,0,0,8192,2073600,2073600,1080,11487,FULL,100,100,-100,-100,100,-100,-100,-100
1782670178,0,4096,4096,0,0,0,0,0,0,12288,2073600,2073600,1080,11475,FULL,100,100,-100,-100,100,-100,-100,-100
1782670179,0,4096,4096,0,0,0,0,0,0,16384,2073600,2073600,1080,11466,FULL,100,100,-100,-100,100,-100,-100,-100
1782670180,0,4096,4096,0,0,0,0,0,0,24576,488520,2073600,254,29021,short,100,100,-100,-100,100,-100,-100,-100
1782670189,0,4096,4096,0,0,0,0,0,0,4096,2073600,2073600,1080,11127,FULL,-100,-100,100,-100,100,-100,-100,-100
1782670190,0,4096,4096,0,0,0,0,0,0,6144,2073600,2073600,1080,11127,FULL,-100,-100,100,-100,100,-100,-100,-100
1782670191,0,4096,4096,0,0,0,0,0,0,8192,2073600,2073600,1080,11127,FULL,-100,-100,100,-100,100,-100,-100,-100
1782670192,0,4096,4096,0,0,0,0,0,0,12288,2073600,2073600,1080,11127,FULL,-100,-100,100,-100,100,-100,-100,-100
1782670193,0,4096,4096,0,0,0,0,0,0,16384,2073600,2073600,1080,11127,FULL,-100,-100,100,-100,100,-100,-100,-100
1782670195,0,4096,4096,0,0,0,0,0,0,24576,2073600,2073600,1080,11127,FULL,-100,-100,100,-100,100,-100,-100,-100
1782670203,0,4096,4096,0,0,0,0,0,0,4096,2073600,2073600,1080,11127,FULL,100,-100,100,-100,100,-100,-100,-100
1782670204,0,4096,4096,0,0,0,0,0,0,6144,2073600,2073600,1080,11127,FULL,100,-100,100,-100,100,-100,-100,-100
1782670205,0,4096,4096,0,0,0,0,0,0,8192,2073600,2073600,1080,11127,FULL,100,-100,100,-100,100,-100,-100,-100
1782670206,0,4096,4096,0,0,0,0,0,0,12288,2073600,2073600,1080,11127,FULL,100,-100,100,-100,100,-100,-100,-100
1782670207,0,4096,4096,0,0,0,0,0,0,16384,2073600,2073600,1080,11127,FULL,100,-100,100,-100,100,-100,-100,-100
1782670209,0,4096,4096,0,0,0,0,0,0,24576,2073600,2073600,1080,11127,FULL,100,-100,100,-100,100,-100,-100,-100
1782670218,0,4096,4096,0,0,0,0,0,0,4096,2073600,2073600,1080,11127,FULL,-100,100,100,-100,100,-100,-100,-100
1782670218,0,4096,4096,0,0,0,0,0,0,6144,2073600,2073600,1080,11127,FULL,-100,100,100,-100,100,-100,-100,-100
1782670219,0,4096,4096,0,0,0,0,0,0,8192,2073600,2073600,1080,11127,FULL,-100,100,100,-100,100,-100,-100,-100
1782670220,0,4096,4096,0,0,0,0,0,0,12288,2073600,2073600,1080,11127,FULL,-100,100,100,-100,100,-100,-100,-100
1782670222,0,4096,4096,0,0,0,0,0,0,16384,2073600,2073600,1080,11127,FULL,-100,100,100,-100,100,-100,-100,-100
1782670223,0,4096,4096,0,0,0,0,0,0,24576,2073600,2073600,1080,11127,FULL,-100,100,100,-100,100,-100,-100,-100
1782670232,0,4096,4096,0,0,0,0,0,0,4096,2073600,2073600,1080,11506,FULL,100,100,100,-100,100,-100,-100,-100
1782670233,0,4096,4096,0,0,0,0,0,0,6144,2073600,2073600,1080,11534,FULL,100,100,100,-100,100,-100,-100,-100
1782670234,0,4096,4096,0,0,0,0,0,0,8192,2073600,2073600,1080,11472,FULL,100,100,100,-100,100,-100,-100,-100
1782670235,0,4096,4096,0,0,0,0,0,0,12288,2073600,2073600,1080,11482,FULL,100,100,100,-100,100,-100,-100,-100
1782670236,0,4096,4096,0,0,0,0,0,0,16384,2073600,2073600,1080,11467,FULL,100,100,100,-100,100,-100,-100,-100
1782670237,0,4096,4096,0,0,0,0,0,0,24576,2073600,2073600,1080,11467,FULL,100,100,100,-100,100,-100,-100,-100
1782670246,0,4096,4096,0,0,0,0,0,0,4096,2073600,2073600,1080,11127,FULL,-100,-100,-100,100,100,-100,-100,-100
1782670247,0,4096,4096,0,0,0,0,0,0,6144,2073600,2073600,1080,11127,FULL,-100,-100,-100,100,100,-100,-100,-100
1782670248,0,4096,4096,0,0,0,0,0,0,8192,2073600,2073600,1080,11127,FULL,-100,-100,-100,100,100,-100,-100,-100
1782670249,0,4096,4096,0,0,0,0,0,0,12288,2073600,2073600,1080,11127,FULL,-100,-100,-100,100,100,-100,-100,-100
1782670250,0,4096,4096,0,0,0,0,0,0,16384,2073600,2073600,1080,11127,FULL,-100,-100,-100,100,100,-100,-100,-100
1782670251,0,4096,4096,0,0,0,0,0,0,24576,2073600,2073600,1080,11127,FULL,-100,-100,-100,100,100,-100,-100,-100
1782670260,0,4096,4096,0,0,0,0,0,0,4096,2073600,2073600,1080,11127,FULL,100,-100,-100,100,100,-100,-100,-100
1782670261,0,4096,4096,0,0,0,0,0,0,6144,2073600,2073600,1080,11127,FULL,100,-100,-100,100,100,-100,-100,-100
1782670262,0,4096,4096,0,0,0,0,0,0,8192,2073600,2073600,1080,11127,FULL,100,-100,-100,100,100,-100,-100,-100
1782670263,0,4096,4096,0,0,0,0,0,0,12288,2073600,2073600,1080,11127,FULL,100,-100,-100,100,100,-100,-100,-100
1782670264,0,4096,4096,0,0,0,0,0,0,16384,2073600,2073600,1080,11127,FULL,100,-100,-100,100,100,-100,-100,-100
1782670266,0,4096,4096,0,0,0,0,0,0,24576,2073600,2073600,1080,11127,FULL,100,-100,-100,100,100,-100,-100,-100
1782670274,0,4096,4096,0,0,0,0,0,0,4096,2073600,2073600,1080,11127,FULL,-100,100,-100,100,100,-100,-100,-100
1782670275,0,4096,4096,0,0,0,0,0,0,6144,2073600,2073600,1080,11127,FULL,-100,100,-100,100,100,-100,-100,-100
1782670276,0,4096,4096,0,0,0,0,0,0,8192,2073600,2073600,1080,11127,FULL,-100,100,-100,100,100,-100,-100,-100
1782670277,0,4096,4096,0,0,0,0,0,0,12288,2073600,2073600,1080,11127,FULL,-100,100,-100,100,100,-100,-100,-100
1782670278,0,4096,4096,0,0,0,0,0,0,16384,2073600,2073600,1080,11127,FULL,-100,100,-100,100,100,-100,-100,-100
1782670280,0,4096,4096,0,0,0,0,0,0,24576,2073600,2073600,1080,11127,FULL,-100,100,-100,100,100,-100,-100,-100
1782670289,0,4096,4096,0,0,0,0,0,0,4096,2073600,2073600,1080,11280,FULL,100,100,-100,100,100,-100,-100,-100
1782670290,0,4096,4096,0,0,0,0,0,0,6144,2073600,2073600,1080,11298,FULL,100,100,-100,100,100,-100,-100,-100
1782670290,0,4096,4096,0,0,0,0,0,0,8192,2073600,2073600,1080,11293,FULL,100,100,-100,100,100,-100,-100,-100
1782670292,0,4096,4096,0,0,0,0,0,0,12288,2073600,2073600,1080,11273,FULL,100,100,-100,100,100,-100,-100,-100
1782670293,0,4096,4096,0,0,0,0,0,0,16384,2073600,2073600,1080,11277,FULL,100,100,-100,100,100,-100,-100,-100
1782670294,0,4096,4096,0,0,0,0,0,0,24576,2073600,2073600,1080,11301,FULL,100,100,-100,100,100,-100,-100,-100
1782670303,0,4096,4096,0,0,0,0,0,0,4096,2073600,2073600,1080,11127,FULL,-100,-100,100,100,100,-100,-100,-100
1782670304,0,4096,4096,0,0,0,0,0,0,6144,2073600,2073600,1080,11127,FULL,-100,-100,100,100,100,-100,-100,-100
1782670305,0,4096,4096,0,0,0,0,0,0,8192,2073600,2073600,1080,11127,FULL,-100,-100,100,100,100,-100,-100,-100
1782670306,0,4096,4096,0,0,0,0,0,0,12288,2073600,2073600,1080,11127,FULL,-100,-100,100,100,100,-100,-100,-100
1782670307,0,4096,4096,0,0,0,0,0,0,16384,2073600,2073600,1080,11127,FULL,-100,-100,100,100,100,-100,-100,-100
1782670308,0,4096,4096,0,0,0,0,0,0,24576,2073600,2073600,1080,11127,FULL,-100,-100,100,100,100,-100,-100,-100
1782670317,0,4096,4096,0,0,0,0,0,0,4096,2073600,2073600,1080,11127,FULL,100,-100,100,100,100,-100,-100,-100
1782670318,0,4096,4096,0,0,0,0,0,0,6144,2073600,2073600,1080,11127,FULL,100,-100,100,100,100,-100,-100,-100
1782670319,0,4096,4096,0,0,0,0,0,0,8192,2073600,2073600,1080,11127,FULL,100,-100,100,100,100,-100,-100,-100
1782670320,0,4096,4096,0,0,0,0,0,0,12288,2073600,2073600,1080,11127,FULL,100,-100,100,100,100,-100,-100,-100
1782670321,0,4096,4096,0,0,0,0,0,0,16384,2073600,2073600,1080,11127,FULL,100,-100,100,100,100,-100,-100,-100
1782670322,0,4096,4096,0,0,0,0,0,0,24576,2073600,2073600,1080,11127,FULL,100,-100,100,100,100,-100,-100,-100
1782670331,0,4096,4096,0,0,0,0,0,0,4096,2073600,2073600,1080,11127,FULL,-100,100,100,100,100,-100,-100,-100
1782670332,0,4096,4096,0,0,0,0,0,0,6144,2073600,2073600,1080,11127,FULL,-100,100,100,100,100,-100,-100,-100
1782670333,0,4096,4096,0,0,0,0,0,0,8192,2073600,2073600,1080,11127,FULL,-100,100,100,100,100,-100,-100,-100
1782670334,0,4096,4096,0,0,0,0,0,0,12288,2073600,2073600,1080,11127,FULL,-100,100,100,100,100,-100,-100,-100
1782670335,0,4096,4096,0,0,0,0,0,0,16384,2073600,2073600,1080,11127,FULL,-100,100,100,100,100,-100,-100,-100
1782670337,0,4096,4096,0,0,0,0,0,0,24576,2073600,2073600,1080,11127,FULL,-100,100,100,100,100,-100,-100,-100
1782670345,0,4096,4096,0,0,0,0,0,0,4096,2073600,2073600,1080,11275,FULL,100,100,100,100,100,-100,-100,-100
1782670346,0,4096,4096,0,0,0,0,0,0,6144,2073600,2073600,1080,11274,FULL,100,100,100,100,100,-100,-100,-100
1782670347,0,4096,4096,0,0,0,0,0,0,8192,2073600,2073600,1080,11276,FULL,100,100,100,100,100,-100,-100,-100
1782670348,0,4096,4096,0,0,0,0,0,0,12288,2073600,2073600,1080,11299,FULL,100,100,100,100,100,-100,-100,-100
1782670350,0,4096,4096,0,0,0,0,0,0,16384,2073600,2073600,1080,11276,FULL,100,100,100,100,100,-100,-100,-100
1782670351,0,4096,4096,0,0,0,0,0,0,24576,2073600,2073600,1080,11272,FULL,100,100,100,100,100,-100,-100,-100
1782670360,0,4096,4096,0,0,0,0,0,0,4096,2073600,2073600,1080,11127,FULL,-100,-100,-100,-100,-100,100,-100,-100
1782670361,0,4096,4096,0,0,0,0,0,0,6144,2073600,2073600,1080,11127,FULL,-100,-100,-100,-100,-100,100,-100,-100
1782670361,0,4096,4096,0,0,0,0,0,0,8192,2073600,2073600,1080,11127,FULL,-100,-100,-100,-100,-100,100,-100,-100
1782670363,0,4096,4096,0,0,0,0,0,0,12288,2073600,2073600,1080,11127,FULL,-100,-100,-100,-100,-100,100,-100,-100
1782670364,0,4096,4096,0,0,0,0,0,0,16384,2073600,2073600,1080,11127,FULL,-100,-100,-100,-100,-100,100,-100,-100
1782670365,0,4096,4096,0,0,0,0,0,0,24576,602679,2073600,314,29915,short,-100,-100,-100,-100,-100,100,-100,-100
1782670374,0,4096,4096,0,0,0,0,0,0,4096,2073600,2073600,1080,11127,FULL,100,-100,-100,-100,-100,100,-100,-100
1782670375,0,4096,4096,0,0,0,0,0,0,6144,2073600,2073600,1080,11127,FULL,100,-100,-100,-100,-100,100,-100,-100
1782670376,0,4096,4096,0,0,0,0,0,0,8192,2073600,2073600,1080,11127,FULL,100,-100,-100,-100,-100,100,-100,-100
1782670377,0,4096,4096,0,0,0,0,0,0,12288,2073600,2073600,1080,11127,FULL,100,-100,-100,-100,-100,100,-100,-100
1782670378,0,4096,4096,0,0,0,0,0,0,16384,640930,2073600,333,54184,short,100,-100,-100,-100,-100,100,-100,-100
1782670379,0,4096,4096,0,0,0,0,0,0,24576,640806,2073600,333,57575,short,100,-100,-100,-100,-100,100,-100,-100
1782670388,0,4096,4096,0,0,0,0,0,0,4096,2073600,2073600,1080,11127,FULL,-100,100,-100,-100,-100,100,-100,-100
1782670389,0,4096,4096,0,0,0,0,0,0,6144,2073600,2073600,1080,11127,FULL,-100,100,-100,-100,-100,100,-100,-100
1782670390,0,4096,4096,0,0,0,0,0,0,8192,2073600,2073600,1080,11127,FULL,-100,100,-100,-100,-100,100,-100,-100
1782670391,0,4096,4096,0,0,0,0,0,0,12288,2073600,2073600,1080,11127,FULL,-100,100,-100,-100,-100,100,-100,-100
1782670392,0,4096,4096,0,0,0,0,0,0,16384,2073600,2073600,1080,11127,FULL,-100,100,-100,-100,-100,100,-100,-100
1782670394,0,4096,4096,0,0,0,0,0,0,24576,2073600,2073600,1080,11127,FULL,-100,100,-100,-100,-100,100,-100,-100
1782670402,0,4096,4096,0,0,0,0,0,0,4096,2073600,2073600,1080,11291,FULL,100,100,-100,-100,-100,100,-100,-100
1782670403,0,4096,4096,0,0,0,0,0,0,6144,2073600,2073600,1080,11314,FULL,100,100,-100,-100,-100,100,-100,-100
1782670404,0,4096,4096,0,0,0,0,0,0,8192,2073600,2073600,1080,11276,FULL,100,100,-100,-100,-100,100,-100,-100
1782670405,0,4096,4096,0,0,0,0,0,0,12288,2073600,2073600,1080,11273,FULL,100,100,-100,-100,-100,100,-100,-100
1782670406,0,4096,4096,0,0,0,0,0,0,16384,2073600,2073600,1080,11287,FULL,100,100,-100,-100,-100,100,-100,-100
1782670408,0,4096,4096,0,0,0,0,0,0,24576,423666,2073600,220,22486,short,100,100,-100,-100,-100,100,-100,-100
1782670417,0,4096,4096,0,0,0,0,0,0,4096,2073600,2073600,1080,11127,FULL,-100,-100,100,-100,-100,100,-100,-100
1782670417,0,4096,4096,0,0,0,0,0,0,6144,2073600,2073600,1080,11127,FULL,-100,-100,100,-100,-100,100,-100,-100
1782670418,0,4096,4096,0,0,0,0,0,0,8192,2073600,2073600,1080,11127,FULL,-100,-100,100,-100,-100,100,-100,-100
1782670419,0,4096,4096,0,0,0,0,0,0,12288,2073600,2073600,1080,11127,FULL,-100,-100,100,-100,-100,100,-100,-100
1782670421,0,4096,4096,0,0,0,0,0,0,16384,2073600,2073600,1080,11127,FULL,-100,-100,100,-100,-100,100,-100,-100
1782670422,0,4096,4096,0,0,0,0,0,0,24576,650402,2073600,339,46388,short,-100,-100,100,-100,-100,100,-100,-100
1782670431,0,4096,4096,0,0,0,0,0,0,4096,2073600,2073600,1080,11127,FULL,100,-100,100,-100,-100,100,-100,-100
1782670432,0,4096,4096,0,0,0,0,0,0,6144,2073600,2073600,1080,11127,FULL,100,-100,100,-100,-100,100,-100,-100
1782670433,0,4096,4096,0,0,0,0,0,0,8192,2073600,2073600,1080,11127,FULL,100,-100,100,-100,-100,100,-100,-100
1782670434,0,4096,4096,0,0,0,0,0,0,12288,2073600,2073600,1080,11127,FULL,100,-100,100,-100,-100,100,-100,-100
1782670435,0,4096,4096,0,0,0,0,0,0,16384,2073600,2073600,1080,11127,FULL,100,-100,100,-100,-100,100,-100,-100
1782670436,0,4096,4096,0,0,0,0,0,0,24576,687381,2073600,357,7300,short,100,-100,100,-100,-100,100,-100,-100
1782670445,0,4096,4096,0,0,0,0,0,0,4096,2073600,2073600,1080,11127,FULL,-100,100,100,-100,-100,100,-100,-100
1782670446,0,4096,4096,0,0,0,0,0,0,6144,2073600,2073600,1080,11127,FULL,-100,100,100,-100,-100,100,-100,-100
1782670447,0,4096,4096,0,0,0,0,0,0,8192,2073600,2073600,1080,11127,FULL,-100,100,100,-100,-100,100,-100,-100
1782670448,0,4096,4096,0,0,0,0,0,0,12288,2073600,2073600,1080,11127,FULL,-100,100,100,-100,-100,100,-100,-100
1782670449,0,4096,4096,0,0,0,0,0,0,16384,2073600,2073600,1080,11127,FULL,-100,100,100,-100,-100,100,-100,-100
1782670450,0,4096,4096,0,0,0,0,0,0,24576,413231,2073600,216,33620,short,-100,100,100,-100,-100,100,-100,-100
1782670459,0,4096,4096,0,0,0,0,0,0,4096,2073600,2073600,1080,11282,FULL,100,100,100,-100,-100,100,-100,-100
1782670460,0,4096,4096,0,0,0,0,0,0,6144,2073600,2073600,1080,11278,FULL,100,100,100,-100,-100,100,-100,-100
1782670461,0,4096,4096,0,0,0,0,0,0,8192,2073600,2073600,1080,11275,FULL,100,100,100,-100,-100,100,-100,-100
1782670462,0,4096,4096,0,0,0,0,0,0,12288,2073600,2073600,1080,11276,FULL,100,100,100,-100,-100,100,-100,-100
1782670463,0,4096,4096,0,0,0,0,0,0,16384,2073600,2073600,1080,11281,FULL,100,100,100,-100,-100,100,-100,-100
1782670465,0,4096,4096,0,0,0,0,0,0,24576,510747,2073600,266,61262,short,100,100,100,-100,-100,100,-100,-100
1782670473,0,4096,4096,0,0,0,0,0,0,4096,2073600,2073600,1080,11127,FULL,-100,-100,-100,100,-100,100,-100,-100
1782670474,0,4096,4096,0,0,0,0,0,0,6144,2073600,2073600,1080,11127,FULL,-100,-100,-100,100,-100,100,-100,-100
1782670475,0,4096,4096,0,0,0,0,0,0,8192,2073600,2073600,1080,11127,FULL,-100,-100,-100,100,-100,100,-100,-100
1782670476,0,4096,4096,0,0,0,0,0,0,12288,2073600,2073600,1080,11127,FULL,-100,-100,-100,100,-100,100,-100,-100
1782670477,0,4096,4096,0,0,0,0,0,0,16384,2073600,2073600,1080,11127,FULL,-100,-100,-100,100,-100,100,-100,-100
1782670479,0,4096,4096,0,0,0,0,0,0,24576,483833,2073600,252,32473,short,-100,-100,-100,100,-100,100,-100,-100
1782670488,0,4096,4096,0,0,0,0,0,0,4096,2073600,2073600,1080,11127,FULL,100,-100,-100,100,-100,100,-100,-100
1782670488,0,4096,4096,0,0,0,0,0,0,6144,2073600,2073600,1080,11127,FULL,100,-100,-100,100,-100,100,-100,-100
1782670489,0,4096,4096,0,0,0,0,0,0,8192,2073600,2073600,1080,11127,FULL,100,-100,-100,100,-100,100,-100,-100
1782670490,0,4096,4096,0,0,0,0,0,0,12288,2073600,2073600,1080,11127,FULL,100,-100,-100,100,-100,100,-100,-100
1782670492,0,4096,4096,0,0,0,0,0,0,16384,2073600,2073600,1080,11127,FULL,100,-100,-100,100,-100,100,-100,-100
1782670493,0,4096,4096,0,0,0,0,0,0,24576,495582,2073600,258,16834,short,100,-100,-100,100,-100,100,-100,-100
1782670502,0,4096,4096,0,0,0,0,0,0,4096,2073600,2073600,1080,11127,FULL,-100,100,-100,100,-100,100,-100,-100
1782670503,0,4096,4096,0,0,0,0,0,0,6144,2073600,2073600,1080,11127,FULL,-100,100,-100,100,-100,100,-100,-100
1782670504,0,4096,4096,0,0,0,0,0,0,8192,2073600,2073600,1080,11127,FULL,-100,100,-100,100,-100,100,-100,-100
1782670505,0,4096,4096,0,0,0,0,0,0,12288,2073600,2073600,1080,11127,FULL,-100,100,-100,100,-100,100,-100,-100
1782670506,0,4096,4096,0,0,0,0,0,0,16384,2073600,2073600,1080,11127,FULL,-100,100,-100,100,-100,100,-100,-100
1782670507,0,4096,4096,0,0,0,0,0,0,24576,2073600,2073600,1080,11127,FULL,-100,100,-100,100,-100,100,-100,-100
1782670516,0,4096,4096,0,0,0,0,0,0,4096,2073600,2073600,1080,11275,FULL,100,100,-100,100,-100,100,-100,-100
1782670517,0,4096,4096,0,0,0,0,0,0,6144,2073600,2073600,1080,11279,FULL,100,100,-100,100,-100,100,-100,-100
1782670518,0,4096,4096,0,0,0,0,0,0,8192,2073600,2073600,1080,11289,FULL,100,100,-100,100,-100,100,-100,-100
1782670519,0,4096,4096,0,0,0,0,0,0,12288,2073600,2073600,1080,11277,FULL,100,100,-100,100,-100,100,-100,-100
1782670520,0,4096,4096,0,0,0,0,0,0,16384,2073600,2073600,1080,11279,FULL,100,100,-100,100,-100,100,-100,-100
1782670521,0,4096,4096,0,0,0,0,0,0,24576,2073600,2073600,1080,0,FULL,100,100,-100,100,-100,100,-100,-100
1782670530,0,4096,4096,0,0,0,0,0,0,4096,2073600,2073600,1080,11127,FULL,-100,-100,100,100,-100,100,-100,-100
1782670531,0,4096,4096,0,0,0,0,0,0,6144,2073600,2073600,1080,11127,FULL,-100,-100,100,100,-100,100,-100,-100
1782670532,0,4096,4096,0,0,0,0,0,0,8192,2073600,2073600,1080,11127,FULL,-100,-100,100,100,-100,100,-100,-100
1782670533,0,4096,4096,0,0,0,0,0,0,12288,2073600,2073600,1080,11127,FULL,-100,-100,100,100,-100,100,-100,-100
1782670534,0,4096,4096,0,0,0,0,0,0,16384,2073600,2073600,1080,11127,FULL,-100,-100,100,100,-100,100,-100,-100
1782670536,0,4096,4096,0,0,0,0,0,0,24576,503033,2073600,261,11541,short,-100,-100,100,100,-100,100,-100,-100
1782670544,0,4096,4096,0,0,0,0,0,0,4096,2073600,2073600,1080,11127,FULL,100,-100,100,100,-100,100,-100,-100
1782670545,0,4096,4096,0,0,0,0,0,0,6144,2073600,2073600,1080,11127,FULL,100,-100,100,100,-100,100,-100,-100
1782670546,0,4096,4096,0,0,0,0,0,0,8192,2073600,2073600,1080,11127,FULL,100,-100,100,100,-100,100,-100,-100
1782670547,0,4096,4096,0,0,0,0,0,0,12288,2073600,2073600,1080,11127,FULL,100,-100,100,100,-100,100,-100,-100
1782670548,0,4096,4096,0,0,0,0,0,0,16384,2073600,2073600,1080,11127,FULL,100,-100,100,100,-100,100,-100,-100
1782670550,0,4096,4096,0,0,0,0,0,0,24576,590082,2073600,307,51671,short,100,-100,100,100,-100,100,-100,-100
1782670559,0,4096,4096,0,0,0,0,0,0,4096,2073600,2073600,1080,11127,FULL,-100,100,100,100,-100,100,-100,-100
1782670560,0,4096,4096,0,0,0,0,0,0,6144,2073600,2073600,1080,11127,FULL,-100,100,100,100,-100,100,-100,-100
1782670561,0,4096,4096,0,0,0,0,0,0,8192,2073600,2073600,1080,11127,FULL,-100,100,100,100,-100,100,-100,-100
1782670562,0,4096,4096,0,0,0,0,0,0,12288,2073600,2073600,1080,11127,FULL,-100,100,100,100,-100,100,-100,-100
1782670563,0,4096,4096,0,0,0,0,0,0,16384,2073600,2073600,1080,11127,FULL,-100,100,100,100,-100,100,-100,-100
1782670564,0,4096,4096,0,0,0,0,0,0,24576,352744,2073600,183,31992,short,-100,100,100,100,-100,100,-100,-100
1782670573,0,4096,4096,0,0,0,0,0,0,4096,2073600,2073600,1080,11278,FULL,100,100,100,100,-100,100,-100,-100
1782670574,0,4096,4096,0,0,0,0,0,0,6144,2073600,2073600,1080,11302,FULL,100,100,100,100,-100,100,-100,-100
1782670575,0,4096,4096,0,0,0,0,0,0,8192,2073600,2073600,1080,11284,FULL,100,100,100,100,-100,100,-100,-100
1782670576,0,4096,4096,0,0,0,0,0,0,12288,2073600,2073600,1080,11274,FULL,100,100,100,100,-100,100,-100,-100
1782670577,0,4096,4096,0,0,0,0,0,0,16384,2073600,2073600,1080,11278,FULL,100,100,100,100,-100,100,-100,-100
1782670578,0,4096,4096,0,0,0,0,0,0,24576,377005,2073600,196,2522,short,100,100,100,100,-100,100,-100,-100
1782670587,0,4096,4096,0,0,0,0,0,0,4096,2073600,2073600,1080,11127,FULL,-100,-100,-100,-100,100,100,-100,-100
1782670588,0,4096,4096,0,0,0,0,0,0,6144,2073600,2073600,1080,11127,FULL,-100,-100,-100,-100,100,100,-100,-100
1782670589,0,4096,4096,0,0,0,0,0,0,8192,2073600,2073600,1080,11127,FULL,-100,-100,-100,-100,100,100,-100,-100
1782670590,0,4096,4096,0,0,0,0,0,0,12288,2073600,2073600,1080,11127,FULL,-100,-100,-100,-100,100,100,-100,-100
1782670591,0,4096,4096,0,0,0,0,0,0,16384,2073600,2073600,1080,11127,FULL,-100,-100,-100,-100,100,100,-100,-100
1782670592,0,4096,4096,0,0,0,0,0,0,24576,603882,2073600,314,27159,short,-100,-100,-100,-100,100,100,-100,-100
1782670601,0,4096,4096,0,0,0,0,0,0,4096,2073600,2073600,1080,11127,FULL,100,-100,-100,-100,100,100,-100,-100
1782670602,0,4096,4096,0,0,0,0,0,0,6144,2073600,2073600,1080,11127,FULL,100,-100,-100,-100,100,100,-100,-100
1782670603,0,4096,4096,0,0,0,0,0,0,8192,2073600,2073600,1080,11127,FULL,100,-100,-100,-100,100,100,-100,-100
1782670604,0,4096,4096,0,0,0,0,0,0,12288,2073600,2073600,1080,11127,FULL,100,-100,-100,-100,100,100,-100,-100
1782670605,0,4096,4096,0,0,0,0,0,0,16384,2073600,2073600,1080,11127,FULL,100,-100,-100,-100,100,100,-100,-100
1782670607,0,4096,4096,0,0,0,0,0,0,24576,2073600,2073600,1080,11127,FULL,100,-100,-100,-100,100,100,-100,-100
1782670615,0,4096,4096,0,0,0,0,0,0,4096,2073600,2073600,1080,11127,FULL,-100,100,-100,-100,100,100,-100,-100
1782670616,0,4096,4096,0,0,0,0,0,0,6144,2073600,2073600,1080,11127,FULL,-100,100,-100,-100,100,100,-100,-100
1782670617,0,4096,4096,0,0,0,0,0,0,8192,2073600,2073600,1080,11127,FULL,-100,100,-100,-100,100,100,-100,-100
1782670618,0,4096,4096,0,0,0,0,0,0,12288,2073600,2073600,1080,11127,FULL,-100,100,-100,-100,100,100,-100,-100
1782670620,0,4096,4096,0,0,0,0,0,0,16384,2073600,2073600,1080,11127,FULL,-100,100,-100,-100,100,100,-100,-100
1782670621,0,4096,4096,0,0,0,0,0,0,24576,401663,2073600,209,48960,short,-100,100,-100,-100,100,100,-100,-100
1782670630,0,4096,4096,0,0,0,0,0,0,4096,2073600,2073600,1080,11281,FULL,100,100,-100,-100,100,100,-100,-100
1782670631,0,4096,4096,0,0,0,0,0,0,6144,2073600,2073600,1080,11279,FULL,100,100,-100,-100,100,100,-100,-100
1782670632,0,4096,4096,0,0,0,0,0,0,8192,2073600,2073600,1080,11275,FULL,100,100,-100,-100,100,100,-100,-100
1782670633,0,4096,4096,0,0,0,0,0,0,12288,2073600,2073600,1080,11284,FULL,100,100,-100,-100,100,100,-100,-100
1782670634,0,4096,4096,0,0,0,0,0,0,16384,2073600,2073600,1080,11282,FULL,100,100,-100,-100,100,100,-100,-100
1782670635,0,4096,4096,0,0,0,0,0,0,24576,2073600,2073600,1080,11282,FULL,100,100,-100,-100,100,100,-100,-100
1782670644,0,4096,4096,0,0,0,0,0,0,4096,2073600,2073600,1080,11127,FULL,-100,-100,100,-100,100,100,-100,-100
1782670645,0,4096,4096,0,0,0,0,0,0,6144,2073600,2073600,1080,11127,FULL,-100,-100,100,-100,100,100,-100,-100
1782670646,0,4096,4096,0,0,0,0,0,0,8192,2073600,2073600,1080,11127,FULL,-100,-100,100,-100,100,100,-100,-100
1782670647,0,4096,4096,0,0,0,0,0,0,12288,2073600,2073600,1080,11127,FULL,-100,-100,100,-100,100,100,-100,-100
1782670648,0,4096,4096,0,0,0,0,0,0,16384,2073600,2073600,1080,11127,FULL,-100,-100,100,-100,100,100,-100,-100
1782670649,0,4096,4096,0,0,0,0,0,0,24576,2073600,2073600,1080,11127,FULL,-100,-100,100,-100,100,100,-100,-100
1782670658,0,4096,4096,0,0,0,0,0,0,4096,2073600,2073600,1080,11127,FULL,100,-100,100,-100,100,100,-100,-100
1782670659,0,4096,4096,0,0,0,0,0,0,6144,2073600,2073600,1080,11127,FULL,100,-100,100,-100,100,100,-100,-100
1782670660,0,4096,4096,0,0,0,0,0,0,8192,2073600,2073600,1080,11127,FULL,100,-100,100,-100,100,100,-100,-100
1782670661,0,4096,4096,0,0,0,0,0,0,12288,2073600,2073600,1080,11127,FULL,100,-100,100,-100,100,100,-100,-100
1782670662,0,4096,4096,0,0,0,0,0,0,16384,2073600,2073600,1080,11127,FULL,100,-100,100,-100,100,100,-100,-100
1782670664,0,4096,4096,0,0,0,0,0,0,24576,2073600,2073600,1080,11127,FULL,100,-100,100,-100,100,100,-100,-100
1782670672,0,4096,4096,0,0,0,0,0,0,4096,2073600,2073600,1080,11127,FULL,-100,100,100,-100,100,100,-100,-100
1782670673,0,4096,4096,0,0,0,0,0,0,6144,2073600,2073600,1080,11127,FULL,-100,100,100,-100,100,100,-100,-100
1782670674,0,4096,4096,0,0,0,0,0,0,8192,2073600,2073600,1080,11127,FULL,-100,100,100,-100,100,100,-100,-100
1782670675,0,4096,4096,0,0,0,0,0,0,12288,2073600,2073600,1080,11127,FULL,-100,100,100,-100,100,100,-100,-100
1782670676,0,4096,4096,0,0,0,0,0,0,16384,2073600,2073600,1080,11127,FULL,-100,100,100,-100,100,100,-100,-100
1782670678,0,4096,4096,0,0,0,0,0,0,24576,2073600,2073600,1080,11127,FULL,-100,100,100,-100,100,100,-100,-100
1782670687,0,4096,4096,0,0,0,0,0,0,4096,2073600,2073600,1080,11471,FULL,100,100,100,-100,100,100,-100,-100
1782670687,0,4096,4096,0,0,0,0,0,0,6144,2073600,2073600,1080,11496,FULL,100,100,100,-100,100,100,-100,-100
1782670688,0,4096,4096,0,0,0,0,0,0,8192,2073600,2073600,1080,11500,FULL,100,100,100,-100,100,100,-100,-100
1782670690,0,4096,4096,0,0,0,0,0,0,12288,2073600,2073600,1080,11479,FULL,100,100,100,-100,100,100,-100,-100
1782670691,0,4096,4096,0,0,0,0,0,0,16384,2073600,2073600,1080,11484,FULL,100,100,100,-100,100,100,-100,-100
1782670692,0,4096,4096,0,0,0,0,0,0,24576,2073600,2073600,1080,11497,FULL,100,100,100,-100,100,100,-100,-100
1782670701,0,4096,4096,0,0,0,0,0,0,4096,2073600,2073600,1080,11127,FULL,-100,-100,-100,100,100,100,-100,-100
1782670702,0,4096,4096,0,0,0,0,0,0,6144,2073600,2073600,1080,11127,FULL,-100,-100,-100,100,100,100,-100,-100
1782670703,0,4096,4096,0,0,0,0,0,0,8192,2073600,2073600,1080,11127,FULL,-100,-100,-100,100,100,100,-100,-100
1782670704,0,4096,4096,0,0,0,0,0,0,12288,2073600,2073600,1080,11127,FULL,-100,-100,-100,100,100,100,-100,-100
1782670705,0,4096,4096,0,0,0,0,0,0,16384,2073600,2073600,1080,11127,FULL,-100,-100,-100,100,100,100,-100,-100
1782670706,0,4096,4096,0,0,0,0,0,0,24576,2073600,2073600,1080,11127,FULL,-100,-100,-100,100,100,100,-100,-100
1782670715,0,4096,4096,0,0,0,0,0,0,4096,2073600,2073600,1080,11127,FULL,100,-100,-100,100,100,100,-100,-100
1782670716,0,4096,4096,0,0,0,0,0,0,6144,2073600,2073600,1080,11127,FULL,100,-100,-100,100,100,100,-100,-100
1782670717,0,4096,4096,0,0,0,0,0,0,8192,2073600,2073600,1080,11127,FULL,100,-100,-100,100,100,100,-100,-100
1782670718,0,4096,4096,0,0,0,0,0,0,12288,2073600,2073600,1080,11127,FULL,100,-100,-100,100,100,100,-100,-100
1782670719,0,4096,4096,0,0,0,0,0,0,16384,2073600,2073600,1080,11127,FULL,100,-100,-100,100,100,100,-100,-100
1782670720,0,4096,4096,0,0,0,0,0,0,24576,2073600,2073600,1080,0,FULL,100,-100,-100,100,100,100,-100,-100
1782670729,0,4096,4096,0,0,0,0,0,0,4096,2073600,2073600,1080,11127,FULL,-100,100,-100,100,100,100,-100,-100
1782670730,0,4096,4096,0,0,0,0,0,0,6144,2073600,2073600,1080,11127,FULL,-100,100,-100,100,100,100,-100,-100
1782670731,0,4096,4096,0,0,0,0,0,0,8192,2073600,2073600,1080,11127,FULL,-100,100,-100,100,100,100,-100,-100
1782670732,0,4096,4096,0,0,0,0,0,0,12288,2073600,2073600,1080,11127,FULL,-100,100,-100,100,100,100,-100,-100
1782670733,0,4096,4096,0,0,0,0,0,0,16384,2073600,2073600,1080,11127,FULL,-100,100,-100,100,100,100,-100,-100
1782670735,0,4096,4096,0,0,0,0,0,0,24576,2073600,2073600,1080,11127,FULL,-100,100,-100,100,100,100,-100,-100
1782670743,0,4096,4096,0,0,0,0,0,0,4096,2073600,2073600,1080,11700,FULL,100,100,-100,100,100,100,-100,-100
1782670744,0,4096,4096,0,0,0,0,0,0,6144,2073600,2073600,1080,11680,FULL,100,100,-100,100,100,100,-100,-100
1782670745,0,4096,4096,0,0,0,0,0,0,8192,2073600,2073600,1080,11676,FULL,100,100,-100,100,100,100,-100,-100
1782670746,0,4096,4096,0,0,0,0,0,0,12288,2073600,2073600,1080,11735,FULL,100,100,-100,100,100,100,-100,-100
1782670747,0,4096,4096,0,0,0,0,0,0,16384,2073600,2073600,1080,11663,FULL,100,100,-100,100,100,100,-100,-100
1782670749,0,4096,4096,0,0,0,0,0,0,24576,2073600,2073600,1080,11673,FULL,100,100,-100,100,100,100,-100,-100
1782670758,0,4096,4096,0,0,0,0,0,0,4096,2073600,2073600,1080,11127,FULL,-100,-100,100,100,100,100,-100,-100
1782670759,0,4096,4096,0,0,0,0,0,0,6144,2073600,2073600,1080,11127,FULL,-100,-100,100,100,100,100,-100,-100
1782670759,0,4096,4096,0,0,0,0,0,0,8192,2073600,2073600,1080,11127,FULL,-100,-100,100,100,100,100,-100,-100
1782670761,0,4096,4096,0,0,0,0,0,0,12288,2073600,2073600,1080,11127,FULL,-100,-100,100,100,100,100,-100,-100
1782670762,0,4096,4096,0,0,0,0,0,0,16384,2073600,2073600,1080,11127,FULL,-100,-100,100,100,100,100,-100,-100
1782670763,0,4096,4096,0,0,0,0,0,0,24576,2073600,2073600,1080,11127,FULL,-100,-100,100,100,100,100,-100,-100
1782670772,0,4096,4096,0,0,0,0,0,0,4096,2073600,2073600,1080,11127,FULL,100,-100,100,100,100,100,-100,-100
1782670773,0,4096,4096,0,0,0,0,0,0,6144,2073600,2073600,1080,11127,FULL,100,-100,100,100,100,100,-100,-100
1782670774,0,4096,4096,0,0,0,0,0,0,8192,2073600,2073600,1080,11127,FULL,100,-100,100,100,100,100,-100,-100
1782670775,0,4096,4096,0,0,0,0,0,0,12288,2073600,2073600,1080,11127,FULL,100,-100,100,100,100,100,-100,-100
1782670776,0,4096,4096,0,0,0,0,0,0,16384,2073600,2073600,1080,11127,FULL,100,-100,100,100,100,100,-100,-100
1782670777,0,4096,4096,0,0,0,0,0,0,24576,2073600,2073600,1080,0,FULL,100,-100,100,100,100,100,-100,-100
1782670786,0,4096,4096,0,0,0,0,0,0,4096,2073600,2073600,1080,11127,FULL,-100,100,100,100,100,100,-100,-100
1782670787,0,4096,4096,0,0,0,0,0,0,6144,2073600,2073600,1080,11127,FULL,-100,100,100,100,100,100,-100,-100
1782670788,0,4096,4096,0,0,0,0,0,0,8192,2073600,2073600,1080,11127,FULL,-100,100,100,100,100,100,-100,-100
1782670789,0,4096,4096,0,0,0,0,0,0,12288,2073600,2073600,1080,11127,FULL,-100,100,100,100,100,100,-100,-100
1782670790,0,4096,4096,0,0,0,0,0,0,16384,2073600,2073600,1080,11127,FULL,-100,100,100,100,100,100,-100,-100
1782670791,0,4096,4096,0,0,0,0,0,0,24576,2073600,2073600,1080,11127,FULL,-100,100,100,100,100,100,-100,-100
1782670800,0,4096,4096,0,0,0,0,0,0,4096,2073600,2073600,1080,11303,FULL,100,100,100,100,100,100,-100,-100
1782670801,0,4096,4096,0,0,0,0,0,0,6144,2073600,2073600,1080,11280,FULL,100,100,100,100,100,100,-100,-100
1782670802,0,4096,4096,0,0,0,0,0,0,8192,2073600,2073600,1080,11282,FULL,100,100,100,100,100,100,-100,-100
1782670803,0,4096,4096,0,0,0,0,0,0,12288,2073600,2073600,1080,11278,FULL,100,100,100,100,100,100,-100,-100
1782670804,0,4096,4096,0,0,0,0,0,0,16384,2073600,2073600,1080,11318,FULL,100,100,100,100,100,100,-100,-100
1782670806,0,4096,4096,0,0,0,0,0,0,24576,2073600,2073600,1080,11282,FULL,100,100,100,100,100,100,-100,-100
1782670814,0,4096,4096,0,0,0,0,0,0,4096,2073600,2073600,1080,11127,FULL,-100,-100,-100,-100,-100,-100,100,-100
1782670815,0,4096,4096,0,0,0,0,0,0,6144,2073600,2073600,1080,11127,FULL,-100,-100,-100,-100,-100,-100,100,-100
1782670816,0,4096,4096,0,0,0,0,0,0,8192,2073600,2073600,1080,11127,FULL,-100,-100,-100,-100,-100,-100,100,-100
1782670817,0,4096,4096,0,0,0,0,0,0,12288,2073600,2073600,1080,11127,FULL,-100,-100,-100,-100,-100,-100,100,-100
1782670818,0,4096,4096,0,0,0,0,0,0,16384,2073600,2073600,1080,11127,FULL,-100,-100,-100,-100,-100,-100,100,-100
1782670820,0,4096,4096,0,0,0,0,0,0,24576,2073600,2073600,1080,11127,FULL,-100,-100,-100,-100,-100,-100,100,-100
1782670829,0,4096,4096,0,0,0,0,0,0,4096,2073600,2073600,1080,11127,FULL,100,-100,-100,-100,-100,-100,100,-100
1782670830,0,4096,4096,0,0,0,0,0,0,6144,2073600,2073600,1080,11127,FULL,100,-100,-100,-100,-100,-100,100,-100
1782670831,0,4096,4096,0,0,0,0,0,0,8192,2073600,2073600,1080,11127,FULL,100,-100,-100,-100,-100,-100,100,-100
1782670832,0,4096,4096,0,0,0,0,0,0,12288,2073600,2073600,1080,11127,FULL,100,-100,-100,-100,-100,-100,100,-100
1782670833,0,4096,4096,0,0,0,0,0,0,16384,2073600,2073600,1080,11127,FULL,100,-100,-100,-100,-100,-100,100,-100
1782670834,0,4096,4096,0,0,0,0,0,0,24576,2073600,2073600,1080,11127,FULL,100,-100,-100,-100,-100,-100,100,-100
1782670843,0,4096,4096,0,0,0,0,0,0,4096,2073600,2073600,1080,11127,FULL,-100,100,-100,-100,-100,-100,100,-100
1782670844,0,4096,4096,0,0,0,0,0,0,6144,2073600,2073600,1080,11127,FULL,-100,100,-100,-100,-100,-100,100,-100
1782670845,0,4096,4096,0,0,0,0,0,0,8192,2073600,2073600,1080,11127,FULL,-100,100,-100,-100,-100,-100,100,-100
1782670846,0,4096,4096,0,0,0,0,0,0,12288,2073600,2073600,1080,11127,FULL,-100,100,-100,-100,-100,-100,100,-100
1782670847,0,4096,4096,0,0,0,0,0,0,16384,2073600,2073600,1080,11127,FULL,-100,100,-100,-100,-100,-100,100,-100
1782670848,0,4096,4096,0,0,0,0,0,0,24576,453143,2073600,236,3099,short,-100,100,-100,-100,-100,-100,100,-100
1782670857,0,4096,4096,0,0,0,0,0,0,4096,2073600,2073600,1080,11278,FULL,100,100,-100,-100,-100,-100,100,-100
1782670858,0,4096,4096,0,0,0,0,0,0,6144,2073600,2073600,1080,11278,FULL,100,100,-100,-100,-100,-100,100,-100
1782670859,0,4096,4096,0,0,0,0,0,0,8192,2073600,2073600,1080,11309,FULL,100,100,-100,-100,-100,-100,100,-100
1782670860,0,4096,4096,0,0,0,0,0,0,12288,2073600,2073600,1080,11273,FULL,100,100,-100,-100,-100,-100,100,-100
1782670861,0,4096,4096,0,0,0,0,0,0,16384,2073600,2073600,1080,11285,FULL,100,100,-100,-100,-100,-100,100,-100
1782670863,0,4096,4096,0,0,0,0,0,0,24576,505305,2073600,263,4924,short,100,100,-100,-100,-100,-100,100,-100
1782670871,0,4096,4096,0,0,0,0,0,0,4096,2073600,2073600,1080,11127,FULL,-100,-100,100,-100,-100,-100,100,-100
1782670872,0,4096,4096,0,0,0,0,0,0,6144,2073600,2073600,1080,11127,FULL,-100,-100,100,-100,-100,-100,100,-100
1782670873,0,4096,4096,0,0,0,0,0,0,8192,2073600,2073600,1080,11127,FULL,-100,-100,100,-100,-100,-100,100,-100
1782670874,0,4096,4096,0,0,0,0,0,0,12288,2073600,2073600,1080,11127,FULL,-100,-100,100,-100,-100,-100,100,-100
1782670875,0,4096,4096,0,0,0,0,0,0,16384,2073600,2073600,1080,11127,FULL,-100,-100,100,-100,-100,-100,100,-100
1782670877,0,4096,4096,0,0,0,0,0,0,24576,2073600,2073600,1080,11127,FULL,-100,-100,100,-100,-100,-100,100,-100
1782670886,0,4096,4096,0,0,0,0,0,0,4096,2073600,2073600,1080,11127,FULL,100,-100,100,-100,-100,-100,100,-100
1782670886,0,4096,4096,0,0,0,0,0,0,6144,2073600,2073600,1080,11127,FULL,100,-100,100,-100,-100,-100,100,-100
1782670887,0,4096,4096,0,0,0,0,0,0,8192,2073600,2073600,1080,11127,FULL,100,-100,100,-100,-100,-100,100,-100
1782670888,0,4096,4096,0,0,0,0,0,0,12288,2073600,2073600,1080,11127,FULL,100,-100,100,-100,-100,-100,100,-100
1782670890,0,4096,4096,0,0,0,0,0,0,16384,2073600,2073600,1080,11127,FULL,100,-100,100,-100,-100,-100,100,-100
1782670891,0,4096,4096,0,0,0,0,0,0,24576,2073600,2073600,1080,11127,FULL,100,-100,100,-100,-100,-100,100,-100
1782670900,0,4096,4096,0,0,0,0,0,0,4096,2073600,2073600,1080,11127,FULL,-100,100,100,-100,-100,-100,100,-100
1782670901,0,4096,4096,0,0,0,0,0,0,6144,2073600,2073600,1080,11127,FULL,-100,100,100,-100,-100,-100,100,-100
1782670902,0,4096,4096,0,0,0,0,0,0,8192,2073600,2073600,1080,11127,FULL,-100,100,100,-100,-100,-100,100,-100
1782670903,0,4096,4096,0,0,0,0,0,0,12288,2073600,2073600,1080,11127,FULL,-100,100,100,-100,-100,-100,100,-100
1782670904,0,4096,4096,0,0,0,0,0,0,16384,2073600,2073600,1080,11127,FULL,-100,100,100,-100,-100,-100,100,-100
1782670905,0,4096,4096,0,0,0,0,0,0,24576,2073600,2073600,1080,11127,FULL,-100,100,100,-100,-100,-100,100,-100
1782670914,0,4096,4096,0,0,0,0,0,0,4096,2073600,2073600,1080,11296,FULL,100,100,100,-100,-100,-100,100,-100
1782670915,0,4096,4096,0,0,0,0,0,0,6144,2073600,2073600,1080,11274,FULL,100,100,100,-100,-100,-100,100,-100
1782670916,0,4096,4096,0,0,0,0,0,0,8192,2073600,2073600,1080,11274,FULL,100,100,100,-100,-100,-100,100,-100
1782670917,0,4096,4096,0,0,0,0,0,0,12288,2073600,2073600,1080,11279,FULL,100,100,100,-100,-100,-100,100,-100
1782670918,0,4096,4096,0,0,0,0,0,0,16384,2073600,2073600,1080,11300,FULL,100,100,100,-100,-100,-100,100,-100
1782670919,0,4096,4096,0,0,0,0,0,0,24576,2073600,2073600,1080,11275,FULL,100,100,100,-100,-100,-100,100,-100
1782670928,0,4096,4096,0,0,0,0,0,0,4096,2073600,2073600,1080,11127,FULL,-100,-100,-100,100,-100,-100,100,-100
1782670929,0,4096,4096,0,0,0,0,0,0,6144,2073600,2073600,1080,11127,FULL,-100,-100,-100,100,-100,-100,100,-100
1782670930,0,4096,4096,0,0,0,0,0,0,8192,2073600,2073600,1080,11127,FULL,-100,-100,-100,100,-100,-100,100,-100
1782670931,0,4096,4096,0,0,0,0,0,0,12288,2073600,2073600,1080,11127,FULL,-100,-100,-100,100,-100,-100,100,-100
1782670932,0,4096,4096,0,0,0,0,0,0,16384,2073600,2073600,1080,11127,FULL,-100,-100,-100,100,-100,-100,100,-100
1782670934,0,4096,4096,0,0,0,0,0,0,24576,2073600,2073600,1080,11127,FULL,-100,-100,-100,100,-100,-100,100,-100
1782670942,0,4096,4096,0,0,0,0,0,0,4096,2073600,2073600,1080,11127,FULL,100,-100,-100,100,-100,-100,100,-100
1782670943,0,4096,4096,0,0,0,0,0,0,6144,2073600,2073600,1080,11127,FULL,100,-100,-100,100,-100,-100,100,-100
1782670944,0,4096,4096,0,0,0,0,0,0,8192,2073600,2073600,1080,11127,FULL,100,-100,-100,100,-100,-100,100,-100
1782670945,0,4096,4096,0,0,0,0,0,0,12288,2073600,2073600,1080,11127,FULL,100,-100,-100,100,-100,-100,100,-100
1782670946,0,4096,4096,0,0,0,0,0,0,16384,2073600,2073600,1080,11127,FULL,100,-100,-100,100,-100,-100,100,-100
1782670948,0,4096,4096,0,0,0,0,0,0,24576,2073600,2073600,1080,11127,FULL,100,-100,-100,100,-100,-100,100,-100
1782670957,0,4096,4096,0,0,0,0,0,0,4096,2073600,2073600,1080,11127,FULL,-100,100,-100,100,-100,-100,100,-100
1782670957,0,4096,4096,0,0,0,0,0,0,6144,2073600,2073600,1080,11127,FULL,-100,100,-100,100,-100,-100,100,-100
1782670958,0,4096,4096,0,0,0,0,0,0,8192,2073600,2073600,1080,11127,FULL,-100,100,-100,100,-100,-100,100,-100
1782670960,0,4096,4096,0,0,0,0,0,0,12288,2073600,2073600,1080,11127,FULL,-100,100,-100,100,-100,-100,100,-100
1782670961,0,4096,4096,0,0,0,0,0,0,16384,2073600,2073600,1080,11127,FULL,-100,100,-100,100,-100,-100,100,-100
1782670962,0,4096,4096,0,0,0,0,0,0,24576,2073600,2073600,1080,11127,FULL,-100,100,-100,100,-100,-100,100,-100
1782670971,0,4096,4096,0,0,0,0,0,0,4096,2073600,2073600,1080,11275,FULL,100,100,-100,100,-100,-100,100,-100
1782670972,0,4096,4096,0,0,0,0,0,0,6144,2073600,2073600,1080,11284,FULL,100,100,-100,100,-100,-100,100,-100
1782670973,0,4096,4096,0,0,0,0,0,0,8192,2073600,2073600,1080,11297,FULL,100,100,-100,100,-100,-100,100,-100
1782670974,0,4096,4096,0,0,0,0,0,0,12288,2073600,2073600,1080,11275,FULL,100,100,-100,100,-100,-100,100,-100
1782670975,0,4096,4096,0,0,0,0,0,0,16384,2073600,2073600,1080,11281,FULL,100,100,-100,100,-100,-100,100,-100
1782670976,0,4096,4096,0,0,0,0,0,0,24576,2073600,2073600,1080,11279,FULL,100,100,-100,100,-100,-100,100,-100
1782670985,0,4096,4096,0,0,0,0,0,0,4096,2073600,2073600,1080,11127,FULL,-100,-100,100,100,-100,-100,100,-100
1782670986,0,4096,4096,0,0,0,0,0,0,6144,2073600,2073600,1080,11127,FULL,-100,-100,100,100,-100,-100,100,-100
1782670987,0,4096,4096,0,0,0,0,0,0,8192,2073600,2073600,1080,11127,FULL,-100,-100,100,100,-100,-100,100,-100
1782670988,0,4096,4096,0,0,0,0,0,0,12288,2073600,2073600,1080,11127,FULL,-100,-100,100,100,-100,-100,100,-100
1782670989,0,4096,4096,0,0,0,0,0,0,16384,2073600,2073600,1080,11127,FULL,-100,-100,100,100,-100,-100,100,-100
1782670990,0,4096,4096,0,0,0,0,0,0,24576,2073600,2073600,1080,11127,FULL,-100,-100,100,100,-100,-100,100,-100
1782670999,0,4096,4096,0,0,0,0,0,0,4096,2073600,2073600,1080,11127,FULL,100,-100,100,100,-100,-100,100,-100
1782671000,0,4096,4096,0,0,0,0,0,0,6144,2073600,2073600,1080,11127,FULL,100,-100,100,100,-100,-100,100,-100
1782671001,0,4096,4096,0,0,0,0,0,0,8192,2073600,2073600,1080,11127,FULL,100,-100,100,100,-100,-100,100,-100
1782671002,0,4096,4096,0,0,0,0,0,0,12288,2073600,2073600,1080,11127,FULL,100,-100,100,100,-100,-100,100,-100
1782671003,0,4096,4096,0,0,0,0,0,0,16384,2073600,2073600,1080,11127,FULL,100,-100,100,100,-100,-100,100,-100
1782671005,0,4096,4096,0,0,0,0,0,0,24576,2073600,2073600,1080,11127,FULL,100,-100,100,100,-100,-100,100,-100
1782671013,0,4096,4096,0,0,0,0,0,0,4096,2073600,2073600,1080,11127,FULL,-100,100,100,100,-100,-100,100,-100
1782671014,0,4096,4096,0,0,0,0,0,0,6144,2073600,2073600,1080,11127,FULL,-100,100,100,100,-100,-100,100,-100
1782671015,0,4096,4096,0,0,0,0,0,0,8192,2073600,2073600,1080,11127,FULL,-100,100,100,100,-100,-100,100,-100
1782671016,0,4096,4096,0,0,0,0,0,0,12288,2073600,2073600,1080,11127,FULL,-100,100,100,100,-100,-100,100,-100
1782671017,0,4096,4096,0,0,0,0,0,0,16384,2073600,2073600,1080,11127,FULL,-100,100,100,100,-100,-100,100,-100
1782671019,0,4096,4096,0,0,0,0,0,0,24576,2073600,2073600,1080,11127,FULL,-100,100,100,100,-100,-100,100,-100
1782671028,0,4096,4096,0,0,0,0,0,0,4096,2073600,2073600,1080,11281,FULL,100,100,100,100,-100,-100,100,-100
1782671029,0,4096,4096,0,0,0,0,0,0,6144,2073600,2073600,1080,11278,FULL,100,100,100,100,-100,-100,100,-100
1782671030,0,4096,4096,0,0,0,0,0,0,8192,2073600,2073600,1080,11278,FULL,100,100,100,100,-100,-100,100,-100
1782671031,0,4096,4096,0,0,0,0,0,0,12288,2073600,2073600,1080,11292,FULL,100,100,100,100,-100,-100,100,-100
1782671032,0,4096,4096,0,0,0,0,0,0,16384,2073600,2073600,1080,11279,FULL,100,100,100,100,-100,-100,100,-100
1782671033,0,4096,4096,0,0,0,0,0,0,24576,2073600,2073600,1080,11275,FULL,100,100,100,100,-100,-100,100,-100
1782671042,0,4096,4096,0,0,0,0,0,0,4096,2073600,2073600,1080,11127,FULL,-100,-100,-100,-100,100,-100,100,-100
1782671043,0,4096,4096,0,0,0,0,0,0,6144,2073600,2073600,1080,11127,FULL,-100,-100,-100,-100,100,-100,100,-100
1782671044,0,4096,4096,0,0,0,0,0,0,8192,2073600,2073600,1080,11127,FULL,-100,-100,-100,-100,100,-100,100,-100
1782671045,0,4096,4096,0,0,0,0,0,0,12288,2073600,2073600,1080,11127,FULL,-100,-100,-100,-100,100,-100,100,-100
1782671046,0,4096,4096,0,0,0,0,0,0,16384,2073600,2073600,1080,11127,FULL,-100,-100,-100,-100,100,-100,100,-100
1782671047,0,4096,4096,0,0,0,0,0,0,24576,2073600,2073600,1080,11127,FULL,-100,-100,-100,-100,100,-100,100,-100
1782671056,0,4096,4096,0,0,0,0,0,0,4096,2073600,2073600,1080,11127,FULL,100,-100,-100,-100,100,-100,100,-100
1782671057,0,4096,4096,0,0,0,0,0,0,6144,2073600,2073600,1080,11127,FULL,100,-100,-100,-100,100,-100,100,-100
1782671058,0,4096,4096,0,0,0,0,0,0,8192,2073600,2073600,1080,11127,FULL,100,-100,-100,-100,100,-100,100,-100
1782671059,0,4096,4096,0,0,0,0,0,0,12288,2073600,2073600,1080,11127,FULL,100,-100,-100,-100,100,-100,100,-100
1782671060,0,4096,4096,0,0,0,0,0,0,16384,2073600,2073600,1080,11127,FULL,100,-100,-100,-100,100,-100,100,-100
1782671061,0,4096,4096,0,0,0,0,0,0,24576,2073600,2073600,1080,11127,FULL,100,-100,-100,-100,100,-100,100,-100
1782671070,0,4096,4096,0,0,0,0,0,0,4096,2073600,2073600,1080,11127,FULL,-100,100,-100,-100,100,-100,100,-100
1782671071,0,4096,4096,0,0,0,0,0,0,6144,2073600,2073600,1080,11127,FULL,-100,100,-100,-100,100,-100,100,-100
1782671072,0,4096,4096,0,0,0,0,0,0,8192,2073600,2073600,1080,11127,FULL,-100,100,-100,-100,100,-100,100,-100
1782671073,0,4096,4096,0,0,0,0,0,0,12288,2073600,2073600,1080,11127,FULL,-100,100,-100,-100,100,-100,100,-100
1782671074,0,4096,4096,0,0,0,0,0,0,16384,2073600,2073600,1080,102,FULL,-100,100,-100,-100,100,-100,100,-100
1782671076,0,4096,4096,0,0,0,0,0,0,24576,417619,2073600,235,902,short,-100,100,-100,-100,100,-100,100,-100
1782671085,0,4096,4096,0,0,0,0,0,0,4096,2073600,2073600,1080,11277,FULL,100,100,-100,-100,100,-100,100,-100
1782671085,0,4096,4096,0,0,0,0,0,0,6144,2073600,2073600,1080,11276,FULL,100,100,-100,-100,100,-100,100,-100
1782671086,0,4096,4096,0,0,0,0,0,0,8192,2073600,2073600,1080,11272,FULL,100,100,-100,-100,100,-100,100,-100
1782671087,0,4096,4096,0,0,0,0,0,0,12288,2073600,2073600,1080,11277,FULL,100,100,-100,-100,100,-100,100,-100
1782671089,0,4096,4096,0,0,0,0,0,0,16384,493362,2073600,257,21500,short,100,100,-100,-100,100,-100,100,-100
1782671090,0,4096,4096,0,0,0,0,0,0,24576,493395,2073600,257,25176,short,100,100,-100,-100,100,-100,100,-100
1782671099,0,4096,4096,0,0,0,0,0,0,4096,2073600,2073600,1080,11127,FULL,-100,-100,100,-100,100,-100,100,-100
1782671100,0,4096,4096,0,0,0,0,0,0,6144,2073600,2073600,1080,11127,FULL,-100,-100,100,-100,100,-100,100,-100
1782671101,0,4096,4096,0,0,0,0,0,0,8192,2073600,2073600,1080,11127,FULL,-100,-100,100,-100,100,-100,100,-100
1782671102,0,4096,4096,0,0,0,0,0,0,12288,2073600,2073600,1080,11127,FULL,-100,-100,100,-100,100,-100,100,-100
1782671103,0,4096,4096,0,0,0,0,0,0,16384,2073600,2073600,1080,11127,FULL,-100,-100,100,-100,100,-100,100,-100
1782671104,0,4096,4096,0,0,0,0,0,0,24576,2073600,2073600,1080,11127,FULL,-100,-100,100,-100,100,-100,100,-100
1782671113,0,4096,4096,0,0,0,0,0,0,4096,2073600,2073600,1080,11127,FULL,100,-100,100,-100,100,-100,100,-100
1782671114,0,4096,4096,0,0,0,0,0,0,6144,2073600,2073600,1080,11127,FULL,100,-100,100,-100,100,-100,100,-100
1782671115,0,4096,4096,0,0,0,0,0,0,8192,2073600,2073600,1080,11127,FULL,100,-100,100,-100,100,-100,100,-100
1782671116,0,4096,4096,0,0,0,0,0,0,12288,2073600,2073600,1080,11127,FULL,100,-100,100,-100,100,-100,100,-100
1782671117,0,4096,4096,0,0,0,0,0,0,16384,2073600,2073600,1080,11127,FULL,100,-100,100,-100,100,-100,100,-100
1782671118,0,4096,4096,0,0,0,0,0,0,24576,2073600,2073600,1080,11127,FULL,100,-100,100,-100,100,-100,100,-100
1782671127,0,4096,4096,0,0,0,0,0,0,4096,2073600,2073600,1080,11127,FULL,-100,100,100,-100,100,-100,100,-100
1782671128,0,4096,4096,0,0,0,0,0,0,6144,2073600,2073600,1080,11127,FULL,-100,100,100,-100,100,-100,100,-100
1782671129,0,4096,4096,0,0,0,0,0,0,8192,2073600,2073600,1080,11127,FULL,-100,100,100,-100,100,-100,100,-100
1782671130,0,4096,4096,0,0,0,0,0,0,12288,2073600,2073600,1080,11127,FULL,-100,100,100,-100,100,-100,100,-100
1782671131,0,4096,4096,0,0,0,0,0,0,16384,2073600,2073600,1080,11127,FULL,-100,100,100,-100,100,-100,100,-100
1782671133,0,4096,4096,0,0,0,0,0,0,24576,2073600,2073600,1080,11127,FULL,-100,100,100,-100,100,-100,100,-100
1782671141,0,4096,4096,0,0,0,0,0,0,4096,2073600,2073600,1080,11280,FULL,100,100,100,-100,100,-100,100,-100
1782671142,0,4096,4096,0,0,0,0,0,0,6144,2073600,2073600,1080,11275,FULL,100,100,100,-100,100,-100,100,-100
1782671143,0,4096,4096,0,0,0,0,0,0,8192,2073600,2073600,1080,11276,FULL,100,100,100,-100,100,-100,100,-100
1782671144,0,4096,4096,0,0,0,0,0,0,12288,2073600,2073600,1080,11306,FULL,100,100,100,-100,100,-100,100,-100
1782671145,0,4096,4096,0,0,0,0,0,0,16384,2073600,2073600,1080,11276,FULL,100,100,100,-100,100,-100,100,-100
1782671147,0,4096,4096,0,0,0,0,0,0,24576,2073600,2073600,1080,11278,FULL,100,100,100,-100,100,-100,100,-100
1782671156,0,4096,4096,0,0,0,0,0,0,4096,2073600,2073600,1080,11127,FULL,-100,-100,-100,100,100,-100,100,-100
1782671156,0,4096,4096,0,0,0,0,0,0,6144,2073600,2073600,1080,11127,FULL,-100,-100,-100,100,100,-100,100,-100
1782671157,0,4096,4096,0,0,0,0,0,0,8192,2073600,2073600,1080,11127,FULL,-100,-100,-100,100,100,-100,100,-100
1782671158,0,4096,4096,0,0,0,0,0,0,12288,2073600,2073600,1080,11127,FULL,-100,-100,-100,100,100,-100,100,-100
1782671160,0,4096,4096,0,0,0,0,0,0,16384,2073600,2073600,1080,11127,FULL,-100,-100,-100,100,100,-100,100,-100
1782671161,0,4096,4096,0,0,0,0,0,0,24576,2073600,2073600,1080,11127,FULL,-100,-100,-100,100,100,-100,100,-100
1782671170,0,4096,4096,0,0,0,0,0,0,4096,2073600,2073600,1080,11127,FULL,100,-100,-100,100,100,-100,100,-100
1782671171,0,4096,4096,0,0,0,0,0,0,6144,2073600,2073600,1080,11127,FULL,100,-100,-100,100,100,-100,100,-100
1782671172,0,4096,4096,0,0,0,0,0,0,8192,2073600,2073600,1080,11127,FULL,100,-100,-100,100,100,-100,100,-100
1782671173,0,4096,4096,0,0,0,0,0,0,12288,2073600,2073600,1080,11127,FULL,100,-100,-100,100,100,-100,100,-100
1782671174,0,4096,4096,0,0,0,0,0,0,16384,2073600,2073600,1080,11127,FULL,100,-100,-100,100,100,-100,100,-100
1782671175,0,4096,4096,0,0,0,0,0,0,24576,2073600,2073600,1080,11127,FULL,100,-100,-100,100,100,-100,100,-100
1782671184,0,4096,4096,0,0,0,0,0,0,4096,2073600,2073600,1080,11127,FULL,-100,100,-100,100,100,-100,100,-100
1782671185,0,4096,4096,0,0,0,0,0,0,6144,2073600,2073600,1080,11127,FULL,-100,100,-100,100,100,-100,100,-100
1782671186,0,4096,4096,0,0,0,0,0,0,8192,2073600,2073600,1080,11127,FULL,-100,100,-100,100,100,-100,100,-100
1782671187,0,4096,4096,0,0,0,0,0,0,12288,2073600,2073600,1080,11127,FULL,-100,100,-100,100,100,-100,100,-100
1782671188,0,4096,4096,0,0,0,0,0,0,16384,2073600,2073600,1080,11127,FULL,-100,100,-100,100,100,-100,100,-100
1782671189,0,4096,4096,0,0,0,0,0,0,24576,2073600,2073600,1080,11127,FULL,-100,100,-100,100,100,-100,100,-100
1782671198,0,4096,4096,0,0,0,0,0,0,4096,2073600,2073600,1080,11295,FULL,100,100,-100,100,100,-100,100,-100
1782671199,0,4096,4096,0,0,0,0,0,0,6144,2073600,2073600,1080,11293,FULL,100,100,-100,100,100,-100,100,-100
1782671200,0,4096,4096,0,0,0,0,0,0,8192,2073600,2073600,1080,11272,FULL,100,100,-100,100,100,-100,100,-100
1782671201,0,4096,4096,0,0,0,0,0,0,12288,2073600,2073600,1080,11283,FULL,100,100,-100,100,100,-100,100,-100
1782671202,0,4096,4096,0,0,0,0,0,0,16384,2073600,2073600,1080,11273,FULL,100,100,-100,100,100,-100,100,-100
1782671204,0,4096,4096,0,0,0,0,0,0,24576,2073600,2073600,1080,11275,FULL,100,100,-100,100,100,-100,100,-100
1782671212,0,4096,4096,0,0,0,0,0,0,4096,2073600,2073600,1080,11127,FULL,-100,-100,100,100,100,-100,100,-100
1782671213,0,4096,4096,0,0,0,0,0,0,6144,2073600,2073600,1080,11127,FULL,-100,-100,100,100,100,-100,100,-100
1782671214,0,4096,4096,0,0,0,0,0,0,8192,2073600,2073600,1080,11127,FULL,-100,-100,100,100,100,-100,100,-100
1782671215,0,4096,4096,0,0,0,0,0,0,12288,2073600,2073600,1080,11127,FULL,-100,-100,100,100,100,-100,100,-100
1782671216,0,4096,4096,0,0,0,0,0,0,16384,2073600,2073600,1080,11127,FULL,-100,-100,100,100,100,-100,100,-100
1782671218,0,4096,4096,0,0,0,0,0,0,24576,2073600,2073600,1080,11127,FULL,-100,-100,100,100,100,-100,100,-100
1782671227,0,4096,4096,0,0,0,0,0,0,4096,2073600,2073600,1080,11127,FULL,100,-100,100,100,100,-100,100,-100
1782671228,0,4096,4096,0,0,0,0,0,0,6144,2073600,2073600,1080,11127,FULL,100,-100,100,100,100,-100,100,-100
1782671229,0,4096,4096,0,0,0,0,0,0,8192,2073600,2073600,1080,11127,FULL,100,-100,100,100,100,-100,100,-100
1782671230,0,4096,4096,0,0,0,0,0,0,12288,2073600,2073600,1080,11127,FULL,100,-100,100,100,100,-100,100,-100
1782671231,0,4096,4096,0,0,0,0,0,0,16384,2073600,2073600,1080,11127,FULL,100,-100,100,100,100,-100,100,-100
1782671232,0,4096,4096,0,0,0,0,0,0,24576,2073600,2073600,1080,11127,FULL,100,-100,100,100,100,-100,100,-100
1782671241,0,4096,4096,0,0,0,0,0,0,4096,2073600,2073600,1080,11127,FULL,-100,100,100,100,100,-100,100,-100
1782671242,0,4096,4096,0,0,0,0,0,0,6144,2073600,2073600,1080,11127,FULL,-100,100,100,100,100,-100,100,-100
1782671243,0,4096,4096,0,0,0,0,0,0,8192,2073600,2073600,1080,11127,FULL,-100,100,100,100,100,-100,100,-100
1782671244,0,4096,4096,0,0,0,0,0,0,12288,2073600,2073600,1080,11127,FULL,-100,100,100,100,100,-100,100,-100
1782671245,0,4096,4096,0,0,0,0,0,0,16384,2073600,2073600,1080,11127,FULL,-100,100,100,100,100,-100,100,-100
1782671246,0,4096,4096,0,0,0,0,0,0,24576,2073600,2073600,1080,11127,FULL,-100,100,100,100,100,-100,100,-100
1782671255,0,4096,4096,0,0,0,0,0,0,4096,2073600,2073600,1080,11275,FULL,100,100,100,100,100,-100,100,-100
1782671256,0,4096,4096,0,0,0,0,0,0,6144,2073600,2073600,1080,11280,FULL,100,100,100,100,100,-100,100,-100
1782671257,0,4096,4096,0,0,0,0,0,0,8192,2073600,2073600,1080,11297,FULL,100,100,100,100,100,-100,100,-100
1782671258,0,4096,4096,0,0,0,0,0,0,12288,2073600,2073600,1080,11277,FULL,100,100,100,100,100,-100,100,-100
1782671259,0,4096,4096,0,0,0,0,0,0,16384,2073600,2073600,1080,11277,FULL,100,100,100,100,100,-100,100,-100
1782671260,0,4096,4096,0,0,0,0,0,0,24576,2073600,2073600,1080,11308,FULL,100,100,100,100,100,-100,100,-100
1782671269,0,4096,4096,0,0,0,0,0,0,4096,2073600,2073600,1080,11127,FULL,-100,-100,-100,-100,-100,100,100,-100
1782671270,0,4096,4096,0,0,0,0,0,0,6144,2073600,2073600,1080,11127,FULL,-100,-100,-100,-100,-100,100,100,-100
1782671271,0,4096,4096,0,0,0,0,0,0,8192,2073600,2073600,1080,11127,FULL,-100,-100,-100,-100,-100,100,100,-100
1782671272,0,4096,4096,0,0,0,0,0,0,12288,2073600,2073600,1080,11127,FULL,-100,-100,-100,-100,-100,100,100,-100
1782671273,0,4096,4096,0,0,0,0,0,0,16384,2073600,2073600,1080,11127,FULL,-100,-100,-100,-100,-100,100,100,-100
1782671275,0,4096,4096,0,0,0,0,0,0,24576,2073600,2073600,1080,11127,FULL,-100,-100,-100,-100,-100,100,100,-100
1782671284,0,4096,4096,0,0,0,0,0,0,4096,2073600,2073600,1080,11127,FULL,100,-100,-100,-100,-100,100,100,-100
1782671284,0,4096,4096,0,0,0,0,0,0,6144,2073600,2073600,1080,11127,FULL,100,-100,-100,-100,-100,100,100,-100
1782671285,0,4096,4096,0,0,0,0,0,0,8192,2073600,2073600,1080,11127,FULL,100,-100,-100,-100,-100,100,100,-100
1782671286,0,4096,4096,0,0,0,0,0,0,12288,2073600,2073600,1080,11127,FULL,100,-100,-100,-100,-100,100,100,-100
1782671288,0,4096,4096,0,0,0,0,0,0,16384,2073600,2073600,1080,11127,FULL,100,-100,-100,-100,-100,100,100,-100
1782671289,0,4096,4096,0,0,0,0,0,0,24576,2073600,2073600,1080,11127,FULL,100,-100,-100,-100,-100,100,100,-100
1782671298,0,4096,4096,0,0,0,0,0,0,4096,2073600,2073600,1080,11127,FULL,-100,100,-100,-100,-100,100,100,-100
1782671299,0,4096,4096,0,0,0,0,0,0,6144,2073600,2073600,1080,11127,FULL,-100,100,-100,-100,-100,100,100,-100
1782671300,0,4096,4096,0,0,0,0,0,0,8192,2073600,2073600,1080,11127,FULL,-100,100,-100,-100,-100,100,100,-100
1782671301,0,4096,4096,0,0,0,0,0,0,12288,2073600,2073600,1080,11127,FULL,-100,100,-100,-100,-100,100,100,-100
1782671302,0,4096,4096,0,0,0,0,0,0,16384,2073600,2073600,1080,11127,FULL,-100,100,-100,-100,-100,100,100,-100
1782671303,0,4096,4096,0,0,0,0,0,0,24576,404160,2073600,210,48213,short,-100,100,-100,-100,-100,100,100,-100
1782671312,0,4096,4096,0,0,0,0,0,0,4096,2073600,2073600,1080,11294,FULL,100,100,-100,-100,-100,100,100,-100
1782671313,0,4096,4096,0,0,0,0,0,0,6144,2073600,2073600,1080,11275,FULL,100,100,-100,-100,-100,100,100,-100
1782671314,0,4096,4096,0,0,0,0,0,0,8192,2073600,2073600,1080,11276,FULL,100,100,-100,-100,-100,100,100,-100
1782671315,0,4096,4096,0,0,0,0,0,0,12288,2073600,2073600,1080,11277,FULL,100,100,-100,-100,-100,100,100,-100
1782671316,0,4096,4096,0,0,0,0,0,0,16384,2073600,2073600,1080,11275,FULL,100,100,-100,-100,-100,100,100,-100
1782671317,0,4096,4096,0,0,0,0,0,0,24576,2073600,2073600,1080,11277,FULL,100,100,-100,-100,-100,100,100,-100
1782671326,0,4096,4096,0,0,0,0,0,0,4096,2073600,2073600,1080,11127,FULL,-100,-100,100,-100,-100,100,100,-100
1782671327,0,4096,4096,0,0,0,0,0,0,6144,2073600,2073600,1080,11127,FULL,-100,-100,100,-100,-100,100,100,-100
1782671328,0,4096,4096,0,0,0,0,0,0,8192,2073600,2073600,1080,11127,FULL,-100,-100,100,-100,-100,100,100,-100
1782671329,0,4096,4096,0,0,0,0,0,0,12288,2073600,2073600,1080,11127,FULL,-100,-100,100,-100,-100,100,100,-100
1782671330,0,4096,4096,0,0,0,0,0,0,16384,2073600,2073600,1080,11127,FULL,-100,-100,100,-100,-100,100,100,-100
1782671331,0,4096,4096,0,0,0,0,0,0,24576,2073600,2073600,1080,11127,FULL,-100,-100,100,-100,-100,100,100,-100
1782671340,0,4096,4096,0,0,0,0,0,0,4096,2073600,2073600,1080,11127,FULL,100,-100,100,-100,-100,100,100,-100
1782671341,0,4096,4096,0,0,0,0,0,0,6144,2073600,2073600,1080,11127,FULL,100,-100,100,-100,-100,100,100,-100
1782671342,0,4096,4096,0,0,0,0,0,0,8192,2073600,2073600,1080,11127,FULL,100,-100,100,-100,-100,100,100,-100
1782671343,0,4096,4096,0,0,0,0,0,0,12288,2073600,2073600,1080,11127,FULL,100,-100,100,-100,-100,100,100,-100
1782671344,0,4096,4096,0,0,0,0,0,0,16384,2073600,2073600,1080,11127,FULL,100,-100,100,-100,-100,100,100,-100
1782671346,0,4096,4096,0,0,0,0,0,0,24576,2073600,2073600,1080,11127,FULL,100,-100,100,-100,-100,100,100,-100
1782671355,0,4096,4096,0,0,0,0,0,0,4096,2073600,2073600,1080,11127,FULL,-100,100,100,-100,-100,100,100,-100
1782671355,0,4096,4096,0,0,0,0,0,0,6144,2073600,2073600,1080,11127,FULL,-100,100,100,-100,-100,100,100,-100
1782671356,0,4096,4096,0,0,0,0,0,0,8192,2073600,2073600,1080,11127,FULL,-100,100,100,-100,-100,100,100,-100
1782671357,0,4096,4096,0,0,0,0,0,0,12288,2073600,2073600,1080,11127,FULL,-100,100,100,-100,-100,100,100,-100
1782671359,0,4096,4096,0,0,0,0,0,0,16384,2073600,2073600,1080,11127,FULL,-100,100,100,-100,-100,100,100,-100
1782671360,0,4096,4096,0,0,0,0,0,0,24576,2073600,2073600,1080,11127,FULL,-100,100,100,-100,-100,100,100,-100
1782671369,0,4096,4096,0,0,0,0,0,0,4096,2073600,2073600,1080,11274,FULL,100,100,100,-100,-100,100,100,-100
1782671370,0,4096,4096,0,0,0,0,0,0,6144,2073600,2073600,1080,11296,FULL,100,100,100,-100,-100,100,100,-100
1782671371,0,4096,4096,0,0,0,0,0,0,8192,2073600,2073600,1080,11302,FULL,100,100,100,-100,-100,100,100,-100
1782671372,0,4096,4096,0,0,0,0,0,0,12288,2073600,2073600,1080,11279,FULL,100,100,100,-100,-100,100,100,-100
1782671373,0,4096,4096,0,0,0,0,0,0,16384,2073600,2073600,1080,11282,FULL,100,100,100,-100,-100,100,100,-100
1782671374,0,4096,4096,0,0,0,0,0,0,24576,2073600,2073600,1080,11300,FULL,100,100,100,-100,-100,100,100,-100
1782671383,0,4096,4096,0,0,0,0,0,0,4096,2073600,2073600,1080,11127,FULL,-100,-100,-100,100,-100,100,100,-100
1782671384,0,4096,4096,0,0,0,0,0,0,6144,2073600,2073600,1080,11127,FULL,-100,-100,-100,100,-100,100,100,-100
1782671385,0,4096,4096,0,0,0,0,0,0,8192,2073600,2073600,1080,11127,FULL,-100,-100,-100,100,-100,100,100,-100
1782671386,0,4096,4096,0,0,0,0,0,0,12288,2073600,2073600,1080,11127,FULL,-100,-100,-100,100,-100,100,100,-100
1782671387,0,4096,4096,0,0,0,0,0,0,16384,2073600,2073600,1080,11127,FULL,-100,-100,-100,100,-100,100,100,-100
1782671388,0,4096,4096,0,0,0,0,0,0,24576,2073600,2073600,1080,11127,FULL,-100,-100,-100,100,-100,100,100,-100
1782671397,0,4096,4096,0,0,0,0,0,0,4096,2073600,2073600,1080,11127,FULL,100,-100,-100,100,-100,100,100,-100
1782671398,0,4096,4096,0,0,0,0,0,0,6144,2073600,2073600,1080,11127,FULL,100,-100,-100,100,-100,100,100,-100
1782671399,0,4096,4096,0,0,0,0,0,0,8192,2073600,2073600,1080,11127,FULL,100,-100,-100,100,-100,100,100,-100
1782671400,0,4096,4096,0,0,0,0,0,0,12288,2073600,2073600,1080,11127,FULL,100,-100,-100,100,-100,100,100,-100
1782671401,0,4096,4096,0,0,0,0,0,0,16384,2073600,2073600,1080,11127,FULL,100,-100,-100,100,-100,100,100,-100
1782671403,0,4096,4096,0,0,0,0,0,0,24576,2073600,2073600,1080,11127,FULL,100,-100,-100,100,-100,100,100,-100
1782671411,0,4096,4096,0,0,0,0,0,0,4096,2073600,2073600,1080,11127,FULL,-100,100,-100,100,-100,100,100,-100
1782671412,0,4096,4096,0,0,0,0,0,0,6144,2073600,2073600,1080,11127,FULL,-100,100,-100,100,-100,100,100,-100
1782671413,0,4096,4096,0,0,0,0,0,0,8192,2073600,2073600,1080,11127,FULL,-100,100,-100,100,-100,100,100,-100
1782671414,0,4096,4096,0,0,0,0,0,0,12288,2073600,2073600,1080,11127,FULL,-100,100,-100,100,-100,100,100,-100
1782671415,0,4096,4096,0,0,0,0,0,0,16384,2073600,2073600,1080,11127,FULL,-100,100,-100,100,-100,100,100,-100
1782671417,0,4096,4096,0,0,0,0,0,0,24576,2073600,2073600,1080,11127,FULL,-100,100,-100,100,-100,100,100,-100
1782671426,0,4096,4096,0,0,0,0,0,0,4096,2073600,2073600,1080,11466,FULL,100,100,-100,100,-100,100,100,-100
1782671427,0,4096,4096,0,0,0,0,0,0,6144,2073600,2073600,1080,11466,FULL,100,100,-100,100,-100,100,100,-100
1782671427,0,4096,4096,0,0,0,0,0,0,8192,2073600,2073600,1080,11467,FULL,100,100,-100,100,-100,100,100,-100
1782671429,0,4096,4096,0,0,0,0,0,0,12288,2073600,2073600,1080,11467,FULL,100,100,-100,100,-100,100,100,-100
1782671430,0,4096,4096,0,0,0,0,0,0,16384,2073600,2073600,1080,11474,FULL,100,100,-100,100,-100,100,100,-100
1782671431,0,4096,4096,0,0,0,0,0,0,24576,2073600,2073600,1080,11490,FULL,100,100,-100,100,-100,100,100,-100
1782671440,0,4096,4096,0,0,0,0,0,0,4096,2073600,2073600,1080,11127,FULL,-100,-100,100,100,-100,100,100,-100
1782671441,0,4096,4096,0,0,0,0,0,0,6144,2073600,2073600,1080,11127,FULL,-100,-100,100,100,-100,100,100,-100
1782671442,0,4096,4096,0,0,0,0,0,0,8192,2073600,2073600,1080,11127,FULL,-100,-100,100,100,-100,100,100,-100
1782671443,0,4096,4096,0,0,0,0,0,0,12288,2073600,2073600,1080,11127,FULL,-100,-100,100,100,-100,100,100,-100
1782671444,0,4096,4096,0,0,0,0,0,0,16384,2073600,2073600,1080,11127,FULL,-100,-100,100,100,-100,100,100,-100
1782671445,0,4096,4096,0,0,0,0,0,0,24576,2073600,2073600,1080,11127,FULL,-100,-100,100,100,-100,100,100,-100
1782671454,0,4096,4096,0,0,0,0,0,0,4096,2073600,2073600,1080,11127,FULL,100,-100,100,100,-100,100,100,-100
1782671455,0,4096,4096,0,0,0,0,0,0,6144,2073600,2073600,1080,11127,FULL,100,-100,100,100,-100,100,100,-100
1782671456,0,4096,4096,0,0,0,0,0,0,8192,2073600,2073600,1080,11127,FULL,100,-100,100,100,-100,100,100,-100
1782671457,0,4096,4096,0,0,0,0,0,0,12288,2073600,2073600,1080,11127,FULL,100,-100,100,100,-100,100,100,-100
1782671458,0,4096,4096,0,0,0,0,0,0,16384,2073600,2073600,1080,11127,FULL,100,-100,100,100,-100,100,100,-100
1782671459,0,4096,4096,0,0,0,0,0,0,24576,2073600,2073600,1080,11127,FULL,100,-100,100,100,-100,100,100,-100
1782671468,0,4096,4096,0,0,0,0,0,0,4096,2073600,2073600,1080,11127,FULL,-100,100,100,100,-100,100,100,-100
1782671469,0,4096,4096,0,0,0,0,0,0,6144,2073600,2073600,1080,11127,FULL,-100,100,100,100,-100,100,100,-100
1782671470,0,4096,4096,0,0,0,0,0,0,8192,2073600,2073600,1080,11127,FULL,-100,100,100,100,-100,100,100,-100
1782671471,0,4096,4096,0,0,0,0,0,0,12288,2073600,2073600,1080,11127,FULL,-100,100,100,100,-100,100,100,-100
1782671472,0,4096,4096,0,0,0,0,0,0,16384,2073600,2073600,1080,11127,FULL,-100,100,100,100,-100,100,100,-100
1782671474,0,4096,4096,0,0,0,0,0,0,24576,2073600,2073600,1080,11127,FULL,-100,100,100,100,-100,100,100,-100
1782671482,0,4096,4096,0,0,0,0,0,0,4096,2073600,2073600,1080,11274,FULL,100,100,100,100,-100,100,100,-100
1782671483,0,4096,4096,0,0,0,0,0,0,6144,2073600,2073600,1080,11296,FULL,100,100,100,100,-100,100,100,-100
1782671484,0,4096,4096,0,0,0,0,0,0,8192,2073600,2073600,1080,11272,FULL,100,100,100,100,-100,100,100,-100
1782671485,0,4096,4096,0,0,0,0,0,0,12288,2073600,2073600,1080,11276,FULL,100,100,100,100,-100,100,100,-100
1782671487,0,4096,4096,0,0,0,0,0,0,16384,2073600,2073600,1080,11278,FULL,100,100,100,100,-100,100,100,-100
1782671488,0,4096,4096,0,0,0,0,0,0,24576,2073600,2073600,1080,11286,FULL,100,100,100,100,-100,100,100,-100
1782671497,0,4096,4096,0,0,0,0,0,0,4096,2073600,2073600,1080,11127,FULL,-100,-100,-100,-100,100,100,100,-100
1782671498,0,4096,4096,0,0,0,0,0,0,6144,2073600,2073600,1080,11127,FULL,-100,-100,-100,-100,100,100,100,-100
1782671499,0,4096,4096,0,0,0,0,0,0,8192,2073600,2073600,1080,11127,FULL,-100,-100,-100,-100,100,100,100,-100
1782671500,0,4096,4096,0,0,0,0,0,0,12288,2073600,2073600,1080,11127,FULL,-100,-100,-100,-100,100,100,100,-100
1782671501,0,4096,4096,0,0,0,0,0,0,16384,2073600,2073600,1080,11127,FULL,-100,-100,-100,-100,100,100,100,-100
1782671502,0,4096,4096,0,0,0,0,0,0,24576,2073600,2073600,1080,11127,FULL,-100,-100,-100,-100,100,100,100,-100
1782671511,0,4096,4096,0,0,0,0,0,0,4096,2073600,2073600,1080,11127,FULL,100,-100,-100,-100,100,100,100,-100
1782671512,0,4096,4096,0,0,0,0,0,0,6144,2073600,2073600,1080,11127,FULL,100,-100,-100,-100,100,100,100,-100
1782671513,0,4096,4096,0,0,0,0,0,0,8192,2073600,2073600,1080,11127,FULL,100,-100,-100,-100,100,100,100,-100
1782671514,0,4096,4096,0,0,0,0,0,0,12288,2073600,2073600,1080,11127,FULL,100,-100,-100,-100,100,100,100,-100
1782671515,0,4096,4096,0,0,0,0,0,0,16384,2073600,2073600,1080,11127,FULL,100,-100,-100,-100,100,100,100,-100
1782671516,0,4096,4096,0,0,0,0,0,0,24576,2073600,2073600,1080,11127,FULL,100,-100,-100,-100,100,100,100,-100
1782671525,0,4096,4096,0,0,0,0,0,0,4096,2073600,2073600,1080,11127,FULL,-100,100,-100,-100,100,100,100,-100
1782671526,0,4096,4096,0,0,0,0,0,0,6144,2073600,2073600,1080,11127,FULL,-100,100,-100,-100,100,100,100,-100
1782671527,0,4096,4096,0,0,0,0,0,0,8192,2073600,2073600,1080,11127,FULL,-100,100,-100,-100,100,100,100,-100
1782671528,0,4096,4096,0,0,0,0,0,0,12288,2073600,2073600,1080,11127,FULL,-100,100,-100,-100,100,100,100,-100
1782671529,0,4096,4096,0,0,0,0,0,0,16384,2073600,2073600,1080,11127,FULL,-100,100,-100,-100,100,100,100,-100
1782671531,0,4096,4096,0,0,0,0,0,0,24576,458896,2073600,239,65047,short,-100,100,-100,-100,100,100,100,-100
1782671539,0,4096,4096,0,0,0,0,0,0,4096,2073600,2073600,1080,11479,FULL,100,100,-100,-100,100,100,100,-100
1782671540,0,4096,4096,0,0,0,0,0,0,6144,2073600,2073600,1080,11481,FULL,100,100,-100,-100,100,100,100,-100
1782671541,0,4096,4096,0,0,0,0,0,0,8192,2073600,2073600,1080,11470,FULL,100,100,-100,-100,100,100,100,-100
1782671542,0,4096,4096,0,0,0,0,0,0,12288,2073600,2073600,1080,11469,FULL,100,100,-100,-100,100,100,100,-100
1782671543,0,4096,4096,0,0,0,0,0,0,16384,2073600,2073600,1080,11480,FULL,100,100,-100,-100,100,100,100,-100
1782671545,0,4096,4096,0,0,0,0,0,0,24576,2073600,2073600,1080,11507,FULL,100,100,-100,-100,100,100,100,-100
1782671554,0,4096,4096,0,0,0,0,0,0,4096,2073600,2073600,1080,11127,FULL,-100,-100,100,-100,100,100,100,-100
1782671554,0,4096,4096,0,0,0,0,0,0,6144,2073600,2073600,1080,11127,FULL,-100,-100,100,-100,100,100,100,-100
1782671555,0,4096,4096,0,0,0,0,0,0,8192,2073600,2073600,1080,11127,FULL,-100,-100,100,-100,100,100,100,-100
1782671556,0,4096,4096,0,0,0,0,0,0,12288,2073600,2073600,1080,11127,FULL,-100,-100,100,-100,100,100,100,-100
1782671558,0,4096,4096,0,0,0,0,0,0,16384,2073600,2073600,1080,11127,FULL,-100,-100,100,-100,100,100,100,-100
1782671559,0,4096,4096,0,0,0,0,0,0,24576,2073600,2073600,1080,11127,FULL,-100,-100,100,-100,100,100,100,-100
1782671568,0,4096,4096,0,0,0,0,0,0,4096,2073600,2073600,1080,11127,FULL,100,-100,100,-100,100,100,100,-100
1782671569,0,4096,4096,0,0,0,0,0,0,6144,2073600,2073600,1080,11127,FULL,100,-100,100,-100,100,100,100,-100
1782671570,0,4096,4096,0,0,0,0,0,0,8192,2073600,2073600,1080,11127,FULL,100,-100,100,-100,100,100,100,-100
1782671571,0,4096,4096,0,0,0,0,0,0,12288,2073600,2073600,1080,11127,FULL,100,-100,100,-100,100,100,100,-100
1782671572,0,4096,4096,0,0,0,0,0,0,16384,2073600,2073600,1080,11127,FULL,100,-100,100,-100,100,100,100,-100
1782671573,0,4096,4096,0,0,0,0,0,0,24576,2073600,2073600,1080,11127,FULL,100,-100,100,-100,100,100,100,-100
1782671582,0,4096,4096,0,0,0,0,0,0,4096,2073600,2073600,1080,11127,FULL,-100,100,100,-100,100,100,100,-100
1782671583,0,4096,4096,0,0,0,0,0,0,6144,2073600,2073600,1080,11127,FULL,-100,100,100,-100,100,100,100,-100
1782671584,0,4096,4096,0,0,0,0,0,0,8192,2073600,2073600,1080,11127,FULL,-100,100,100,-100,100,100,100,-100
1782671585,0,4096,4096,0,0,0,0,0,0,12288,2073600,2073600,1080,11127,FULL,-100,100,100,-100,100,100,100,-100
1782671586,0,4096,4096,0,0,0,0,0,0,16384,2073600,2073600,1080,11127,FULL,-100,100,100,-100,100,100,100,-100
1782671587,0,4096,4096,0,0,0,0,0,0,24576,2073600,2073600,1080,11127,FULL,-100,100,100,-100,100,100,100,-100
1782671596,0,4096,4096,0,0,0,0,0,0,4096,2073600,2073600,1080,11282,FULL,100,100,100,-100,100,100,100,-100
1782671597,0,4096,4096,0,0,0,0,0,0,6144,2073600,2073600,1080,11285,FULL,100,100,100,-100,100,100,100,-100
1782671598,0,4096,4096,0,0,0,0,0,0,8192,2073600,2073600,1080,11295,FULL,100,100,100,-100,100,100,100,-100
1782671599,0,4096,4096,0,0,0,0,0,0,12288,2073600,2073600,1080,11275,FULL,100,100,100,-100,100,100,100,-100
1782671600,0,4096,4096,0,0,0,0,0,0,16384,2073600,2073600,1080,11294,FULL,100,100,100,-100,100,100,100,-100
1782671602,0,4096,4096,0,0,0,0,0,0,24576,2073600,2073600,1080,11277,FULL,100,100,100,-100,100,100,100,-100
1782671610,0,4096,4096,0,0,0,0,0,0,4096,2073600,2073600,1080,11127,FULL,-100,-100,-100,100,100,100,100,-100
1782671611,0,4096,4096,0,0,0,0,0,0,6144,2073600,2073600,1080,11127,FULL,-100,-100,-100,100,100,100,100,-100
1782671612,0,4096,4096,0,0,0,0,0,0,8192,2073600,2073600,1080,11127,FULL,-100,-100,-100,100,100,100,100,-100
1782671613,0,4096,4096,0,0,0,0,0,0,12288,2073600,2073600,1080,11127,FULL,-100,-100,-100,100,100,100,100,-100
1782671614,0,4096,4096,0,0,0,0,0,0,16384,2073600,2073600,1080,11127,FULL,-100,-100,-100,100,100,100,100,-100
1782671616,0,4096,4096,0,0,0,0,0,0,24576,2073600,2073600,1080,11127,FULL,-100,-100,-100,100,100,100,100,-100
1782671625,0,4096,4096,0,0,0,0,0,0,4096,2073600,2073600,1080,11127,FULL,100,-100,-100,100,100,100,100,-100
1782671625,0,4096,4096,0,0,0,0,0,0,6144,2073600,2073600,1080,11127,FULL,100,-100,-100,100,100,100,100,-100
1782671626,0,4096,4096,0,0,0,0,0,0,8192,2073600,2073600,1080,11127,FULL,100,-100,-100,100,100,100,100,-100
1782671627,0,4096,4096,0,0,0,0,0,0,12288,2073600,2073600,1080,11127,FULL,100,-100,-100,100,100,100,100,-100
1782671629,0,4096,4096,0,0,0,0,0,0,16384,2073600,2073600,1080,11127,FULL,100,-100,-100,100,100,100,100,-100
1782671630,0,4096,4096,0,0,0,0,0,0,24576,2073600,2073600,1080,11127,FULL,100,-100,-100,100,100,100,100,-100
1782671639,0,4096,4096,0,0,0,0,0,0,4096,2073600,2073600,1080,11127,FULL,-100,100,-100,100,100,100,100,-100
1782671640,0,4096,4096,0,0,0,0,0,0,6144,2073600,2073600,1080,11127,FULL,-100,100,-100,100,100,100,100,-100
1782671641,0,4096,4096,0,0,0,0,0,0,8192,2073600,2073600,1080,11127,FULL,-100,100,-100,100,100,100,100,-100
1782671642,0,4096,4096,0,0,0,0,0,0,12288,2073600,2073600,1080,11127,FULL,-100,100,-100,100,100,100,100,-100
1782671643,0,4096,4096,0,0,0,0,0,0,16384,2073600,2073600,1080,11127,FULL,-100,100,-100,100,100,100,100,-100
1782671644,0,4096,4096,0,0,0,0,0,0,24576,2073600,2073600,1080,11127,FULL,-100,100,-100,100,100,100,100,-100
1782671653,0,4096,4096,0,0,0,0,0,0,4096,2073600,2073600,1080,11276,FULL,100,100,-100,100,100,100,100,-100
1782671654,0,4096,4096,0,0,0,0,0,0,6144,2073600,2073600,1080,11277,FULL,100,100,-100,100,100,100,100,-100
1782671655,0,4096,4096,0,0,0,0,0,0,8192,2073600,2073600,1080,11278,FULL,100,100,-100,100,100,100,100,-100
1782671656,0,4096,4096,0,0,0,0,0,0,12288,2073600,2073600,1080,11284,FULL,100,100,-100,100,100,100,100,-100
1782671657,0,4096,4096,0,0,0,0,0,0,16384,2073600,2073600,1080,11278,FULL,100,100,-100,100,100,100,100,-100
1782671658,0,4096,4096,0,0,0,0,0,0,24576,2073600,2073600,1080,11283,FULL,100,100,-100,100,100,100,100,-100
1782671667,0,4096,4096,0,0,0,0,0,0,4096,2073600,2073600,1080,11127,FULL,-100,-100,100,100,100,100,100,-100
1782671668,0,4096,4096,0,0,0,0,0,0,6144,2073600,2073600,1080,11127,FULL,-100,-100,100,100,100,100,100,-100
1782671669,0,4096,4096,0,0,0,0,0,0,8192,2073600,2073600,1080,11127,FULL,-100,-100,100,100,100,100,100,-100
1782671670,0,4096,4096,0,0,0,0,0,0,12288,2073600,2073600,1080,11127,FULL,-100,-100,100,100,100,100,100,-100
1782671671,0,4096,4096,0,0,0,0,0,0,16384,2073600,2073600,1080,11127,FULL,-100,-100,100,100,100,100,100,-100
1782671673,0,4096,4096,0,0,0,0,0,0,24576,2073600,2073600,1080,11127,FULL,-100,-100,100,100,100,100,100,-100
1782671681,0,4096,4096,0,0,0,0,0,0,4096,2073600,2073600,1080,11127,FULL,100,-100,100,100,100,100,100,-100
1782671682,0,4096,4096,0,0,0,0,0,0,6144,2073600,2073600,1080,11127,FULL,100,-100,100,100,100,100,100,-100
1782671683,0,4096,4096,0,0,0,0,0,0,8192,2073600,2073600,1080,11127,FULL,100,-100,100,100,100,100,100,-100
1782671684,0,4096,4096,0,0,0,0,0,0,12288,2073600,2073600,1080,11127,FULL,100,-100,100,100,100,100,100,-100
1782671686,0,4096,4096,0,0,0,0,0,0,16384,2073600,2073600,1080,11127,FULL,100,-100,100,100,100,100,100,-100
1782671687,0,4096,4096,0,0,0,0,0,0,24576,2073600,2073600,1080,11127,FULL,100,-100,100,100,100,100,100,-100
1782671696,0,4096,4096,0,0,0,0,0,0,4096,2073600,2073600,1080,11127,FULL,-100,100,100,100,100,100,100,-100
1782671697,0,4096,4096,0,0,0,0,0,0,6144,2073600,2073600,1080,11127,FULL,-100,100,100,100,100,100,100,-100
1782671698,0,4096,4096,0,0,0,0,0,0,8192,2073600,2073600,1080,11127,FULL,-100,100,100,100,100,100,100,-100
1782671699,0,4096,4096,0,0,0,0,0,0,12288,2073600,2073600,1080,11127,FULL,-100,100,100,100,100,100,100,-100
1782671700,0,4096,4096,0,0,0,0,0,0,16384,2073600,2073600,1080,11127,FULL,-100,100,100,100,100,100,100,-100
1782671701,0,4096,4096,0,0,0,0,0,0,24576,2073600,2073600,1080,11127,FULL,-100,100,100,100,100,100,100,-100
1782671710,0,4096,4096,0,0,0,0,0,0,4096,2073600,2073600,1080,11463,FULL,100,100,100,100,100,100,100,-100
1782671711,0,4096,4096,0,0,0,0,0,0,6144,2073600,2073600,1080,11466,FULL,100,100,100,100,100,100,100,-100
1782671712,0,4096,4096,0,0,0,0,0,0,8192,2073600,2073600,1080,11479,FULL,100,100,100,100,100,100,100,-100
1782671713,0,4096,4096,0,0,0,0,0,0,12288,2073600,2073600,1080,11470,FULL,100,100,100,100,100,100,100,-100
1782671714,0,4096,4096,0,0,0,0,0,0,16384,2073600,2073600,1080,11482,FULL,100,100,100,100,100,100,100,-100
1782671715,0,4096,4096,0,0,0,0,0,0,24576,2073600,2073600,1080,11463,FULL,100,100,100,100,100,100,100,-100
1782671724,0,4096,4096,0,0,0,0,0,0,4096,2073600,2073600,1080,11127,FULL,-100,-100,-100,-100,-100,-100,-100,100
1782671725,0,4096,4096,0,0,0,0,0,0,6144,2073600,2073600,1080,11127,FULL,-100,-100,-100,-100,-100,-100,-100,100
1782671726,0,4096,4096,0,0,0,0,0,0,8192,2073600,2073600,1080,11127,FULL,-100,-100,-100,-100,-100,-100,-100,100
1782671727,0,4096,4096,0,0,0,0,0,0,12288,2073600,2073600,1080,11127,FULL,-100,-100,-100,-100,-100,-100,-100,100
1782671728,0,4096,4096,0,0,0,0,0,0,16384,2073600,2073600,1080,11127,FULL,-100,-100,-100,-100,-100,-100,-100,100
1782671730,0,4096,4096,0,0,0,0,0,0,24576,2073600,2073600,1080,11127,FULL,-100,-100,-100,-100,-100,-100,-100,100
1782671738,0,4096,4096,0,0,0,0,0,0,4096,2073600,2073600,1080,11127,FULL,100,-100,-100,-100,-100,-100,-100,100
1782671739,0,4096,4096,0,0,0,0,0,0,6144,2073600,2073600,1080,11127,FULL,100,-100,-100,-100,-100,-100,-100,100
1782671740,0,4096,4096,0,0,0,0,0,0,8192,2073600,2073600,1080,11127,FULL,100,-100,-100,-100,-100,-100,-100,100
1782671741,0,4096,4096,0,0,0,0,0,0,12288,2073600,2073600,1080,11127,FULL,100,-100,-100,-100,-100,-100,-100,100
1782671742,0,4096,4096,0,0,0,0,0,0,16384,2073600,2073600,1080,11127,FULL,100,-100,-100,-100,-100,-100,-100,100
1782671744,0,4096,4096,0,0,0,0,0,0,24576,609563,2073600,317,25392,short,100,-100,-100,-100,-100,-100,-100,100
1782671753,0,4096,4096,0,0,0,0,0,0,4096,2073600,2073600,1080,11127,FULL,-100,100,-100,-100,-100,-100,-100,100
1782671753,0,4096,4096,0,0,0,0,0,0,6144,2073600,2073600,1080,11127,FULL,-100,100,-100,-100,-100,-100,-100,100
1782671754,0,4096,4096,0,0,0,0,0,0,8192,2073600,2073600,1080,11127,FULL,-100,100,-100,-100,-100,-100,-100,100
1782671755,0,4096,4096,0,0,0,0,0,0,12288,2073600,2073600,1080,11127,FULL,-100,100,-100,-100,-100,-100,-100,100
1782671757,0,4096,4096,0,0,0,0,0,0,16384,2073600,2073600,1080,0,FULL,-100,100,-100,-100,-100,-100,-100,100
1782671758,0,4096,4096,0,0,0,0,0,0,24576,473627,2073600,246,42051,short,-100,100,-100,-100,-100,-100,-100,100
1782671767,0,4096,4096,0,0,0,0,0,0,4096,2073600,2073600,1080,11495,FULL,100,100,-100,-100,-100,-100,-100,100
1782671768,0,4096,4096,0,0,0,0,0,0,6144,2073600,2073600,1080,11465,FULL,100,100,-100,-100,-100,-100,-100,100
1782671769,0,4096,4096,0,0,0,0,0,0,8192,2073600,2073600,1080,11473,FULL,100,100,-100,-100,-100,-100,-100,100
1782671770,0,4096,4096,0,0,0,0,0,0,12288,2073600,2073600,1080,11498,FULL,100,100,-100,-100,-100,-100,-100,100
1782671771,0,4096,4096,0,0,0,0,0,0,16384,504456,2073600,262,8195,short,100,100,-100,-100,-100,-100,-100,100
1782671772,0,4096,4096,0,0,0,0,0,0,24576,472309,2073600,263,7856,short,100,100,-100,-100,-100,-100,-100,100
1782671781,0,4096,4096,0,0,0,0,0,0,4096,2073600,2073600,1080,11127,FULL,-100,-100,100,-100,-100,-100,-100,100
1782671782,0,4096,4096,0,0,0,0,0,0,6144,2073600,2073600,1080,11127,FULL,-100,-100,100,-100,-100,-100,-100,100
1782671783,0,4096,4096,0,0,0,0,0,0,8192,2073600,2073600,1080,11127,FULL,-100,-100,100,-100,-100,-100,-100,100
1782671784,0,4096,4096,0,0,0,0,0,0,12288,2073600,2073600,1080,11127,FULL,-100,-100,100,-100,-100,-100,-100,100
1782671785,0,4096,4096,0,0,0,0,0,0,16384,2073600,2073600,1080,11127,FULL,-100,-100,100,-100,-100,-100,-100,100
1782671786,0,4096,4096,0,0,0,0,0,0,24576,675596,2073600,351,22806,short,-100,-100,100,-100,-100,-100,-100,100
1782671795,0,4096,4096,0,0,0,0,0,0,4096,2073600,2073600,1080,11127,FULL,100,-100,100,-100,-100,-100,-100,100
1782671796,0,4096,4096,0,0,0,0,0,0,6144,2073600,2073600,1080,11127,FULL,100,-100,100,-100,-100,-100,-100,100
1782671797,0,4096,4096,0,0,0,0,0,0,8192,2073600,2073600,1080,11127,FULL,100,-100,100,-100,-100,-100,-100,100
1782671798,0,4096,4096,0,0,0,0,0,0,12288,2073600,2073600,1080,11127,FULL,100,-100,100,-100,-100,-100,-100,100
1782671799,0,4096,4096,0,0,0,0,0,0,16384,2073600,2073600,1080,0,FULL,100,-100,100,-100,-100,-100,-100,100
1782671801,0,4096,4096,0,0,0,0,0,0,24576,687156,2073600,357,12135,short,100,-100,100,-100,-100,-100,-100,100
1782671809,0,4096,4096,0,0,0,0,0,0,4096,2073600,2073600,1080,11127,FULL,-100,100,100,-100,-100,-100,-100,100
1782671810,0,4096,4096,0,0,0,0,0,0,6144,2073600,2073600,1080,11127,FULL,-100,100,100,-100,-100,-100,-100,100
1782671811,0,4096,4096,0,0,0,0,0,0,8192,2073600,2073600,1080,11127,FULL,-100,100,100,-100,-100,-100,-100,100
1782671812,0,4096,4096,0,0,0,0,0,0,12288,2073600,2073600,1080,11127,FULL,-100,100,100,-100,-100,-100,-100,100
1782671813,0,4096,4096,0,0,0,0,0,0,16384,608308,2073600,316,26936,short,-100,100,100,-100,-100,-100,-100,100
1782671815,0,4096,4096,0,0,0,0,0,0,24576,608647,2073600,316,30386,short,-100,100,100,-100,-100,-100,-100,100
1782671824,0,4096,4096,0,0,0,0,0,0,4096,2073600,2073600,1080,11517,FULL,100,100,100,-100,-100,-100,-100,100
1782671824,0,4096,4096,0,0,0,0,0,0,6144,2073600,2073600,1080,11483,FULL,100,100,100,-100,-100,-100,-100,100
1782671825,0,4096,4096,0,0,0,0,0,0,8192,2073600,2073600,1080,11482,FULL,100,100,100,-100,-100,-100,-100,100
1782671826,0,4096,4096,0,0,0,0,0,0,12288,2073600,2073600,1080,378,FULL,100,100,100,-100,-100,-100,-100,100
1782671828,0,4096,4096,0,0,0,0,0,0,16384,603849,2073600,314,35327,short,100,100,100,-100,-100,-100,-100,100
1782671829,0,4096,4096,0,0,0,0,0,0,24576,603965,2073600,314,34416,short,100,100,100,-100,-100,-100,-100,100
1782671838,0,4096,4096,0,0,0,0,0,0,4096,2073600,2073600,1080,11127,FULL,-100,-100,-100,100,-100,-100,-100,100
1782671839,0,4096,4096,0,0,0,0,0,0,6144,2073600,2073600,1080,11127,FULL,-100,-100,-100,100,-100,-100,-100,100
1782671840,0,4096,4096,0,0,0,0,0,0,8192,2073600,2073600,1080,11127,FULL,-100,-100,-100,100,-100,-100,-100,100
1782671841,0,4096,4096,0,0,0,0,0,0,12288,2073600,2073600,1080,11127,FULL,-100,-100,-100,100,-100,-100,-100,100
1782671842,0,4096,4096,0,0,0,0,0,0,16384,2073600,2073600,1080,11127,FULL,-100,-100,-100,100,-100,-100,-100,100
1782671843,0,4096,4096,0,0,0,0,0,0,24576,2073600,2073600,1080,11127,FULL,-100,-100,-100,100,-100,-100,-100,100
1782671852,0,4096,4096,0,0,0,0,0,0,4096,2073600,2073600,1080,11127,FULL,100,-100,-100,100,-100,-100,-100,100
1782671853,0,4096,4096,0,0,0,0,0,0,6144,2073600,2073600,1080,11127,FULL,100,-100,-100,100,-100,-100,-100,100
1782671854,0,4096,4096,0,0,0,0,0,0,8192,2073600,2073600,1080,11127,FULL,100,-100,-100,100,-100,-100,-100,100
1782671855,0,4096,4096,0,0,0,0,0,0,12288,2073600,2073600,1080,11127,FULL,100,-100,-100,100,-100,-100,-100,100
1782671856,0,4096,4096,0,0,0,0,0,0,16384,2073600,2073600,1080,11127,FULL,100,-100,-100,100,-100,-100,-100,100
1782671857,0,4096,4096,0,0,0,0,0,0,24576,2073600,2073600,1080,11127,FULL,100,-100,-100,100,-100,-100,-100,100
1782671866,0,4096,4096,0,0,0,0,0,0,4096,2073600,2073600,1080,11127,FULL,-100,100,-100,100,-100,-100,-100,100
1782671867,0,4096,4096,0,0,0,0,0,0,6144,2073600,2073600,1080,11127,FULL,-100,100,-100,100,-100,-100,-100,100
1782671868,0,4096,4096,0,0,0,0,0,0,8192,2073600,2073600,1080,11127,FULL,-100,100,-100,100,-100,-100,-100,100
1782671869,0,4096,4096,0,0,0,0,0,0,12288,2073600,2073600,1080,11127,FULL,-100,100,-100,100,-100,-100,-100,100
1782671870,0,4096,4096,0,0,0,0,0,0,16384,2073600,2073600,1080,11127,FULL,-100,100,-100,100,-100,-100,-100,100
1782671872,0,4096,4096,0,0,0,0,0,0,24576,2073600,2073600,1080,11127,FULL,-100,100,-100,100,-100,-100,-100,100
1782671880,0,4096,4096,0,0,0,0,0,0,4096,2073600,2073600,1080,11500,FULL,100,100,-100,100,-100,-100,-100,100
1782671881,0,4096,4096,0,0,0,0,0,0,6144,2073600,2073600,1080,11469,FULL,100,100,-100,100,-100,-100,-100,100
1782671882,0,4096,4096,0,0,0,0,0,0,8192,2073600,2073600,1080,11472,FULL,100,100,-100,100,-100,-100,-100,100
1782671883,0,4096,4096,0,0,0,0,0,0,12288,2073600,2073600,1080,11480,FULL,100,100,-100,100,-100,-100,-100,100
1782671884,0,4096,4096,0,0,0,0,0,0,16384,2073600,2073600,1080,11477,FULL,100,100,-100,100,-100,-100,-100,100
1782671886,0,4096,4096,0,0,0,0,0,0,24576,2073600,2073600,1080,11468,FULL,100,100,-100,100,-100,-100,-100,100
1782671895,0,4096,4096,0,0,0,0,0,0,4096,2073600,2073600,1080,11127,FULL,-100,-100,100,100,-100,-100,-100,100
1782671896,0,4096,4096,0,0,0,0,0,0,6144,2073600,2073600,1080,11127,FULL,-100,-100,100,100,-100,-100,-100,100
1782671896,0,4096,4096,0,0,0,0,0,0,8192,2073600,2073600,1080,11127,FULL,-100,-100,100,100,-100,-100,-100,100
1782671898,0,4096,4096,0,0,0,0,0,0,12288,2073600,2073600,1080,11127,FULL,-100,-100,100,100,-100,-100,-100,100
1782671899,0,4096,4096,0,0,0,0,0,0,16384,2073600,2073600,1080,11127,FULL,-100,-100,100,100,-100,-100,-100,100
1782671900,0,4096,4096,0,0,0,0,0,0,24576,2073600,2073600,1080,11127,FULL,-100,-100,100,100,-100,-100,-100,100
1782671909,0,4096,4096,0,0,0,0,0,0,4096,2073600,2073600,1080,11127,FULL,100,-100,100,100,-100,-100,-100,100
1782671910,0,4096,4096,0,0,0,0,0,0,6144,2073600,2073600,1080,11127,FULL,100,-100,100,100,-100,-100,-100,100
1782671911,0,4096,4096,0,0,0,0,0,0,8192,2073600,2073600,1080,11127,FULL,100,-100,100,100,-100,-100,-100,100
1782671912,0,4096,4096,0,0,0,0,0,0,12288,2073600,2073600,1080,11127,FULL,100,-100,100,100,-100,-100,-100,100
1782671913,0,4096,4096,0,0,0,0,0,0,16384,2073600,2073600,1080,11127,FULL,100,-100,100,100,-100,-100,-100,100
1782671914,0,4096,4096,0,0,0,0,0,0,24576,2073600,2073600,1080,11127,FULL,100,-100,100,100,-100,-100,-100,100
1782671923,0,4096,4096,0,0,0,0,0,0,4096,2073600,2073600,1080,11127,FULL,-100,100,100,100,-100,-100,-100,100
1782671924,0,4096,4096,0,0,0,0,0,0,6144,2073600,2073600,1080,11127,FULL,-100,100,100,100,-100,-100,-100,100
1782671925,0,4096,4096,0,0,0,0,0,0,8192,2073600,2073600,1080,11127,FULL,-100,100,100,100,-100,-100,-100,100
1782671926,0,4096,4096,0,0,0,0,0,0,12288,2073600,2073600,1080,11127,FULL,-100,100,100,100,-100,-100,-100,100
1782671927,0,4096,4096,0,0,0,0,0,0,16384,2073600,2073600,1080,11127,FULL,-100,100,100,100,-100,-100,-100,100
1782671928,0,4096,4096,0,0,0,0,0,0,24576,2073600,2073600,1080,11127,FULL,-100,100,100,100,-100,-100,-100,100
1782671937,0,4096,4096,0,0,0,0,0,0,4096,2073600,2073600,1080,11287,FULL,100,100,100,100,-100,-100,-100,100
1782671938,0,4096,4096,0,0,0,0,0,0,6144,2073600,2073600,1080,11274,FULL,100,100,100,100,-100,-100,-100,100
1782671939,0,4096,4096,0,0,0,0,0,0,8192,2073600,2073600,1080,11292,FULL,100,100,100,100,-100,-100,-100,100
1782671940,0,4096,4096,0,0,0,0,0,0,12288,2073600,2073600,1080,11277,FULL,100,100,100,100,-100,-100,-100,100
1782671941,0,4096,4096,0,0,0,0,0,0,16384,2073600,2073600,1080,11285,FULL,100,100,100,100,-100,-100,-100,100
1782671943,0,4096,4096,0,0,0,0,0,0,24576,2073600,2073600,1080,11274,FULL,100,100,100,100,-100,-100,-100,100
1782671952,0,4096,4096,0,0,0,0,0,0,4096,2073600,2073600,1080,11127,FULL,-100,-100,-100,-100,100,-100,-100,100
1782671952,0,4096,4096,0,0,0,0,0,0,6144,2073600,2073600,1080,11127,FULL,-100,-100,-100,-100,100,-100,-100,100
1782671953,0,4096,4096,0,0,0,0,0,0,8192,2073600,2073600,1080,11127,FULL,-100,-100,-100,-100,100,-100,-100,100
1782671954,0,4096,4096,0,0,0,0,0,0,12288,2073600,2073600,1080,11127,FULL,-100,-100,-100,-100,100,-100,-100,100
1782671956,0,4096,4096,0,0,0,0,0,0,16384,2073600,2073600,1080,11127,FULL,-100,-100,-100,-100,100,-100,-100,100
1782671957,0,4096,4096,0,0,0,0,0,0,24576,2073600,2073600,1080,11127,FULL,-100,-100,-100,-100,100,-100,-100,100
1782671966,0,4096,4096,0,0,0,0,0,0,4096,2073600,2073600,1080,11127,FULL,100,-100,-100,-100,100,-100,-100,100
1782671967,0,4096,4096,0,0,0,0,0,0,6144,2073600,2073600,1080,11127,FULL,100,-100,-100,-100,100,-100,-100,100
1782671968,0,4096,4096,0,0,0,0,0,0,8192,2073600,2073600,1080,11127,FULL,100,-100,-100,-100,100,-100,-100,100
1782671969,0,4096,4096,0,0,0,0,0,0,12288,2073600,2073600,1080,11127,FULL,100,-100,-100,-100,100,-100,-100,100
1782671970,0,4096,4096,0,0,0,0,0,0,16384,2073600,2073600,1080,11127,FULL,100,-100,-100,-100,100,-100,-100,100
1782671971,0,4096,4096,0,0,0,0,0,0,24576,2073600,2073600,1080,11127,FULL,100,-100,-100,-100,100,-100,-100,100
1782671980,0,4096,4096,0,0,0,0,0,0,4096,2073600,2073600,1080,11127,FULL,-100,100,-100,-100,100,-100,-100,100
1782671981,0,4096,4096,0,0,0,0,0,0,6144,2073600,2073600,1080,11127,FULL,-100,100,-100,-100,100,-100,-100,100
1782671982,0,4096,4096,0,0,0,0,0,0,8192,2073600,2073600,1080,11127,FULL,-100,100,-100,-100,100,-100,-100,100
1782671983,0,4096,4096,0,0,0,0,0,0,12288,2073600,2073600,1080,11127,FULL,-100,100,-100,-100,100,-100,-100,100
1782671984,0,4096,4096,0,0,0,0,0,0,16384,2073600,2073600,1080,0,FULL,-100,100,-100,-100,100,-100,-100,100
1782671985,0,4096,4096,0,0,0,0,0,0,24576,471807,2073600,245,47346,short,-100,100,-100,-100,100,-100,-100,100
1782671994,0,4096,4096,0,0,0,0,0,0,4096,2073600,2073600,1080,11293,FULL,100,100,-100,-100,100,-100,-100,100
1782671995,0,4096,4096,0,0,0,0,0,0,6144,2073600,2073600,1080,11309,FULL,100,100,-100,-100,100,-100,-100,100
1782671996,0,4096,4096,0,0,0,0,0,0,8192,2073600,2073600,1080,11274,FULL,100,100,-100,-100,100,-100,-100,100
1782671997,0,4096,4096,0,0,0,0,0,0,12288,2073600,2073600,1080,11274,FULL,100,100,-100,-100,100,-100,-100,100
1782671998,0,4096,4096,0,0,0,0,0,0,16384,2073600,2073600,1080,11300,FULL,100,100,-100,-100,100,-100,-100,100
1782672000,0,4096,4096,0,0,0,0,0,0,24576,2073600,2073600,1080,0,FULL,100,100,-100,-100,100,-100,-100,100
1782672008,0,4096,4096,0,0,0,0,0,0,4096,2073600,2073600,1080,11127,FULL,-100,-100,100,-100,100,-100,-100,100
1782672009,0,4096,4096,0,0,0,0,0,0,6144,2073600,2073600,1080,11127,FULL,-100,-100,100,-100,100,-100,-100,100
1782672010,0,4096,4096,0,0,0,0,0,0,8192,2073600,2073600,1080,11127,FULL,-100,-100,100,-100,100,-100,-100,100
1782672011,0,4096,4096,0,0,0,0,0,0,12288,2073600,2073600,1080,11127,FULL,-100,-100,100,-100,100,-100,-100,100
1782672012,0,4096,4096,0,0,0,0,0,0,16384,2073600,2073600,1080,11127,FULL,-100,-100,100,-100,100,-100,-100,100
1782672014,0,4096,4096,0,0,0,0,0,0,24576,2073600,2073600,1080,11127,FULL,-100,-100,100,-100,100,-100,-100,100
1782672023,0,4096,4096,0,0,0,0,0,0,4096,2073600,2073600,1080,11127,FULL,100,-100,100,-100,100,-100,-100,100
1782672023,0,4096,4096,0,0,0,0,0,0,6144,2073600,2073600,1080,11127,FULL,100,-100,100,-100,100,-100,-100,100
1782672024,0,4096,4096,0,0,0,0,0,0,8192,2073600,2073600,1080,11127,FULL,100,-100,100,-100,100,-100,-100,100
1782672025,0,4096,4096,0,0,0,0,0,0,12288,2073600,2073600,1080,11127,FULL,100,-100,100,-100,100,-100,-100,100
1782672027,0,4096,4096,0,0,0,0,0,0,16384,2073600,2073600,1080,11127,FULL,100,-100,100,-100,100,-100,-100,100
1782672028,0,4096,4096,0,0,0,0,0,0,24576,2073600,2073600,1080,11127,FULL,100,-100,100,-100,100,-100,-100,100
1782672037,0,4096,4096,0,0,0,0,0,0,4096,2073600,2073600,1080,11127,FULL,-100,100,100,-100,100,-100,-100,100
1782672038,0,4096,4096,0,0,0,0,0,0,6144,2073600,2073600,1080,11127,FULL,-100,100,100,-100,100,-100,-100,100
1782672039,0,4096,4096,0,0,0,0,0,0,8192,2073600,2073600,1080,11127,FULL,-100,100,100,-100,100,-100,-100,100
1782672040,0,4096,4096,0,0,0,0,0,0,12288,2073600,2073600,1080,11127,FULL,-100,100,100,-100,100,-100,-100,100
1782672041,0,4096,4096,0,0,0,0,0,0,16384,2073600,2073600,1080,11127,FULL,-100,100,100,-100,100,-100,-100,100
1782672042,0,4096,4096,0,0,0,0,0,0,24576,2073600,2073600,1080,11127,FULL,-100,100,100,-100,100,-100,-100,100
1782672051,0,4096,4096,0,0,0,0,0,0,4096,2073600,2073600,1080,11498,FULL,100,100,100,-100,100,-100,-100,100
1782672052,0,4096,4096,0,0,0,0,0,0,6144,2073600,2073600,1080,11473,FULL,100,100,100,-100,100,-100,-100,100
1782672053,0,4096,4096,0,0,0,0,0,0,8192,2073600,2073600,1080,11491,FULL,100,100,100,-100,100,-100,-100,100
1782672054,0,4096,4096,0,0,0,0,0,0,12288,2073600,2073600,1080,11493,FULL,100,100,100,-100,100,-100,-100,100
1782672055,0,4096,4096,0,0,0,0,0,0,16384,2073600,2073600,1080,11469,FULL,100,100,100,-100,100,-100,-100,100
1782672056,0,4096,4096,0,0,0,0,0,0,24576,2073600,2073600,1080,11482,FULL,100,100,100,-100,100,-100,-100,100
1782672065,0,4096,4096,0,0,0,0,0,0,4096,2073600,2073600,1080,11127,FULL,-100,-100,-100,100,100,-100,-100,100
1782672066,0,4096,4096,0,0,0,0,0,0,6144,2073600,2073600,1080,11127,FULL,-100,-100,-100,100,100,-100,-100,100
1782672067,0,4096,4096,0,0,0,0,0,0,8192,2073600,2073600,1080,11127,FULL,-100,-100,-100,100,100,-100,-100,100
1782672068,0,4096,4096,0,0,0,0,0,0,12288,2073600,2073600,1080,11127,FULL,-100,-100,-100,100,100,-100,-100,100
1782672069,0,4096,4096,0,0,0,0,0,0,16384,2073600,2073600,1080,11127,FULL,-100,-100,-100,100,100,-100,-100,100
1782672071,0,4096,4096,0,0,0,0,0,0,24576,2073600,2073600,1080,11127,FULL,-100,-100,-100,100,100,-100,-100,100
1782672079,0,4096,4096,0,0,0,0,0,0,4096,2073600,2073600,1080,11127,FULL,100,-100,-100,100,100,-100,-100,100
1782672080,0,4096,4096,0,0,0,0,0,0,6144,2073600,2073600,1080,11127,FULL,100,-100,-100,100,100,-100,-100,100
1782672081,0,4096,4096,0,0,0,0,0,0,8192,2073600,2073600,1080,11127,FULL,100,-100,-100,100,100,-100,-100,100
1782672082,0,4096,4096,0,0,0,0,0,0,12288,2073600,2073600,1080,11127,FULL,100,-100,-100,100,100,-100,-100,100
1782672083,0,4096,4096,0,0,0,0,0,0,16384,2073600,2073600,1080,11127,FULL,100,-100,-100,100,100,-100,-100,100
1782672085,0,4096,4096,0,0,0,0,0,0,24576,2073600,2073600,1080,11127,FULL,100,-100,-100,100,100,-100,-100,100
1782672094,0,4096,4096,0,0,0,0,0,0,4096,2073600,2073600,1080,11127,FULL,-100,100,-100,100,100,-100,-100,100
1782672095,0,4096,4096,0,0,0,0,0,0,6144,2073600,2073600,1080,11127,FULL,-100,100,-100,100,100,-100,-100,100
1782672096,0,4096,4096,0,0,0,0,0,0,8192,2073600,2073600,1080,11127,FULL,-100,100,-100,100,100,-100,-100,100
1782672097,0,4096,4096,0,0,0,0,0,0,12288,2073600,2073600,1080,11127,FULL,-100,100,-100,100,100,-100,-100,100
1782672098,0,4096,4096,0,0,0,0,0,0,16384,2073600,2073600,1080,11127,FULL,-100,100,-100,100,100,-100,-100,100
1782672099,0,4096,4096,0,0,0,0,0,0,24576,2073600,2073600,1080,11127,FULL,-100,100,-100,100,100,-100,-100,100
1782672108,0,4096,4096,0,0,0,0,0,0,4096,2073600,2073600,1080,11485,FULL,100,100,-100,100,100,-100,-100,100
1782672109,0,4096,4096,0,0,0,0,0,0,6144,2073600,2073600,1080,11488,FULL,100,100,-100,100,100,-100,-100,100
1782672110,0,4096,4096,0,0,0,0,0,0,8192,2073600,2073600,1080,11490,FULL,100,100,-100,100,100,-100,-100,100
1782672111,0,4096,4096,0,0,0,0,0,0,12288,2073600,2073600,1080,11493,FULL,100,100,-100,100,100,-100,-100,100
1782672112,0,4096,4096,0,0,0,0,0,0,16384,2073600,2073600,1080,11479,FULL,100,100,-100,100,100,-100,-100,100
1782672113,0,4096,4096,0,0,0,0,0,0,24576,2073600,2073600,1080,11473,FULL,100,100,-100,100,100,-100,-100,100
1782672122,0,4096,4096,0,0,0,0,0,0,4096,2073600,2073600,1080,11127,FULL,-100,-100,100,100,100,-100,-100,100
1782672123,0,4096,4096,0,0,0,0,0,0,6144,2073600,2073600,1080,11127,FULL,-100,-100,100,100,100,-100,-100,100
1782672124,0,4096,4096,0,0,0,0,0,0,8192,2073600,2073600,1080,11127,FULL,-100,-100,100,100,100,-100,-100,100
1782672125,0,4096,4096,0,0,0,0,0,0,12288,2073600,2073600,1080,11127,FULL,-100,-100,100,100,100,-100,-100,100
1782672126,0,4096,4096,0,0,0,0,0,0,16384,2073600,2073600,1080,11127,FULL,-100,-100,100,100,100,-100,-100,100
1782672127,0,4096,4096,0,0,0,0,0,0,24576,2073600,2073600,1080,11127,FULL,-100,-100,100,100,100,-100,-100,100
1782672136,0,4096,4096,0,0,0,0,0,0,4096,2073600,2073600,1080,11127,FULL,100,-100,100,100,100,-100,-100,100
1782672137,0,4096,4096,0,0,0,0,0,0,6144,2073600,2073600,1080,11127,FULL,100,-100,100,100,100,-100,-100,100
1782672138,0,4096,4096,0,0,0,0,0,0,8192,2073600,2073600,1080,11127,FULL,100,-100,100,100,100,-100,-100,100
1782672139,0,4096,4096,0,0,0,0,0,0,12288,2073600,2073600,1080,11127,FULL,100,-100,100,100,100,-100,-100,100
1782672140,0,4096,4096,0,0,0,0,0,0,16384,2073600,2073600,1080,11127,FULL,100,-100,100,100,100,-100,-100,100
1782672142,0,4096,4096,0,0,0,0,0,0,24576,2073600,2073600,1080,11127,FULL,100,-100,100,100,100,-100,-100,100
1782672150,0,4096,4096,0,0,0,0,0,0,4096,2073600,2073600,1080,11127,FULL,-100,100,100,100,100,-100,-100,100
1782672151,0,4096,4096,0,0,0,0,0,0,6144,2073600,2073600,1080,11127,FULL,-100,100,100,100,100,-100,-100,100
1782672152,0,4096,4096,0,0,0,0,0,0,8192,2073600,2073600,1080,11127,FULL,-100,100,100,100,100,-100,-100,100
1782672153,0,4096,4096,0,0,0,0,0,0,12288,2073600,2073600,1080,11127,FULL,-100,100,100,100,100,-100,-100,100
1782672155,0,4096,4096,0,0,0,0,0,0,16384,2073600,2073600,1080,11127,FULL,-100,100,100,100,100,-100,-100,100
1782672156,0,4096,4096,0,0,0,0,0,0,24576,2073600,2073600,1080,11127,FULL,-100,100,100,100,100,-100,-100,100
1782672165,0,4096,4096,0,0,0,0,0,0,4096,2073600,2073600,1080,11273,FULL,100,100,100,100,100,-100,-100,100
1782672166,0,4096,4096,0,0,0,0,0,0,6144,2073600,2073600,1080,11305,FULL,100,100,100,100,100,-100,-100,100
1782672167,0,4096,4096,0,0,0,0,0,0,8192,2073600,2073600,1080,11296,FULL,100,100,100,100,100,-100,-100,100
1782672168,0,4096,4096,0,0,0,0,0,0,12288,2073600,2073600,1080,11274,FULL,100,100,100,100,100,-100,-100,100
1782672169,0,4096,4096,0,0,0,0,0,0,16384,2073600,2073600,1080,11280,FULL,100,100,100,100,100,-100,-100,100
1782672170,0,4096,4096,0,0,0,0,0,0,24576,2073600,2073600,1080,11297,FULL,100,100,100,100,100,-100,-100,100
1782672179,0,4096,4096,0,0,0,0,0,0,4096,2073600,2073600,1080,11127,FULL,-100,-100,-100,-100,-100,100,-100,100
1782672180,0,4096,4096,0,0,0,0,0,0,6144,2073600,2073600,1080,11127,FULL,-100,-100,-100,-100,-100,100,-100,100
1782672181,0,4096,4096,0,0,0,0,0,0,8192,2073600,2073600,1080,11127,FULL,-100,-100,-100,-100,-100,100,-100,100
1782672182,0,4096,4096,0,0,0,0,0,0,12288,2073600,2073600,1080,11127,FULL,-100,-100,-100,-100,-100,100,-100,100
1782672183,0,4096,4096,0,0,0,0,0,0,16384,2073600,2073600,1080,11127,FULL,-100,-100,-100,-100,-100,100,-100,100
1782672184,0,4096,4096,0,0,0,0,0,0,24576,2073600,2073600,1080,11127,FULL,-100,-100,-100,-100,-100,100,-100,100
1782672193,0,4096,4096,0,0,0,0,0,0,4096,2073600,2073600,1080,11127,FULL,100,-100,-100,-100,-100,100,-100,100
1782672194,0,4096,4096,0,0,0,0,0,0,6144,2073600,2073600,1080,11127,FULL,100,-100,-100,-100,-100,100,-100,100
1782672195,0,4096,4096,0,0,0,0,0,0,8192,2073600,2073600,1080,11127,FULL,100,-100,-100,-100,-100,100,-100,100
1782672196,0,4096,4096,0,0,0,0,0,0,12288,2073600,2073600,1080,11127,FULL,100,-100,-100,-100,-100,100,-100,100
1782672197,0,4096,4096,0,0,0,0,0,0,16384,2073600,2073600,1080,11127,FULL,100,-100,-100,-100,-100,100,-100,100
1782672198,0,4096,4096,0,0,0,0,0,0,24576,2073600,2073600,1080,11127,FULL,100,-100,-100,-100,-100,100,-100,100
1782672207,0,4096,4096,0,0,0,0,0,0,4096,2073600,2073600,1080,11127,FULL,-100,100,-100,-100,-100,100,-100,100
1782672208,0,4096,4096,0,0,0,0,0,0,6144,2073600,2073600,1080,11127,FULL,-100,100,-100,-100,-100,100,-100,100
1782672209,0,4096,4096,0,0,0,0,0,0,8192,2073600,2073600,1080,11127,FULL,-100,100,-100,-100,-100,100,-100,100
1782672210,0,4096,4096,0,0,0,0,0,0,12288,2073600,2073600,1080,11127,FULL,-100,100,-100,-100,-100,100,-100,100
1782672211,0,4096,4096,0,0,0,0,0,0,16384,2073600,2073600,1080,11127,FULL,-100,100,-100,-100,-100,100,-100,100
1782672213,0,4096,4096,0,0,0,0,0,0,24576,2073600,2073600,1080,11127,FULL,-100,100,-100,-100,-100,100,-100,100
1782672222,0,4096,4096,0,0,0,0,0,0,4096,2073600,2073600,1080,11274,FULL,100,100,-100,-100,-100,100,-100,100
1782672222,0,4096,4096,0,0,0,0,0,0,6144,2073600,2073600,1080,11277,FULL,100,100,-100,-100,-100,100,-100,100
1782672223,0,4096,4096,0,0,0,0,0,0,8192,2073600,2073600,1080,11277,FULL,100,100,-100,-100,-100,100,-100,100
1782672224,0,4096,4096,0,0,0,0,0,0,12288,2073600,2073600,1080,11294,FULL,100,100,-100,-100,-100,100,-100,100
1782672226,0,4096,4096,0,0,0,0,0,0,16384,2073600,2073600,1080,11275,FULL,100,100,-100,-100,-100,100,-100,100
1782672227,0,4096,4096,0,0,0,0,0,0,24576,2073600,2073600,1080,11274,FULL,100,100,-100,-100,-100,100,-100,100
1782672236,0,4096,4096,0,0,0,0,0,0,4096,2073600,2073600,1080,11127,FULL,-100,-100,100,-100,-100,100,-100,100
1782672237,0,4096,4096,0,0,0,0,0,0,6144,2073600,2073600,1080,11127,FULL,-100,-100,100,-100,-100,100,-100,100
1782672238,0,4096,4096,0,0,0,0,0,0,8192,2073600,2073600,1080,11127,FULL,-100,-100,100,-100,-100,100,-100,100
1782672239,0,4096,4096,0,0,0,0,0,0,12288,2073600,2073600,1080,11127,FULL,-100,-100,100,-100,-100,100,-100,100
1782672240,0,4096,4096,0,0,0,0,0,0,16384,2073600,2073600,1080,11127,FULL,-100,-100,100,-100,-100,100,-100,100
1782672241,0,4096,4096,0,0,0,0,0,0,24576,2073600,2073600,1080,11127,FULL,-100,-100,100,-100,-100,100,-100,100
1782672250,0,4096,4096,0,0,0,0,0,0,4096,2073600,2073600,1080,11127,FULL,100,-100,100,-100,-100,100,-100,100
1782672251,0,4096,4096,0,0,0,0,0,0,6144,2073600,2073600,1080,11127,FULL,100,-100,100,-100,-100,100,-100,100
1782672252,0,4096,4096,0,0,0,0,0,0,8192,2073600,2073600,1080,11127,FULL,100,-100,100,-100,-100,100,-100,100
1782672253,0,4096,4096,0,0,0,0,0,0,12288,2073600,2073600,1080,11127,FULL,100,-100,100,-100,-100,100,-100,100
1782672254,0,4096,4096,0,0,0,0,0,0,16384,2073600,2073600,1080,11127,FULL,100,-100,100,-100,-100,100,-100,100
1782672255,0,4096,4096,0,0,0,0,0,0,24576,2073600,2073600,1080,11127,FULL,100,-100,100,-100,-100,100,-100,100
1782672264,0,4096,4096,0,0,0,0,0,0,4096,2073600,2073600,1080,11127,FULL,-100,100,100,-100,-100,100,-100,100
1782672265,0,4096,4096,0,0,0,0,0,0,6144,2073600,2073600,1080,11127,FULL,-100,100,100,-100,-100,100,-100,100
1782672266,0,4096,4096,0,0,0,0,0,0,8192,2073600,2073600,1080,11127,FULL,-100,100,100,-100,-100,100,-100,100
1782672267,0,4096,4096,0,0,0,0,0,0,12288,2073600,2073600,1080,11127,FULL,-100,100,100,-100,-100,100,-100,100
1782672268,0,4096,4096,0,0,0,0,0,0,16384,2073600,2073600,1080,11127,FULL,-100,100,100,-100,-100,100,-100,100
1782672270,0,4096,4096,0,0,0,0,0,0,24576,2073600,2073600,1080,11127,FULL,-100,100,100,-100,-100,100,-100,100
1782672278,0,4096,4096,0,0,0,0,0,0,4096,2073600,2073600,1080,11276,FULL,100,100,100,-100,-100,100,-100,100
1782672279,0,4096,4096,0,0,0,0,0,0,6144,2073600,2073600,1080,11301,FULL,100,100,100,-100,-100,100,-100,100
1782672280,0,4096,4096,0,0,0,0,0,0,8192,2073600,2073600,1080,11272,FULL,100,100,100,-100,-100,100,-100,100
1782672281,0,4096,4096,0,0,0,0,0,0,12288,2073600,2073600,1080,11275,FULL,100,100,100,-100,-100,100,-100,100
1782672282,0,4096,4096,0,0,0,0,0,0,16384,2073600,2073600,1080,11277,FULL,100,100,100,-100,-100,100,-100,100
1782672284,0,4096,4096,0,0,0,0,0,0,24576,2073600,2073600,1080,11283,FULL,100,100,100,-100,-100,100,-100,100
1782672293,0,4096,4096,0,0,0,0,0,0,4096,2073600,2073600,1080,11127,FULL,-100,-100,-100,100,-100,100,-100,100
1782672294,0,4096,4096,0,0,0,0,0,0,6144,2073600,2073600,1080,11127,FULL,-100,-100,-100,100,-100,100,-100,100
1782672294,0,4096,4096,0,0,0,0,0,0,8192,2073600,2073600,1080,11127,FULL,-100,-100,-100,100,-100,100,-100,100
1782672296,0,4096,4096,0,0,0,0,0,0,12288,2073600,2073600,1080,11127,FULL,-100,-100,-100,100,-100,100,-100,100
1782672297,0,4096,4096,0,0,0,0,0,0,16384,2073600,2073600,1080,11127,FULL,-100,-100,-100,100,-100,100,-100,100
1782672298,0,4096,4096,0,0,0,0,0,0,24576,2073600,2073600,1080,11127,FULL,-100,-100,-100,100,-100,100,-100,100
1782672307,0,4096,4096,0,0,0,0,0,0,4096,2073600,2073600,1080,11127,FULL,100,-100,-100,100,-100,100,-100,100
1782672308,0,4096,4096,0,0,0,0,0,0,6144,2073600,2073600,1080,11127,FULL,100,-100,-100,100,-100,100,-100,100
1782672309,0,4096,4096,0,0,0,0,0,0,8192,2073600,2073600,1080,11127,FULL,100,-100,-100,100,-100,100,-100,100
1782672310,0,4096,4096,0,0,0,0,0,0,12288,2073600,2073600,1080,11127,FULL,100,-100,-100,100,-100,100,-100,100
1782672311,0,4096,4096,0,0,0,0,0,0,16384,2073600,2073600,1080,11127,FULL,100,-100,-100,100,-100,100,-100,100
1782672312,0,4096,4096,0,0,0,0,0,0,24576,2073600,2073600,1080,11127,FULL,100,-100,-100,100,-100,100,-100,100
1782672321,0,4096,4096,0,0,0,0,0,0,4096,2073600,2073600,1080,11127,FULL,-100,100,-100,100,-100,100,-100,100
1782672322,0,4096,4096,0,0,0,0,0,0,6144,2073600,2073600,1080,11127,FULL,-100,100,-100,100,-100,100,-100,100
1782672323,0,4096,4096,0,0,0,0,0,0,8192,2073600,2073600,1080,11127,FULL,-100,100,-100,100,-100,100,-100,100
1782672324,0,4096,4096,0,0,0,0,0,0,12288,2073600,2073600,1080,11127,FULL,-100,100,-100,100,-100,100,-100,100
1782672325,0,4096,4096,0,0,0,0,0,0,16384,2073600,2073600,1080,11127,FULL,-100,100,-100,100,-100,100,-100,100
1782672326,0,4096,4096,0,0,0,0,0,0,24576,2073600,2073600,1080,11127,FULL,-100,100,-100,100,-100,100,-100,100
1782672335,0,4096,4096,0,0,0,0,0,0,4096,2073600,2073600,1080,11286,FULL,100,100,-100,100,-100,100,-100,100
1782672336,0,4096,4096,0,0,0,0,0,0,6144,2073600,2073600,1080,11277,FULL,100,100,-100,100,-100,100,-100,100
1782672337,0,4096,4096,0,0,0,0,0,0,8192,2073600,2073600,1080,11304,FULL,100,100,-100,100,-100,100,-100,100
1782672338,0,4096,4096,0,0,0,0,0,0,12288,2073600,2073600,1080,11286,FULL,100,100,-100,100,-100,100,-100,100
1782672339,0,4096,4096,0,0,0,0,0,0,16384,2073600,2073600,1080,11281,FULL,100,100,-100,100,-100,100,-100,100
1782672341,0,4096,4096,0,0,0,0,0,0,24576,2073600,2073600,1080,11311,FULL,100,100,-100,100,-100,100,-100,100
1782672349,0,4096,4096,0,0,0,0,0,0,4096,2073600,2073600,1080,11127,FULL,-100,-100,100,100,-100,100,-100,100
1782672350,0,4096,4096,0,0,0,0,0,0,6144,2073600,2073600,1080,11127,FULL,-100,-100,100,100,-100,100,-100,100
1782672351,0,4096,4096,0,0,0,0,0,0,8192,2073600,2073600,1080,11127,FULL,-100,-100,100,100,-100,100,-100,100
1782672352,0,4096,4096,0,0,0,0,0,0,12288,2073600,2073600,1080,11127,FULL,-100,-100,100,100,-100,100,-100,100
1782672353,0,4096,4096,0,0,0,0,0,0,16384,2073600,2073600,1080,11127,FULL,-100,-100,100,100,-100,100,-100,100
1782672355,0,4096,4096,0,0,0,0,0,0,24576,2073600,2073600,1080,11127,FULL,-100,-100,100,100,-100,100,-100,100
1782672364,0,4096,4096,0,0,0,0,0,0,4096,2073600,2073600,1080,11127,FULL,100,-100,100,100,-100,100,-100,100
1782672365,0,4096,4096,0,0,0,0,0,0,6144,2073600,2073600,1080,11127,FULL,100,-100,100,100,-100,100,-100,100
1782672366,0,4096,4096,0,0,0,0,0,0,8192,2073600,2073600,1080,11127,FULL,100,-100,100,100,-100,100,-100,100
1782672367,0,4096,4096,0,0,0,0,0,0,12288,2073600,2073600,1080,11127,FULL,100,-100,100,100,-100,100,-100,100
1782672368,0,4096,4096,0,0,0,0,0,0,16384,2073600,2073600,1080,11127,FULL,100,-100,100,100,-100,100,-100,100
1782672369,0,4096,4096,0,0,0,0,0,0,24576,2073600,2073600,1080,11127,FULL,100,-100,100,100,-100,100,-100,100
1782672378,0,4096,4096,0,0,0,0,0,0,4096,2073600,2073600,1080,11127,FULL,-100,100,100,100,-100,100,-100,100
1782672379,0,4096,4096,0,0,0,0,0,0,6144,2073600,2073600,1080,11127,FULL,-100,100,100,100,-100,100,-100,100
1782672380,0,4096,4096,0,0,0,0,0,0,8192,2073600,2073600,1080,11127,FULL,-100,100,100,100,-100,100,-100,100
1782672381,0,4096,4096,0,0,0,0,0,0,12288,2073600,2073600,1080,11127,FULL,-100,100,100,100,-100,100,-100,100
1782672382,0,4096,4096,0,0,0,0,0,0,16384,2073600,2073600,1080,11127,FULL,-100,100,100,100,-100,100,-100,100
1782672383,0,4096,4096,0,0,0,0,0,0,24576,2073600,2073600,1080,11127,FULL,-100,100,100,100,-100,100,-100,100
1782672392,0,4096,4096,0,0,0,0,0,0,4096,2073600,2073600,1080,11296,FULL,100,100,100,100,-100,100,-100,100
1782672393,0,4096,4096,0,0,0,0,0,0,6144,2073600,2073600,1080,11279,FULL,100,100,100,100,-100,100,-100,100
1782672394,0,4096,4096,0,0,0,0,0,0,8192,2073600,2073600,1080,11276,FULL,100,100,100,100,-100,100,-100,100
1782672395,0,4096,4096,0,0,0,0,0,0,12288,2073600,2073600,1080,11278,FULL,100,100,100,100,-100,100,-100,100
1782672396,0,4096,4096,0,0,0,0,0,0,16384,2073600,2073600,1080,11275,FULL,100,100,100,100,-100,100,-100,100
1782672397,0,4096,4096,0,0,0,0,0,0,24576,2073600,2073600,1080,11277,FULL,100,100,100,100,-100,100,-100,100
1782672406,0,4096,4096,0,0,0,0,0,0,4096,2073600,2073600,1080,11127,FULL,-100,-100,-100,-100,100,100,-100,100
1782672407,0,4096,4096,0,0,0,0,0,0,6144,2073600,2073600,1080,11127,FULL,-100,-100,-100,-100,100,100,-100,100
1782672408,0,4096,4096,0,0,0,0,0,0,8192,2073600,2073600,1080,11127,FULL,-100,-100,-100,-100,100,100,-100,100
1782672409,0,4096,4096,0,0,0,0,0,0,12288,2073600,2073600,1080,11127,FULL,-100,-100,-100,-100,100,100,-100,100
1782672410,0,4096,4096,0,0,0,0,0,0,16384,2073600,2073600,1080,11127,FULL,-100,-100,-100,-100,100,100,-100,100
1782672412,0,4096,4096,0,0,0,0,0,0,24576,2073600,2073600,1080,11127,FULL,-100,-100,-100,-100,100,100,-100,100
1782672421,0,4096,4096,0,0,0,0,0,0,4096,2073600,2073600,1080,11127,FULL,100,-100,-100,-100,100,100,-100,100
1782672421,0,4096,4096,0,0,0,0,0,0,6144,2073600,2073600,1080,11127,FULL,100,-100,-100,-100,100,100,-100,100
1782672422,0,4096,4096,0,0,0,0,0,0,8192,2073600,2073600,1080,11127,FULL,100,-100,-100,-100,100,100,-100,100
1782672423,0,4096,4096,0,0,0,0,0,0,12288,2073600,2073600,1080,11127,FULL,100,-100,-100,-100,100,100,-100,100
1782672425,0,4096,4096,0,0,0,0,0,0,16384,2073600,2073600,1080,11127,FULL,100,-100,-100,-100,100,100,-100,100
1782672426,0,4096,4096,0,0,0,0,0,0,24576,2073600,2073600,1080,11127,FULL,100,-100,-100,-100,100,100,-100,100
1782672435,0,4096,4096,0,0,0,0,0,0,4096,2073600,2073600,1080,11127,FULL,-100,100,-100,-100,100,100,-100,100
1782672436,0,4096,4096,0,0,0,0,0,0,6144,2073600,2073600,1080,11127,FULL,-100,100,-100,-100,100,100,-100,100
1782672437,0,4096,4096,0,0,0,0,0,0,8192,2073600,2073600,1080,11127,FULL,-100,100,-100,-100,100,100,-100,100
1782672438,0,4096,4096,0,0,0,0,0,0,12288,2073600,2073600,1080,11127,FULL,-100,100,-100,-100,100,100,-100,100
1782672439,0,4096,4096,0,0,0,0,0,0,16384,2073600,2073600,1080,11127,FULL,-100,100,-100,-100,100,100,-100,100
1782672440,0,4096,4096,0,0,0,0,0,0,24576,2073600,2073600,1080,0,FULL,-100,100,-100,-100,100,100,-100,100
1782672449,0,4096,4096,0,0,0,0,0,0,4096,2073600,2073600,1080,11276,FULL,100,100,-100,-100,100,100,-100,100
1782672450,0,4096,4096,0,0,0,0,0,0,6144,2073600,2073600,1080,11303,FULL,100,100,-100,-100,100,100,-100,100
1782672451,0,4096,4096,0,0,0,0,0,0,8192,2073600,2073600,1080,11303,FULL,100,100,-100,-100,100,100,-100,100
1782672452,0,4096,4096,0,0,0,0,0,0,12288,2073600,2073600,1080,11274,FULL,100,100,-100,-100,100,100,-100,100
1782672453,0,4096,4096,0,0,0,0,0,0,16384,2073600,2073600,1080,11285,FULL,100,100,-100,-100,100,100,-100,100
1782672454,0,4096,4096,0,0,0,0,0,0,24576,2073600,2073600,1080,11299,FULL,100,100,-100,-100,100,100,-100,100
1782672463,0,4096,4096,0,0,0,0,0,0,4096,2073600,2073600,1080,11127,FULL,-100,-100,100,-100,100,100,-100,100
1782672464,0,4096,4096,0,0,0,0,0,0,6144,2073600,2073600,1080,11127,FULL,-100,-100,100,-100,100,100,-100,100
1782672465,0,4096,4096,0,0,0,0,0,0,8192,2073600,2073600,1080,11127,FULL,-100,-100,100,-100,100,100,-100,100
1782672466,0,4096,4096,0,0,0,0,0,0,12288,2073600,2073600,1080,11127,FULL,-100,-100,100,-100,100,100,-100,100
1782672467,0,4096,4096,0,0,0,0,0,0,16384,2073600,2073600,1080,11127,FULL,-100,-100,100,-100,100,100,-100,100
1782672469,0,4096,4096,0,0,0,0,0,0,24576,2073600,2073600,1080,11127,FULL,-100,-100,100,-100,100,100,-100,100
1782672477,0,4096,4096,0,0,0,0,0,0,4096,2073600,2073600,1080,11127,FULL,100,-100,100,-100,100,100,-100,100
1782672478,0,4096,4096,0,0,0,0,0,0,6144,2073600,2073600,1080,11127,FULL,100,-100,100,-100,100,100,-100,100
1782672479,0,4096,4096,0,0,0,0,0,0,8192,2073600,2073600,1080,11127,FULL,100,-100,100,-100,100,100,-100,100
1782672480,0,4096,4096,0,0,0,0,0,0,12288,2073600,2073600,1080,11127,FULL,100,-100,100,-100,100,100,-100,100
1782672481,0,4096,4096,0,0,0,0,0,0,16384,2073600,2073600,1080,11127,FULL,100,-100,100,-100,100,100,-100,100
1782672483,0,4096,4096,0,0,0,0,0,0,24576,2073600,2073600,1080,11127,FULL,100,-100,100,-100,100,100,-100,100
1782672492,0,4096,4096,0,0,0,0,0,0,4096,2073600,2073600,1080,11127,FULL,-100,100,100,-100,100,100,-100,100
1782672492,0,4096,4096,0,0,0,0,0,0,6144,2073600,2073600,1080,11127,FULL,-100,100,100,-100,100,100,-100,100
1782672493,0,4096,4096,0,0,0,0,0,0,8192,2073600,2073600,1080,11127,FULL,-100,100,100,-100,100,100,-100,100
1782672494,0,4096,4096,0,0,0,0,0,0,12288,2073600,2073600,1080,11127,FULL,-100,100,100,-100,100,100,-100,100
1782672496,0,4096,4096,0,0,0,0,0,0,16384,2073600,2073600,1080,11127,FULL,-100,100,100,-100,100,100,-100,100
1782672497,0,4096,4096,0,0,0,0,0,0,24576,2073600,2073600,1080,11127,FULL,-100,100,100,-100,100,100,-100,100
1782672506,0,4096,4096,0,0,0,0,0,0,4096,2073600,2073600,1080,11274,FULL,100,100,100,-100,100,100,-100,100
1782672507,0,4096,4096,0,0,0,0,0,0,6144,2073600,2073600,1080,11278,FULL,100,100,100,-100,100,100,-100,100
1782672508,0,4096,4096,0,0,0,0,0,0,8192,2073600,2073600,1080,11276,FULL,100,100,100,-100,100,100,-100,100
1782672509,0,4096,4096,0,0,0,0,0,0,12288,2073600,2073600,1080,11275,FULL,100,100,100,-100,100,100,-100,100
1782672510,0,4096,4096,0,0,0,0,0,0,16384,2073600,2073600,1080,11275,FULL,100,100,100,-100,100,100,-100,100
1782672511,0,4096,4096,0,0,0,0,0,0,24576,2073600,2073600,1080,11277,FULL,100,100,100,-100,100,100,-100,100
1782672520,0,4096,4096,0,0,0,0,0,0,4096,2073600,2073600,1080,11127,FULL,-100,-100,-100,100,100,100,-100,100
1782672521,0,4096,4096,0,0,0,0,0,0,6144,2073600,2073600,1080,11127,FULL,-100,-100,-100,100,100,100,-100,100
1782672522,0,4096,4096,0,0,0,0,0,0,8192,2073600,2073600,1080,11127,FULL,-100,-100,-100,100,100,100,-100,100
1782672523,0,4096,4096,0,0,0,0,0,0,12288,2073600,2073600,1080,11127,FULL,-100,-100,-100,100,100,100,-100,100
1782672524,0,4096,4096,0,0,0,0,0,0,16384,2073600,2073600,1080,11127,FULL,-100,-100,-100,100,100,100,-100,100
1782672525,0,4096,4096,0,0,0,0,0,0,24576,2073600,2073600,1080,11127,FULL,-100,-100,-100,100,100,100,-100,100
1782672534,0,4096,4096,0,0,0,0,0,0,4096,2073600,2073600,1080,11127,FULL,100,-100,-100,100,100,100,-100,100
1782672535,0,4096,4096,0,0,0,0,0,0,6144,2073600,2073600,1080,11127,FULL,100,-100,-100,100,100,100,-100,100
1782672536,0,4096,4096,0,0,0,0,0,0,8192,2073600,2073600,1080,11127,FULL,100,-100,-100,100,100,100,-100,100
1782672537,0,4096,4096,0,0,0,0,0,0,12288,2073600,2073600,1080,11127,FULL,100,-100,-100,100,100,100,-100,100
1782672538,0,4096,4096,0,0,0,0,0,0,16384,2073600,2073600,1080,11127,FULL,100,-100,-100,100,100,100,-100,100
1782672540,0,4096,4096,0,0,0,0,0,0,24576,2073600,2073600,1080,11127,FULL,100,-100,-100,100,100,100,-100,100
1782672548,0,4096,4096,0,0,0,0,0,0,4096,2073600,2073600,1080,11127,FULL,-100,100,-100,100,100,100,-100,100
1782672549,0,4096,4096,0,0,0,0,0,0,6144,2073600,2073600,1080,11127,FULL,-100,100,-100,100,100,100,-100,100
1782672550,0,4096,4096,0,0,0,0,0,0,8192,2073600,2073600,1080,11127,FULL,-100,100,-100,100,100,100,-100,100
1782672551,0,4096,4096,0,0,0,0,0,0,12288,2073600,2073600,1080,11127,FULL,-100,100,-100,100,100,100,-100,100
1782672553,0,4096,4096,0,0,0,0,0,0,16384,2073600,2073600,1080,11127,FULL,-100,100,-100,100,100,100,-100,100
1782672554,0,4096,4096,0,0,0,0,0,0,24576,2073600,2073600,1080,11127,FULL,-100,100,-100,100,100,100,-100,100
1782672563,0,4096,4096,0,0,0,0,0,0,4096,2073600,2073600,1080,11473,FULL,100,100,-100,100,100,100,-100,100
1782672564,0,4096,4096,0,0,0,0,0,0,6144,2073600,2073600,1080,11497,FULL,100,100,-100,100,100,100,-100,100
1782672564,0,4096,4096,0,0,0,0,0,0,8192,2073600,2073600,1080,11471,FULL,100,100,-100,100,100,100,-100,100
1782672566,0,4096,4096,0,0,0,0,0,0,12288,2073600,2073600,1080,11466,FULL,100,100,-100,100,100,100,-100,100
1782672567,0,4096,4096,0,0,0,0,0,0,16384,2073600,2073600,1080,11492,FULL,100,100,-100,100,100,100,-100,100
1782672568,0,4096,4096,0,0,0,0,0,0,24576,2073600,2073600,1080,11488,FULL,100,100,-100,100,100,100,-100,100
1782672577,0,4096,4096,0,0,0,0,0,0,4096,2073600,2073600,1080,11127,FULL,-100,-100,100,100,100,100,-100,100
1782672578,0,4096,4096,0,0,0,0,0,0,6144,2073600,2073600,1080,11127,FULL,-100,-100,100,100,100,100,-100,100
1782672579,0,4096,4096,0,0,0,0,0,0,8192,2073600,2073600,1080,11127,FULL,-100,-100,100,100,100,100,-100,100
1782672580,0,4096,4096,0,0,0,0,0,0,12288,2073600,2073600,1080,11127,FULL,-100,-100,100,100,100,100,-100,100
1782672581,0,4096,4096,0,0,0,0,0,0,16384,2073600,2073600,1080,11127,FULL,-100,-100,100,100,100,100,-100,100
1782672582,0,4096,4096,0,0,0,0,0,0,24576,2073600,2073600,1080,11127,FULL,-100,-100,100,100,100,100,-100,100
1782672591,0,4096,4096,0,0,0,0,0,0,4096,2073600,2073600,1080,11127,FULL,100,-100,100,100,100,100,-100,100
1782672592,0,4096,4096,0,0,0,0,0,0,6144,2073600,2073600,1080,11127,FULL,100,-100,100,100,100,100,-100,100
1782672593,0,4096,4096,0,0,0,0,0,0,8192,2073600,2073600,1080,11127,FULL,100,-100,100,100,100,100,-100,100
1782672594,0,4096,4096,0,0,0,0,0,0,12288,2073600,2073600,1080,11127,FULL,100,-100,100,100,100,100,-100,100
1782672595,0,4096,4096,0,0,0,0,0,0,16384,2073600,2073600,1080,11127,FULL,100,-100,100,100,100,100,-100,100
1782672596,0,4096,4096,0,0,0,0,0,0,24576,2073600,2073600,1080,11127,FULL,100,-100,100,100,100,100,-100,100
1782672605,0,4096,4096,0,0,0,0,0,0,4096,2073600,2073600,1080,11127,FULL,-100,100,100,100,100,100,-100,100
1782672606,0,4096,4096,0,0,0,0,0,0,6144,2073600,2073600,1080,11127,FULL,-100,100,100,100,100,100,-100,100
1782672607,0,4096,4096,0,0,0,0,0,0,8192,2073600,2073600,1080,11127,FULL,-100,100,100,100,100,100,-100,100
1782672608,0,4096,4096,0,0,0,0,0,0,12288,2073600,2073600,1080,11127,FULL,-100,100,100,100,100,100,-100,100
1782672609,0,4096,4096,0,0,0,0,0,0,16384,2073600,2073600,1080,11127,FULL,-100,100,100,100,100,100,-100,100
1782672611,0,4096,4096,0,0,0,0,0,0,24576,2073600,2073600,1080,11127,FULL,-100,100,100,100,100,100,-100,100
1782672619,0,4096,4096,0,0,0,0,0,0,4096,2073600,2073600,1080,11287,FULL,100,100,100,100,100,100,-100,100
1782672620,0,4096,4096,0,0,0,0,0,0,6144,2073600,2073600,1080,11279,FULL,100,100,100,100,100,100,-100,100
1782672621,0,4096,4096,0,0,0,0,0,0,8192,2073600,2073600,1080,11298,FULL,100,100,100,100,100,100,-100,100
1782672622,0,4096,4096,0,0,0,0,0,0,12288,2073600,2073600,1080,11287,FULL,100,100,100,100,100,100,-100,100
1782672624,0,4096,4096,0,0,0,0,0,0,16384,2073600,2073600,1080,11280,FULL,100,100,100,100,100,100,-100,100
1782672625,0,4096,4096,0,0,0,0,0,0,24576,2073600,2073600,1080,11282,FULL,100,100,100,100,100,100,-100,100
1782672634,0,4096,4096,0,0,0,0,0,0,4096,2073600,2073600,1080,11127,FULL,-100,-100,-100,-100,-100,-100,100,100
1782672635,0,4096,4096,0,0,0,0,0,0,6144,2073600,2073600,1080,11127,FULL,-100,-100,-100,-100,-100,-100,100,100
1782672636,0,4096,4096,0,0,0,0,0,0,8192,2073600,2073600,1080,11127,FULL,-100,-100,-100,-100,-100,-100,100,100
1782672637,0,4096,4096,0,0,0,0,0,0,12288,2073600,2073600,1080,11127,FULL,-100,-100,-100,-100,-100,-100,100,100
1782672638,0,4096,4096,0,0,0,0,0,0,16384,2073600,2073600,1080,11127,FULL,-100,-100,-100,-100,-100,-100,100,100
1782672639,0,4096,4096,0,0,0,0,0,0,24576,2073600,2073600,1080,11127,FULL,-100,-100,-100,-100,-100,-100,100,100
1782672648,0,4096,4096,0,0,0,0,0,0,4096,2073600,2073600,1080,11127,FULL,100,-100,-100,-100,-100,-100,100,100
1782672649,0,4096,4096,0,0,0,0,0,0,6144,2073600,2073600,1080,11127,FULL,100,-100,-100,-100,-100,-100,100,100
1782672650,0,4096,4096,0,0,0,0,0,0,8192,2073600,2073600,1080,11127,FULL,100,-100,-100,-100,-100,-100,100,100
1782672651,0,4096,4096,0,0,0,0,0,0,12288,2073600,2073600,1080,11127,FULL,100,-100,-100,-100,-100,-100,100,100
1782672652,0,4096,4096,0,0,0,0,0,0,16384,2073600,2073600,1080,11127,FULL,100,-100,-100,-100,-100,-100,100,100
1782672653,0,4096,4096,0,0,0,0,0,0,24576,2073600,2073600,1080,11127,FULL,100,-100,-100,-100,-100,-100,100,100
1782672662,0,4096,4096,0,0,0,0,0,0,4096,2073600,2073600,1080,11127,FULL,-100,100,-100,-100,-100,-100,100,100
1782672663,0,4096,4096,0,0,0,0,0,0,6144,2073600,2073600,1080,11127,FULL,-100,100,-100,-100,-100,-100,100,100
1782672664,0,4096,4096,0,0,0,0,0,0,8192,2073600,2073600,1080,11127,FULL,-100,100,-100,-100,-100,-100,100,100
1782672665,0,4096,4096,0,0,0,0,0,0,12288,2073600,2073600,1080,11127,FULL,-100,100,-100,-100,-100,-100,100,100
1782672666,0,4096,4096,0,0,0,0,0,0,16384,2073600,2073600,1080,11127,FULL,-100,100,-100,-100,-100,-100,100,100
1782672668,0,4096,4096,0,0,0,0,0,0,24576,474996,2073600,247,44468,short,-100,100,-100,-100,-100,-100,100,100
1782672676,0,4096,4096,0,0,0,0,0,0,4096,2073600,2073600,1080,11278,FULL,100,100,-100,-100,-100,-100,100,100
1782672677,0,4096,4096,0,0,0,0,0,0,6144,2073600,2073600,1080,11291,FULL,100,100,-100,-100,-100,-100,100,100
1782672678,0,4096,4096,0,0,0,0,0,0,8192,2073600,2073600,1080,11278,FULL,100,100,-100,-100,-100,-100,100,100
1782672679,0,4096,4096,0,0,0,0,0,0,12288,2073600,2073600,1080,11274,FULL,100,100,-100,-100,-100,-100,100,100
1782672680,0,4096,4096,0,0,0,0,0,0,16384,2073600,2073600,1080,11282,FULL,100,100,-100,-100,-100,-100,100,100
1782672682,0,4096,4096,0,0,0,0,0,0,24576,501080,2073600,261,11740,short,100,100,-100,-100,-100,-100,100,100
1782672691,0,4096,4096,0,0,0,0,0,0,4096,2073600,2073600,1080,11127,FULL,-100,-100,100,-100,-100,-100,100,100
1782672691,0,4096,4096,0,0,0,0,0,0,6144,2073600,2073600,1080,11127,FULL,-100,-100,100,-100,-100,-100,100,100
1782672692,0,4096,4096,0,0,0,0,0,0,8192,2073600,2073600,1080,11127,FULL,-100,-100,100,-100,-100,-100,100,100
1782672693,0,4096,4096,0,0,0,0,0,0,12288,2073600,2073600,1080,11127,FULL,-100,-100,100,-100,-100,-100,100,100
1782672695,0,4096,4096,0,0,0,0,0,0,16384,2073600,2073600,1080,11127,FULL,-100,-100,100,-100,-100,-100,100,100
1782672696,0,4096,4096,0,0,0,0,0,0,24576,2073600,2073600,1080,11127,FULL,-100,-100,100,-100,-100,-100,100,100
1782672705,0,4096,4096,0,0,0,0,0,0,4096,2073600,2073600,1080,11127,FULL,100,-100,100,-100,-100,-100,100,100
1782672706,0,4096,4096,0,0,0,0,0,0,6144,2073600,2073600,1080,11127,FULL,100,-100,100,-100,-100,-100,100,100
1782672707,0,4096,4096,0,0,0,0,0,0,8192,2073600,2073600,1080,11127,FULL,100,-100,100,-100,-100,-100,100,100
1782672708,0,4096,4096,0,0,0,0,0,0,12288,2073600,2073600,1080,11127,FULL,100,-100,100,-100,-100,-100,100,100
1782672709,0,4096,4096,0,0,0,0,0,0,16384,2073600,2073600,1080,11127,FULL,100,-100,100,-100,-100,-100,100,100
1782672710,0,4096,4096,0,0,0,0,0,0,24576,2073600,2073600,1080,0,FULL,100,-100,100,-100,-100,-100,100,100
1782672719,0,4096,4096,0,0,0,0,0,0,4096,2073600,2073600,1080,11127,FULL,-100,100,100,-100,-100,-100,100,100
1782672720,0,4096,4096,0,0,0,0,0,0,6144,2073600,2073600,1080,11127,FULL,-100,100,100,-100,-100,-100,100,100
1782672721,0,4096,4096,0,0,0,0,0,0,8192,2073600,2073600,1080,11127,FULL,-100,100,100,-100,-100,-100,100,100
1782672722,0,4096,4096,0,0,0,0,0,0,12288,2073600,2073600,1080,11127,FULL,-100,100,100,-100,-100,-100,100,100
1782672723,0,4096,4096,0,0,0,0,0,0,16384,2073600,2073600,1080,11127,FULL,-100,100,100,-100,-100,-100,100,100
1782672724,0,4096,4096,0,0,0,0,0,0,24576,568215,2073600,295,6717,short,-100,100,100,-100,-100,-100,100,100
1782672733,0,4096,4096,0,0,0,0,0,0,4096,2073600,2073600,1080,11277,FULL,100,100,100,-100,-100,-100,100,100
1782672734,0,4096,4096,0,0,0,0,0,0,6144,2073600,2073600,1080,11278,FULL,100,100,100,-100,-100,-100,100,100
1782672735,0,4096,4096,0,0,0,0,0,0,8192,2073600,2073600,1080,11275,FULL,100,100,100,-100,-100,-100,100,100
1782672736,0,4096,4096,0,0,0,0,0,0,12288,2073600,2073600,1080,11301,FULL,100,100,100,-100,-100,-100,100,100
1782672737,0,4096,4096,0,0,0,0,0,0,16384,2073600,2073600,1080,11276,FULL,100,100,100,-100,-100,-100,100,100
1782672739,0,4096,4096,0,0,0,0,0,0,24576,641836,2073600,334,59676,short,100,100,100,-100,-100,-100,100,100
1782672747,0,4096,4096,0,0,0,0,0,0,4096,2073600,2073600,1080,11127,FULL,-100,-100,-100,100,-100,-100,100,100
1782672748,0,4096,4096,0,0,0,0,0,0,6144,2073600,2073600,1080,11127,FULL,-100,-100,-100,100,-100,-100,100,100
1782672749,0,4096,4096,0,0,0,0,0,0,8192,2073600,2073600,1080,11127,FULL,-100,-100,-100,100,-100,-100,100,100
1782672750,0,4096,4096,0,0,0,0,0,0,12288,2073600,2073600,1080,11127,FULL,-100,-100,-100,100,-100,-100,100,100
1782672751,0,4096,4096,0,0,0,0,0,0,16384,2073600,2073600,1080,11127,FULL,-100,-100,-100,100,-100,-100,100,100
1782672753,0,4096,4096,0,0,0,0,0,0,24576,2073600,2073600,1080,11127,FULL,-100,-100,-100,100,-100,-100,100,100
1782672762,0,4096,4096,0,0,0,0,0,0,4096,2073600,2073600,1080,11127,FULL,100,-100,-100,100,-100,-100,100,100
1782672763,0,4096,4096,0,0,0,0,0,0,6144,2073600,2073600,1080,11127,FULL,100,-100,-100,100,-100,-100,100,100
1782672763,0,4096,4096,0,0,0,0,0,0,8192,2073600,2073600,1080,11127,FULL,100,-100,-100,100,-100,-100,100,100
1782672765,0,4096,4096,0,0,0,0,0,0,12288,2073600,2073600,1080,11127,FULL,100,-100,-100,100,-100,-100,100,100
1782672766,0,4096,4096,0,0,0,0,0,0,16384,2073600,2073600,1080,11127,FULL,100,-100,-100,100,-100,-100,100,100
1782672767,0,4096,4096,0,0,0,0,0,0,24576,2073600,2073600,1080,11127,FULL,100,-100,-100,100,-100,-100,100,100
1782672776,0,4096,4096,0,0,0,0,0,0,4096,2073600,2073600,1080,11127,FULL,-100,100,-100,100,-100,-100,100,100
1782672777,0,4096,4096,0,0,0,0,0,0,6144,2073600,2073600,1080,11127,FULL,-100,100,-100,100,-100,-100,100,100
1782672778,0,4096,4096,0,0,0,0,0,0,8192,2073600,2073600,1080,11127,FULL,-100,100,-100,100,-100,-100,100,100
1782672779,0,4096,4096,0,0,0,0,0,0,12288,2073600,2073600,1080,11127,FULL,-100,100,-100,100,-100,-100,100,100
1782672780,0,4096,4096,0,0,0,0,0,0,16384,2073600,2073600,1080,11127,FULL,-100,100,-100,100,-100,-100,100,100
1782672781,0,4096,4096,0,0,0,0,0,0,24576,2073600,2073600,1080,11127,FULL,-100,100,-100,100,-100,-100,100,100
1782672790,0,4096,4096,0,0,0,0,0,0,4096,2073600,2073600,1080,11276,FULL,100,100,-100,100,-100,-100,100,100
1782672791,0,4096,4096,0,0,0,0,0,0,6144,2073600,2073600,1080,11276,FULL,100,100,-100,100,-100,-100,100,100
1782672792,0,4096,4096,0,0,0,0,0,0,8192,2073600,2073600,1080,11273,FULL,100,100,-100,100,-100,-100,100,100
1782672793,0,4096,4096,0,0,0,0,0,0,12288,2073600,2073600,1080,11289,FULL,100,100,-100,100,-100,-100,100,100
1782672794,0,4096,4096,0,0,0,0,0,0,16384,2073600,2073600,1080,11313,FULL,100,100,-100,100,-100,-100,100,100
1782672795,0,4096,4096,0,0,0,0,0,0,24576,2073600,2073600,1080,11277,FULL,100,100,-100,100,-100,-100,100,100
1782672804,0,4096,4096,0,0,0,0,0,0,4096,2073600,2073600,1080,11127,FULL,-100,-100,100,100,-100,-100,100,100
1782672805,0,4096,4096,0,0,0,0,0,0,6144,2073600,2073600,1080,11127,FULL,-100,-100,100,100,-100,-100,100,100
1782672806,0,4096,4096,0,0,0,0,0,0,8192,2073600,2073600,1080,11127,FULL,-100,-100,100,100,-100,-100,100,100
1782672807,0,4096,4096,0,0,0,0,0,0,12288,2073600,2073600,1080,11127,FULL,-100,-100,100,100,-100,-100,100,100
1782672808,0,4096,4096,0,0,0,0,0,0,16384,2073600,2073600,1080,11127,FULL,-100,-100,100,100,-100,-100,100,100
1782672810,0,4096,4096,0,0,0,0,0,0,24576,2073600,2073600,1080,11127,FULL,-100,-100,100,100,-100,-100,100,100
1782672818,0,4096,4096,0,0,0,0,0,0,4096,2073600,2073600,1080,11127,FULL,100,-100,100,100,-100,-100,100,100
1782672819,0,4096,4096,0,0,0,0,0,0,6144,2073600,2073600,1080,11127,FULL,100,-100,100,100,-100,-100,100,100
1782672820,0,4096,4096,0,0,0,0,0,0,8192,2073600,2073600,1080,11127,FULL,100,-100,100,100,-100,-100,100,100
1782672821,0,4096,4096,0,0,0,0,0,0,12288,2073600,2073600,1080,11127,FULL,100,-100,100,100,-100,-100,100,100
1782672823,0,4096,4096,0,0,0,0,0,0,16384,2073600,2073600,1080,11127,FULL,100,-100,100,100,-100,-100,100,100
1782672824,0,4096,4096,0,0,0,0,0,0,24576,2073600,2073600,1080,11127,FULL,100,-100,100,100,-100,-100,100,100
1782672833,0,4096,4096,0,0,0,0,0,0,4096,2073600,2073600,1080,11127,FULL,-100,100,100,100,-100,-100,100,100
1782672834,0,4096,4096,0,0,0,0,0,0,6144,2073600,2073600,1080,11127,FULL,-100,100,100,100,-100,-100,100,100
1782672835,0,4096,4096,0,0,0,0,0,0,8192,2073600,2073600,1080,11127,FULL,-100,100,100,100,-100,-100,100,100
1782672836,0,4096,4096,0,0,0,0,0,0,12288,2073600,2073600,1080,11127,FULL,-100,100,100,100,-100,-100,100,100
1782672837,0,4096,4096,0,0,0,0,0,0,16384,2073600,2073600,1080,11127,FULL,-100,100,100,100,-100,-100,100,100
1782672838,0,4096,4096,0,0,0,0,0,0,24576,2073600,2073600,1080,11127,FULL,-100,100,100,100,-100,-100,100,100
1782672847,0,4096,4096,0,0,0,0,0,0,4096,2073600,2073600,1080,11273,FULL,100,100,100,100,-100,-100,100,100
1782672848,0,4096,4096,0,0,0,0,0,0,6144,2073600,2073600,1080,11277,FULL,100,100,100,100,-100,-100,100,100
1782672849,0,4096,4096,0,0,0,0,0,0,8192,2073600,2073600,1080,11284,FULL,100,100,100,100,-100,-100,100,100
1782672850,0,4096,4096,0,0,0,0,0,0,12288,2073600,2073600,1080,11279,FULL,100,100,100,100,-100,-100,100,100
1782672851,0,4096,4096,0,0,0,0,0,0,16384,2073600,2073600,1080,11283,FULL,100,100,100,100,-100,-100,100,100
1782672852,0,4096,4096,0,0,0,0,0,0,24576,2073600,2073600,1080,11295,FULL,100,100,100,100,-100,-100,100,100
1782672861,0,4096,4096,0,0,0,0,0,0,4096,2073600,2073600,1080,11127,FULL,-100,-100,-100,-100,100,-100,100,100
1782672862,0,4096,4096,0,0,0,0,0,0,6144,2073600,2073600,1080,11127,FULL,-100,-100,-100,-100,100,-100,100,100
1782672863,0,4096,4096,0,0,0,0,0,0,8192,2073600,2073600,1080,11127,FULL,-100,-100,-100,-100,100,-100,100,100
1782672864,0,4096,4096,0,0,0,0,0,0,12288,2073600,2073600,1080,11127,FULL,-100,-100,-100,-100,100,-100,100,100
1782672865,0,4096,4096,0,0,0,0,0,0,16384,2073600,2073600,1080,11127,FULL,-100,-100,-100,-100,100,-100,100,100
1782672866,0,4096,4096,0,0,0,0,0,0,24576,2073600,2073600,1080,11127,FULL,-100,-100,-100,-100,100,-100,100,100
1782672875,0,4096,4096,0,0,0,0,0,0,4096,2073600,2073600,1080,11127,FULL,100,-100,-100,-100,100,-100,100,100
1782672876,0,4096,4096,0,0,0,0,0,0,6144,2073600,2073600,1080,11127,FULL,100,-100,-100,-100,100,-100,100,100
1782672877,0,4096,4096,0,0,0,0,0,0,8192,2073600,2073600,1080,11127,FULL,100,-100,-100,-100,100,-100,100,100
1782672878,0,4096,4096,0,0,0,0,0,0,12288,2073600,2073600,1080,11127,FULL,100,-100,-100,-100,100,-100,100,100
1782672879,0,4096,4096,0,0,0,0,0,0,16384,2073600,2073600,1080,11127,FULL,100,-100,-100,-100,100,-100,100,100
1782672881,0,4096,4096,0,0,0,0,0,0,24576,2073600,2073600,1080,11127,FULL,100,-100,-100,-100,100,-100,100,100
1782672890,0,4096,4096,0,0,0,0,0,0,4096,2073600,2073600,1080,11127,FULL,-100,100,-100,-100,100,-100,100,100
1782672890,0,4096,4096,0,0,0,0,0,0,6144,2073600,2073600,1080,11127,FULL,-100,100,-100,-100,100,-100,100,100
1782672891,0,4096,4096,0,0,0,0,0,0,8192,2073600,2073600,1080,11127,FULL,-100,100,-100,-100,100,-100,100,100
1782672892,0,4096,4096,0,0,0,0,0,0,12288,2073600,2073600,1080,11127,FULL,-100,100,-100,-100,100,-100,100,100
1782672894,0,4096,4096,0,0,0,0,0,0,16384,465501,2073600,242,51686,short,-100,100,-100,-100,100,-100,100,100
1782672895,0,4096,4096,0,0,0,0,0,0,24576,465492,2073600,242,52064,short,-100,100,-100,-100,100,-100,100,100
1782672904,0,4096,4096,0,0,0,0,0,0,4096,2073600,2073600,1080,11276,FULL,100,100,-100,-100,100,-100,100,100
1782672905,0,4096,4096,0,0,0,0,0,0,6144,2073600,2073600,1080,11275,FULL,100,100,-100,-100,100,-100,100,100
1782672906,0,4096,4096,0,0,0,0,0,0,8192,2073600,2073600,1080,11277,FULL,100,100,-100,-100,100,-100,100,100
1782672907,0,4096,4096,0,0,0,0,0,0,12288,2073600,2073600,1080,11276,FULL,100,100,-100,-100,100,-100,100,100
1782672908,0,4096,4096,0,0,0,0,0,0,16384,506252,2073600,263,9158,short,100,100,-100,-100,100,-100,100,100
1782672909,0,4096,4096,0,0,0,0,0,0,24576,506272,2073600,263,7700,short,100,100,-100,-100,100,-100,100,100
1782672918,0,4096,4096,0,0,0,0,0,0,4096,2073600,2073600,1080,11127,FULL,-100,-100,100,-100,100,-100,100,100
1782672919,0,4096,4096,0,0,0,0,0,0,6144,2073600,2073600,1080,11127,FULL,-100,-100,100,-100,100,-100,100,100
1782672920,0,4096,4096,0,0,0,0,0,0,8192,2073600,2073600,1080,11127,FULL,-100,-100,100,-100,100,-100,100,100
1782672921,0,4096,4096,0,0,0,0,0,0,12288,2073600,2073600,1080,11127,FULL,-100,-100,100,-100,100,-100,100,100
1782672922,0,4096,4096,0,0,0,0,0,0,16384,2073600,2073600,1080,11127,FULL,-100,-100,100,-100,100,-100,100,100
1782672923,0,4096,4096,0,0,0,0,0,0,24576,2073600,2073600,1080,11127,FULL,-100,-100,100,-100,100,-100,100,100
1782672932,0,4096,4096,0,0,0,0,0,0,4096,2073600,2073600,1080,11127,FULL,100,-100,100,-100,100,-100,100,100
1782672933,0,4096,4096,0,0,0,0,0,0,6144,2073600,2073600,1080,11127,FULL,100,-100,100,-100,100,-100,100,100
1782672934,0,4096,4096,0,0,0,0,0,0,8192,2073600,2073600,1080,11127,FULL,100,-100,100,-100,100,-100,100,100
1782672935,0,4096,4096,0,0,0,0,0,0,12288,2073600,2073600,1080,11127,FULL,100,-100,100,-100,100,-100,100,100
1782672936,0,4096,4096,0,0,0,0,0,0,16384,2073600,2073600,1080,11127,FULL,100,-100,100,-100,100,-100,100,100
1782672938,0,4096,4096,0,0,0,0,0,0,24576,2073600,2073600,1080,11127,FULL,100,-100,100,-100,100,-100,100,100
1782672946,0,4096,4096,0,0,0,0,0,0,4096,2073600,2073600,1080,11127,FULL,-100,100,100,-100,100,-100,100,100
1782672947,0,4096,4096,0,0,0,0,0,0,6144,2073600,2073600,1080,11127,FULL,-100,100,100,-100,100,-100,100,100
1782672948,0,4096,4096,0,0,0,0,0,0,8192,2073600,2073600,1080,11127,FULL,-100,100,100,-100,100,-100,100,100
1782672949,0,4096,4096,0,0,0,0,0,0,12288,2073600,2073600,1080,11127,FULL,-100,100,100,-100,100,-100,100,100
1782672950,0,4096,4096,0,0,0,0,0,0,16384,2073600,2073600,1080,11127,FULL,-100,100,100,-100,100,-100,100,100
1782672952,0,4096,4096,0,0,0,0,0,0,24576,2073600,2073600,1080,11127,FULL,-100,100,100,-100,100,-100,100,100
1782672961,0,4096,4096,0,0,0,0,0,0,4096,2073600,2073600,1080,11277,FULL,100,100,100,-100,100,-100,100,100
1782672961,0,4096,4096,0,0,0,0,0,0,6144,2073600,2073600,1080,11298,FULL,100,100,100,-100,100,-100,100,100
1782672962,0,4096,4096,0,0,0,0,0,0,8192,2073600,2073600,1080,11285,FULL,100,100,100,-100,100,-100,100,100
1782672963,0,4096,4096,0,0,0,0,0,0,12288,2073600,2073600,1080,11274,FULL,100,100,100,-100,100,-100,100,100
1782672965,0,4096,4096,0,0,0,0,0,0,16384,2073600,2073600,1080,11298,FULL,100,100,100,-100,100,-100,100,100
1782672966,0,4096,4096,0,0,0,0,0,0,24576,2073600,2073600,1080,11286,FULL,100,100,100,-100,100,-100,100,100
1782672975,0,4096,4096,0,0,0,0,0,0,4096,2073600,2073600,1080,11127,FULL,-100,-100,-100,100,100,-100,100,100
1782672976,0,4096,4096,0,0,0,0,0,0,6144,2073600,2073600,1080,11127,FULL,-100,-100,-100,100,100,-100,100,100
1782672977,0,4096,4096,0,0,0,0,0,0,8192,2073600,2073600,1080,11127,FULL,-100,-100,-100,100,100,-100,100,100
1782672978,0,4096,4096,0,0,0,0,0,0,12288,2073600,2073600,1080,11127,FULL,-100,-100,-100,100,100,-100,100,100
1782672979,0,4096,4096,0,0,0,0,0,0,16384,2073600,2073600,1080,11127,FULL,-100,-100,-100,100,100,-100,100,100
1782672980,0,4096,4096,0,0,0,0,0,0,24576,2073600,2073600,1080,11127,FULL,-100,-100,-100,100,100,-100,100,100
1782672989,0,4096,4096,0,0,0,0,0,0,4096,2073600,2073600,1080,11127,FULL,100,-100,-100,100,100,-100,100,100
1782672990,0,4096,4096,0,0,0,0,0,0,6144,2073600,2073600,1080,11127,FULL,100,-100,-100,100,100,-100,100,100
1782672991,0,4096,4096,0,0,0,0,0,0,8192,2073600,2073600,1080,11127,FULL,100,-100,-100,100,100,-100,100,100
1782672992,0,4096,4096,0,0,0,0,0,0,12288,2073600,2073600,1080,11127,FULL,100,-100,-100,100,100,-100,100,100
1782672993,0,4096,4096,0,0,0,0,0,0,16384,2073600,2073600,1080,11127,FULL,100,-100,-100,100,100,-100,100,100
1782672994,0,4096,4096,0,0,0,0,0,0,24576,2073600,2073600,1080,11127,FULL,100,-100,-100,100,100,-100,100,100
1782673003,0,4096,4096,0,0,0,0,0,0,4096,2073600,2073600,1080,11127,FULL,-100,100,-100,100,100,-100,100,100
1782673004,0,4096,4096,0,0,0,0,0,0,6144,2073600,2073600,1080,11127,FULL,-100,100,-100,100,100,-100,100,100
1782673005,0,4096,4096,0,0,0,0,0,0,8192,2073600,2073600,1080,11127,FULL,-100,100,-100,100,100,-100,100,100
1782673006,0,4096,4096,0,0,0,0,0,0,12288,2073600,2073600,1080,11127,FULL,-100,100,-100,100,100,-100,100,100
1782673007,0,4096,4096,0,0,0,0,0,0,16384,2073600,2073600,1080,11127,FULL,-100,100,-100,100,100,-100,100,100
1782673009,0,4096,4096,0,0,0,0,0,0,24576,2073600,2073600,1080,11127,FULL,-100,100,-100,100,100,-100,100,100
1782673017,0,4096,4096,0,0,0,0,0,0,4096,2073600,2073600,1080,11280,FULL,100,100,-100,100,100,-100,100,100
1782673018,0,4096,4096,0,0,0,0,0,0,6144,2073600,2073600,1080,11277,FULL,100,100,-100,100,100,-100,100,100
1782673019,0,4096,4096,0,0,0,0,0,0,8192,2073600,2073600,1080,11280,FULL,100,100,-100,100,100,-100,100,100
1782673020,0,4096,4096,0,0,0,0,0,0,12288,2073600,2073600,1080,11275,FULL,100,100,-100,100,100,-100,100,100
1782673021,0,4096,4096,0,0,0,0,0,0,16384,2073600,2073600,1080,11283,FULL,100,100,-100,100,100,-100,100,100
1782673023,0,4096,4096,0,0,0,0,0,0,24576,2073600,2073600,1080,11285,FULL,100,100,-100,100,100,-100,100,100
1782673032,0,4096,4096,0,0,0,0,0,0,4096,2073600,2073600,1080,11127,FULL,-100,-100,100,100,100,-100,100,100
1782673033,0,4096,4096,0,0,0,0,0,0,6144,2073600,2073600,1080,11127,FULL,-100,-100,100,100,100,-100,100,100
1782673034,0,4096,4096,0,0,0,0,0,0,8192,2073600,2073600,1080,11127,FULL,-100,-100,100,100,100,-100,100,100
1782673035,0,4096,4096,0,0,0,0,0,0,12288,2073600,2073600,1080,11127,FULL,-100,-100,100,100,100,-100,100,100
1782673036,0,4096,4096,0,0,0,0,0,0,16384,2073600,2073600,1080,11127,FULL,-100,-100,100,100,100,-100,100,100
1782673037,0,4096,4096,0,0,0,0,0,0,24576,2073600,2073600,1080,11127,FULL,-100,-100,100,100,100,-100,100,100
1782673046,0,4096,4096,0,0,0,0,0,0,4096,2073600,2073600,1080,11127,FULL,100,-100,100,100,100,-100,100,100
1782673047,0,4096,4096,0,0,0,0,0,0,6144,2073600,2073600,1080,11127,FULL,100,-100,100,100,100,-100,100,100
1782673048,0,4096,4096,0,0,0,0,0,0,8192,2073600,2073600,1080,11127,FULL,100,-100,100,100,100,-100,100,100
1782673049,0,4096,4096,0,0,0,0,0,0,12288,2073600,2073600,1080,11127,FULL,100,-100,100,100,100,-100,100,100
1782673050,0,4096,4096,0,0,0,0,0,0,16384,2073600,2073600,1080,11127,FULL,100,-100,100,100,100,-100,100,100
1782673051,0,4096,4096,0,0,0,0,0,0,24576,2073600,2073600,1080,11127,FULL,100,-100,100,100,100,-100,100,100
1782673060,0,4096,4096,0,0,0,0,0,0,4096,2073600,2073600,1080,11127,FULL,-100,100,100,100,100,-100,100,100
1782673061,0,4096,4096,0,0,0,0,0,0,6144,2073600,2073600,1080,11127,FULL,-100,100,100,100,100,-100,100,100
1782673062,0,4096,4096,0,0,0,0,0,0,8192,2073600,2073600,1080,11127,FULL,-100,100,100,100,100,-100,100,100
1782673063,0,4096,4096,0,0,0,0,0,0,12288,2073600,2073600,1080,11127,FULL,-100,100,100,100,100,-100,100,100
1782673064,0,4096,4096,0,0,0,0,0,0,16384,2073600,2073600,1080,11127,FULL,-100,100,100,100,100,-100,100,100
1782673065,0,4096,4096,0,0,0,0,0,0,24576,2073600,2073600,1080,11127,FULL,-100,100,100,100,100,-100,100,100
1782673074,0,4096,4096,0,0,0,0,0,0,4096,2073600,2073600,1080,11469,FULL,100,100,100,100,100,-100,100,100
1782673075,0,4096,4096,0,0,0,0,0,0,6144,2073600,2073600,1080,11478,FULL,100,100,100,100,100,-100,100,100
1782673076,0,4096,4096,0,0,0,0,0,0,8192,2073600,2073600,1080,11471,FULL,100,100,100,100,100,-100,100,100
1782673077,0,4096,4096,0,0,0,0,0,0,12288,2073600,2073600,1080,11468,FULL,100,100,100,100,100,-100,100,100
1782673078,0,4096,4096,0,0,0,0,0,0,16384,2073600,2073600,1080,11492,FULL,100,100,100,100,100,-100,100,100
1782673080,0,4096,4096,0,0,0,0,0,0,24576,2073600,2073600,1080,11470,FULL,100,100,100,100,100,-100,100,100
1782673089,0,4096,4096,0,0,0,0,0,0,4096,2073600,2073600,1080,11127,FULL,-100,-100,-100,-100,-100,100,100,100
1782673089,0,4096,4096,0,0,0,0,0,0,6144,2073600,2073600,1080,11127,FULL,-100,-100,-100,-100,-100,100,100,100
1782673090,0,4096,4096,0,0,0,0,0,0,8192,2073600,2073600,1080,11127,FULL,-100,-100,-100,-100,-100,100,100,100
1782673091,0,4096,4096,0,0,0,0,0,0,12288,2073600,2073600,1080,11127,FULL,-100,-100,-100,-100,-100,100,100,100
1782673093,0,4096,4096,0,0,0,0,0,0,16384,2073600,2073600,1080,11127,FULL,-100,-100,-100,-100,-100,100,100,100
1782673094,0,4096,4096,0,0,0,0,0,0,24576,2073600,2073600,1080,11127,FULL,-100,-100,-100,-100,-100,100,100,100
1782673103,0,4096,4096,0,0,0,0,0,0,4096,2073600,2073600,1080,11127,FULL,100,-100,-100,-100,-100,100,100,100
1782673104,0,4096,4096,0,0,0,0,0,0,6144,2073600,2073600,1080,11127,FULL,100,-100,-100,-100,-100,100,100,100
1782673105,0,4096,4096,0,0,0,0,0,0,8192,2073600,2073600,1080,11127,FULL,100,-100,-100,-100,-100,100,100,100
1782673106,0,4096,4096,0,0,0,0,0,0,12288,2073600,2073600,1080,11127,FULL,100,-100,-100,-100,-100,100,100,100
1782673107,0,4096,4096,0,0,0,0,0,0,16384,2073600,2073600,1080,11127,FULL,100,-100,-100,-100,-100,100,100,100
1782673108,0,4096,4096,0,0,0,0,0,0,24576,2073600,2073600,1080,11127,FULL,100,-100,-100,-100,-100,100,100,100
1782673117,0,4096,4096,0,0,0,0,0,0,4096,2073600,2073600,1080,11127,FULL,-100,100,-100,-100,-100,100,100,100
1782673118,0,4096,4096,0,0,0,0,0,0,6144,2073600,2073600,1080,11127,FULL,-100,100,-100,-100,-100,100,100,100
1782673119,0,4096,4096,0,0,0,0,0,0,8192,2073600,2073600,1080,11127,FULL,-100,100,-100,-100,-100,100,100,100
1782673120,0,4096,4096,0,0,0,0,0,0,12288,2073600,2073600,1080,11127,FULL,-100,100,-100,-100,-100,100,100,100
1782673121,0,4096,4096,0,0,0,0,0,0,16384,2073600,2073600,1080,11127,FULL,-100,100,-100,-100,-100,100,100,100
1782673122,0,4096,4096,0,0,0,0,0,0,24576,2073600,2073600,1080,11127,FULL,-100,100,-100,-100,-100,100,100,100
1782673131,0,4096,4096,0,0,0,0,0,0,4096,2073600,2073600,1080,11276,FULL,100,100,-100,-100,-100,100,100,100
1782673132,0,4096,4096,0,0,0,0,0,0,6144,2073600,2073600,1080,11277,FULL,100,100,-100,-100,-100,100,100,100
1782673133,0,4096,4096,0,0,0,0,0,0,8192,2073600,2073600,1080,11301,FULL,100,100,-100,-100,-100,100,100,100
1782673134,0,4096,4096,0,0,0,0,0,0,12288,2073600,2073600,1080,11275,FULL,100,100,-100,-100,-100,100,100,100
1782673135,0,4096,4096,0,0,0,0,0,0,16384,2073600,2073600,1080,11276,FULL,100,100,-100,-100,-100,100,100,100
1782673137,0,4096,4096,0,0,0,0,0,0,24576,2073600,2073600,1080,11287,FULL,100,100,-100,-100,-100,100,100,100
1782673145,0,4096,4096,0,0,0,0,0,0,4096,2073600,2073600,1080,11127,FULL,-100,-100,100,-100,-100,100,100,100
1782673146,0,4096,4096,0,0,0,0,0,0,6144,2073600,2073600,1080,11127,FULL,-100,-100,100,-100,-100,100,100,100
1782673147,0,4096,4096,0,0,0,0,0,0,8192,2073600,2073600,1080,11127,FULL,-100,-100,100,-100,-100,100,100,100
1782673148,0,4096,4096,0,0,0,0,0,0,12288,2073600,2073600,1080,11127,FULL,-100,-100,100,-100,-100,100,100,100
1782673149,0,4096,4096,0,0,0,0,0,0,16384,2073600,2073600,1080,11127,FULL,-100,-100,100,-100,-100,100,100,100
1782673151,0,4096,4096,0,0,0,0,0,0,24576,2073600,2073600,1080,11127,FULL,-100,-100,100,-100,-100,100,100,100
1782673160,0,4096,4096,0,0,0,0,0,0,4096,2073600,2073600,1080,11127,FULL,100,-100,100,-100,-100,100,100,100
1782673161,0,4096,4096,0,0,0,0,0,0,6144,2073600,2073600,1080,11127,FULL,100,-100,100,-100,-100,100,100,100
1782673161,0,4096,4096,0,0,0,0,0,0,8192,2073600,2073600,1080,11127,FULL,100,-100,100,-100,-100,100,100,100
1782673163,0,4096,4096,0,0,0,0,0,0,12288,2073600,2073600,1080,11127,FULL,100,-100,100,-100,-100,100,100,100
1782673164,0,4096,4096,0,0,0,0,0,0,16384,2073600,2073600,1080,11127,FULL,100,-100,100,-100,-100,100,100,100
1782673165,0,4096,4096,0,0,0,0,0,0,24576,2073600,2073600,1080,11127,FULL,100,-100,100,-100,-100,100,100,100
1782673174,0,4096,4096,0,0,0,0,0,0,4096,2073600,2073600,1080,11127,FULL,-100,100,100,-100,-100,100,100,100
1782673175,0,4096,4096,0,0,0,0,0,0,6144,2073600,2073600,1080,11127,FULL,-100,100,100,-100,-100,100,100,100
1782673176,0,4096,4096,0,0,0,0,0,0,8192,2073600,2073600,1080,11127,FULL,-100,100,100,-100,-100,100,100,100
1782673177,0,4096,4096,0,0,0,0,0,0,12288,2073600,2073600,1080,11127,FULL,-100,100,100,-100,-100,100,100,100
1782673178,0,4096,4096,0,0,0,0,0,0,16384,2073600,2073600,1080,11127,FULL,-100,100,100,-100,-100,100,100,100
1782673179,0,4096,4096,0,0,0,0,0,0,24576,2073600,2073600,1080,11127,FULL,-100,100,100,-100,-100,100,100,100
1782673188,0,4096,4096,0,0,0,0,0,0,4096,2073600,2073600,1080,11299,FULL,100,100,100,-100,-100,100,100,100
1782673189,0,4096,4096,0,0,0,0,0,0,6144,2073600,2073600,1080,11276,FULL,100,100,100,-100,-100,100,100,100
1782673190,0,4096,4096,0,0,0,0,0,0,8192,2073600,2073600,1080,11275,FULL,100,100,100,-100,-100,100,100,100
1782673191,0,4096,4096,0,0,0,0,0,0,12288,2073600,2073600,1080,11277,FULL,100,100,100,-100,-100,100,100,100
1782673192,0,4096,4096,0,0,0,0,0,0,16384,2073600,2073600,1080,11291,FULL,100,100,100,-100,-100,100,100,100
1782673193,0,4096,4096,0,0,0,0,0,0,24576,2073600,2073600,1080,11275,FULL,100,100,100,-100,-100,100,100,100
1782673202,0,4096,4096,0,0,0,0,0,0,4096,2073600,2073600,1080,11127,FULL,-100,-100,-100,100,-100,100,100,100
1782673203,0,4096,4096,0,0,0,0,0,0,6144,2073600,2073600,1080,11127,FULL,-100,-100,-100,100,-100,100,100,100
1782673204,0,4096,4096,0,0,0,0,0,0,8192,2073600,2073600,1080,11127,FULL,-100,-100,-100,100,-100,100,100,100
1782673205,0,4096,4096,0,0,0,0,0,0,12288,2073600,2073600,1080,11127,FULL,-100,-100,-100,100,-100,100,100,100
1782673206,0,4096,4096,0,0,0,0,0,0,16384,2073600,2073600,1080,11127,FULL,-100,-100,-100,100,-100,100,100,100
1782673208,0,4096,4096,0,0,0,0,0,0,24576,2073600,2073600,1080,11127,FULL,-100,-100,-100,100,-100,100,100,100
1782673216,0,4096,4096,0,0,0,0,0,0,4096,2073600,2073600,1080,11127,FULL,100,-100,-100,100,-100,100,100,100
1782673217,0,4096,4096,0,0,0,0,0,0,6144,2073600,2073600,1080,11127,FULL,100,-100,-100,100,-100,100,100,100
1782673218,0,4096,4096,0,0,0,0,0,0,8192,2073600,2073600,1080,11127,FULL,100,-100,-100,100,-100,100,100,100
1782673219,0,4096,4096,0,0,0,0,0,0,12288,2073600,2073600,1080,11127,FULL,100,-100,-100,100,-100,100,100,100
1782673220,0,4096,4096,0,0,0,0,0,0,16384,2073600,2073600,1080,11127,FULL,100,-100,-100,100,-100,100,100,100
1782673222,0,4096,4096,0,0,0,0,0,0,24576,2073600,2073600,1080,11127,FULL,100,-100,-100,100,-100,100,100,100
1782673231,0,4096,4096,0,0,0,0,0,0,4096,2073600,2073600,1080,11127,FULL,-100,100,-100,100,-100,100,100,100
1782673232,0,4096,4096,0,0,0,0,0,0,6144,2073600,2073600,1080,11127,FULL,-100,100,-100,100,-100,100,100,100
1782673232,0,4096,4096,0,0,0,0,0,0,8192,2073600,2073600,1080,11127,FULL,-100,100,-100,100,-100,100,100,100
1782673234,0,4096,4096,0,0,0,0,0,0,12288,2073600,2073600,1080,11127,FULL,-100,100,-100,100,-100,100,100,100
1782673235,0,4096,4096,0,0,0,0,0,0,16384,2073600,2073600,1080,11127,FULL,-100,100,-100,100,-100,100,100,100
1782673236,0,4096,4096,0,0,0,0,0,0,24576,2073600,2073600,1080,11127,FULL,-100,100,-100,100,-100,100,100,100
1782673245,0,4096,4096,0,0,0,0,0,0,4096,2073600,2073600,1080,11279,FULL,100,100,-100,100,-100,100,100,100
1782673246,0,4096,4096,0,0,0,0,0,0,6144,2073600,2073600,1080,11285,FULL,100,100,-100,100,-100,100,100,100
1782673247,0,4096,4096,0,0,0,0,0,0,8192,2073600,2073600,1080,11288,FULL,100,100,-100,100,-100,100,100,100
1782673248,0,4096,4096,0,0,0,0,0,0,12288,2073600,2073600,1080,11279,FULL,100,100,-100,100,-100,100,100,100
1782673249,0,4096,4096,0,0,0,0,0,0,16384,2073600,2073600,1080,11281,FULL,100,100,-100,100,-100,100,100,100
1782673250,0,4096,4096,0,0,0,0,0,0,24576,2073600,2073600,1080,11275,FULL,100,100,-100,100,-100,100,100,100
1782673259,0,4096,4096,0,0,0,0,0,0,4096,2073600,2073600,1080,11127,FULL,-100,-100,100,100,-100,100,100,100
1782673260,0,4096,4096,0,0,0,0,0,0,6144,2073600,2073600,1080,11127,FULL,-100,-100,100,100,-100,100,100,100
1782673261,0,4096,4096,0,0,0,0,0,0,8192,2073600,2073600,1080,11127,FULL,-100,-100,100,100,-100,100,100,100
1782673262,0,4096,4096,0,0,0,0,0,0,12288,2073600,2073600,1080,11127,FULL,-100,-100,100,100,-100,100,100,100
1782673263,0,4096,4096,0,0,0,0,0,0,16384,2073600,2073600,1080,11127,FULL,-100,-100,100,100,-100,100,100,100
1782673265,0,4096,4096,0,0,0,0,0,0,24576,2073600,2073600,1080,11127,FULL,-100,-100,100,100,-100,100,100,100
1782673273,0,4096,4096,0,0,0,0,0,0,4096,2073600,2073600,1080,11127,FULL,100,-100,100,100,-100,100,100,100
1782673274,0,4096,4096,0,0,0,0,0,0,6144,2073600,2073600,1080,11127,FULL,100,-100,100,100,-100,100,100,100
1782673275,0,4096,4096,0,0,0,0,0,0,8192,2073600,2073600,1080,11127,FULL,100,-100,100,100,-100,100,100,100
1782673276,0,4096,4096,0,0,0,0,0,0,12288,2073600,2073600,1080,11127,FULL,100,-100,100,100,-100,100,100,100
1782673277,0,4096,4096,0,0,0,0,0,0,16384,2073600,2073600,1080,11127,FULL,100,-100,100,100,-100,100,100,100
1782673279,0,4096,4096,0,0,0,0,0,0,24576,2073600,2073600,1080,11127,FULL,100,-100,100,100,-100,100,100,100
1782673287,0,4096,4096,0,0,0,0,0,0,4096,2073600,2073600,1080,11127,FULL,-100,100,100,100,-100,100,100,100
1782673288,0,4096,4096,0,0,0,0,0,0,6144,2073600,2073600,1080,11127,FULL,-100,100,100,100,-100,100,100,100
1782673289,0,4096,4096,0,0,0,0,0,0,8192,2073600,2073600,1080,11127,FULL,-100,100,100,100,-100,100,100,100
1782673290,0,4096,4096,0,0,0,0,0,0,12288,2073600,2073600,1080,11127,FULL,-100,100,100,100,-100,100,100,100
1782673292,0,4096,4096,0,0,0,0,0,0,16384,2073600,2073600,1080,11127,FULL,-100,100,100,100,-100,100,100,100
1782673293,0,4096,4096,0,0,0,0,0,0,24576,2073600,2073600,1080,11127,FULL,-100,100,100,100,-100,100,100,100
1782673302,0,4096,4096,0,0,0,0,0,0,4096,2073600,2073600,1080,11282,FULL,100,100,100,100,-100,100,100,100
1782673303,0,4096,4096,0,0,0,0,0,0,6144,2073600,2073600,1080,11280,FULL,100,100,100,100,-100,100,100,100
1782673304,0,4096,4096,0,0,0,0,0,0,8192,2073600,2073600,1080,11291,FULL,100,100,100,100,-100,100,100,100
1782673305,0,4096,4096,0,0,0,0,0,0,12288,2073600,2073600,1080,11302,FULL,100,100,100,100,-100,100,100,100
1782673306,0,4096,4096,0,0,0,0,0,0,16384,2073600,2073600,1080,11281,FULL,100,100,100,100,-100,100,100,100
1782673307,0,4096,4096,0,0,0,0,0,0,24576,2073600,2073600,1080,11280,FULL,100,100,100,100,-100,100,100,100
1782673316,0,4096,4096,0,0,0,0,0,0,4096,2073600,2073600,1080,11127,FULL,-100,-100,-100,-100,100,100,100,100
1782673317,0,4096,4096,0,0,0,0,0,0,6144,2073600,2073600,1080,11127,FULL,-100,-100,-100,-100,100,100,100,100
1782673318,0,4096,4096,0,0,0,0,0,0,8192,2073600,2073600,1080,11127,FULL,-100,-100,-100,-100,100,100,100,100
1782673319,0,4096,4096,0,0,0,0,0,0,12288,2073600,2073600,1080,11127,FULL,-100,-100,-100,-100,100,100,100,100
1782673320,0,4096,4096,0,0,0,0,0,0,16384,2073600,2073600,1080,11127,FULL,-100,-100,-100,-100,100,100,100,100
1782673321,0,4096,4096,0,0,0,0,0,0,24576,2073600,2073600,1080,11127,FULL,-100,-100,-100,-100,100,100,100,100
1782673330,0,4096,4096,0,0,0,0,0,0,4096,2073600,2073600,1080,11127,FULL,100,-100,-100,-100,100,100,100,100
1782673331,0,4096,4096,0,0,0,0,0,0,6144,2073600,2073600,1080,11127,FULL,100,-100,-100,-100,100,100,100,100
1782673332,0,4096,4096,0,0,0,0,0,0,8192,2073600,2073600,1080,11127,FULL,100,-100,-100,-100,100,100,100,100
1782673333,0,4096,4096,0,0,0,0,0,0,12288,2073600,2073600,1080,11127,FULL,100,-100,-100,-100,100,100,100,100
1782673334,0,4096,4096,0,0,0,0,0,0,16384,2073600,2073600,1080,11127,FULL,100,-100,-100,-100,100,100,100,100
1782673336,0,4096,4096,0,0,0,0,0,0,24576,2073600,2073600,1080,11127,FULL,100,-100,-100,-100,100,100,100,100
1782673344,0,4096,4096,0,0,0,0,0,0,4096,2073600,2073600,1080,11127,FULL,-100,100,-100,-100,100,100,100,100
1782673345,0,4096,4096,0,0,0,0,0,0,6144,2073600,2073600,1080,11127,FULL,-100,100,-100,-100,100,100,100,100
1782673346,0,4096,4096,0,0,0,0,0,0,8192,2073600,2073600,1080,11127,FULL,-100,100,-100,-100,100,100,100,100
1782673347,0,4096,4096,0,0,0,0,0,0,12288,2073600,2073600,1080,11127,FULL,-100,100,-100,-100,100,100,100,100
1782673348,0,4096,4096,0,0,0,0,0,0,16384,2073600,2073600,1080,11127,FULL,-100,100,-100,-100,100,100,100,100
1782673350,0,4096,4096,0,0,0,0,0,0,24576,472444,2073600,246,46598,short,-100,100,-100,-100,100,100,100,100
1782673359,0,4096,4096,0,0,0,0,0,0,4096,2073600,2073600,1080,11681,FULL,100,100,-100,-100,100,100,100,100
1782673360,0,4096,4096,0,0,0,0,0,0,6144,2073600,2073600,1080,11671,FULL,100,100,-100,-100,100,100,100,100
1782673360,0,4096,4096,0,0,0,0,0,0,8192,2073600,2073600,1080,11671,FULL,100,100,-100,-100,100,100,100,100
1782673362,0,4096,4096,0,0,0,0,0,0,12288,2073600,2073600,1080,11741,FULL,100,100,-100,-100,100,100,100,100
1782673363,0,4096,4096,0,0,0,0,0,0,16384,2073600,2073600,1080,11659,FULL,100,100,-100,-100,100,100,100,100
1782673364,0,4096,4096,0,0,0,0,0,0,24576,2073600,2073600,1080,11660,FULL,100,100,-100,-100,100,100,100,100
1782673373,0,4096,4096,0,0,0,0,0,0,4096,2073600,2073600,1080,11127,FULL,-100,-100,100,-100,100,100,100,100
1782673374,0,4096,4096,0,0,0,0,0,0,6144,2073600,2073600,1080,11127,FULL,-100,-100,100,-100,100,100,100,100
1782673375,0,4096,4096,0,0,0,0,0,0,8192,2073600,2073600,1080,11127,FULL,-100,-100,100,-100,100,100,100,100
1782673376,0,4096,4096,0,0,0,0,0,0,12288,2073600,2073600,1080,11127,FULL,-100,-100,100,-100,100,100,100,100
1782673377,0,4096,4096,0,0,0,0,0,0,16384,2073600,2073600,1080,11127,FULL,-100,-100,100,-100,100,100,100,100
1782673378,0,4096,4096,0,0,0,0,0,0,24576,2073600,2073600,1080,11127,FULL,-100,-100,100,-100,100,100,100,100
1782673387,0,4096,4096,0,0,0,0,0,0,4096,2073600,2073600,1080,11127,FULL,100,-100,100,-100,100,100,100,100
1782673388,0,4096,4096,0,0,0,0,0,0,6144,2073600,2073600,1080,11127,FULL,100,-100,100,-100,100,100,100,100
1782673389,0,4096,4096,0,0,0,0,0,0,8192,2073600,2073600,1080,11127,FULL,100,-100,100,-100,100,100,100,100
1782673390,0,4096,4096,0,0,0,0,0,0,12288,2073600,2073600,1080,11127,FULL,100,-100,100,-100,100,100,100,100
1782673391,0,4096,4096,0,0,0,0,0,0,16384,2073600,2073600,1080,11127,FULL,100,-100,100,-100,100,100,100,100
1782673392,0,4096,4096,0,0,0,0,0,0,24576,2073600,2073600,1080,11127,FULL,100,-100,100,-100,100,100,100,100
1782673401,0,4096,4096,0,0,0,0,0,0,4096,2073600,2073600,1080,11127,FULL,-100,100,100,-100,100,100,100,100
1782673402,0,4096,4096,0,0,0,0,0,0,6144,2073600,2073600,1080,11127,FULL,-100,100,100,-100,100,100,100,100
1782673403,0,4096,4096,0,0,0,0,0,0,8192,2073600,2073600,1080,11127,FULL,-100,100,100,-100,100,100,100,100
1782673404,0,4096,4096,0,0,0,0,0,0,12288,2073600,2073600,1080,11127,FULL,-100,100,100,-100,100,100,100,100
1782673405,0,4096,4096,0,0,0,0,0,0,16384,2073600,2073600,1080,11127,FULL,-100,100,100,-100,100,100,100,100
1782673407,0,4096,4096,0,0,0,0,0,0,24576,2073600,2073600,1080,11127,FULL,-100,100,100,-100,100,100,100,100
1782673415,0,4096,4096,0,0,0,0,0,0,4096,2073600,2073600,1080,11275,FULL,100,100,100,-100,100,100,100,100
1782673416,0,4096,4096,0,0,0,0,0,0,6144,2073600,2073600,1080,11287,FULL,100,100,100,-100,100,100,100,100
1782673417,0,4096,4096,0,0,0,0,0,0,8192,2073600,2073600,1080,11288,FULL,100,100,100,-100,100,100,100,100
1782673418,0,4096,4096,0,0,0,0,0,0,12288,2073600,2073600,1080,11291,FULL,100,100,100,-100,100,100,100,100
1782673420,0,4096,4096,0,0,0,0,0,0,16384,2073600,2073600,1080,11289,FULL,100,100,100,-100,100,100,100,100
1782673421,0,4096,4096,0,0,0,0,0,0,24576,2073600,2073600,1080,11278,FULL,100,100,100,-100,100,100,100,100
1782673430,0,4096,4096,0,0,0,0,0,0,4096,2073600,2073600,1080,11127,FULL,-100,-100,-100,100,100,100,100,100
1782673431,0,4096,4096,0,0,0,0,0,0,6144,2073600,2073600,1080,11127,FULL,-100,-100,-100,100,100,100,100,100
1782673432,0,4096,4096,0,0,0,0,0,0,8192,2073600,2073600,1080,11127,FULL,-100,-100,-100,100,100,100,100,100
1782673433,0,4096,4096,0,0,0,0,0,0,12288,2073600,2073600,1080,11127,FULL,-100,-100,-100,100,100,100,100,100
1782673434,0,4096,4096,0,0,0,0,0,0,16384,2073600,2073600,1080,11127,FULL,-100,-100,-100,100,100,100,100,100
1782673435,0,4096,4096,0,0,0,0,0,0,24576,2073600,2073600,1080,11127,FULL,-100,-100,-100,100,100,100,100,100
1782673444,0,4096,4096,0,0,0,0,0,0,4096,2073600,2073600,1080,11127,FULL,100,-100,-100,100,100,100,100,100
1782673445,0,4096,4096,0,0,0,0,0,0,6144,2073600,2073600,1080,11127,FULL,100,-100,-100,100,100,100,100,100
1782673446,0,4096,4096,0,0,0,0,0,0,8192,2073600,2073600,1080,11127,FULL,100,-100,-100,100,100,100,100,100
1782673447,0,4096,4096,0,0,0,0,0,0,12288,2073600,2073600,1080,11127,FULL,100,-100,-100,100,100,100,100,100
1782673448,0,4096,4096,0,0,0,0,0,0,16384,2073600,2073600,1080,11127,FULL,100,-100,-100,100,100,100,100,100
1782673449,0,4096,4096,0,0,0,0,0,0,24576,2073600,2073600,1080,11127,FULL,100,-100,-100,100,100,100,100,100
1782673458,0,4096,4096,0,0,0,0,0,0,4096,2073600,2073600,1080,11127,FULL,-100,100,-100,100,100,100,100,100
1782673459,0,4096,4096,0,0,0,0,0,0,6144,2073600,2073600,1080,11127,FULL,-100,100,-100,100,100,100,100,100
1782673460,0,4096,4096,0,0,0,0,0,0,8192,2073600,2073600,1080,11127,FULL,-100,100,-100,100,100,100,100,100
1782673461,0,4096,4096,0,0,0,0,0,0,12288,2073600,2073600,1080,11127,FULL,-100,100,-100,100,100,100,100,100
1782673462,0,4096,4096,0,0,0,0,0,0,16384,2073600,2073600,1080,11127,FULL,-100,100,-100,100,100,100,100,100
1782673463,0,4096,4096,0,0,0,0,0,0,24576,2073600,2073600,1080,11127,FULL,-100,100,-100,100,100,100,100,100
1782673472,0,4096,4096,0,0,0,0,0,0,4096,2073600,2073600,1080,11300,FULL,100,100,-100,100,100,100,100,100
1782673473,0,4096,4096,0,0,0,0,0,0,6144,2073600,2073600,1080,11279,FULL,100,100,-100,100,100,100,100,100
1782673474,0,4096,4096,0,0,0,0,0,0,8192,2073600,2073600,1080,11273,FULL,100,100,-100,100,100,100,100,100
1782673475,0,4096,4096,0,0,0,0,0,0,12288,2073600,2073600,1080,11275,FULL,100,100,-100,100,100,100,100,100
1782673476,0,4096,4096,0,0,0,0,0,0,16384,2073600,2073600,1080,11293,FULL,100,100,-100,100,100,100,100,100
1782673478,0,4096,4096,0,0,0,0,0,0,24576,2073600,2073600,1080,11276,FULL,100,100,-100,100,100,100,100,100
1782673486,0,4096,4096,0,0,0,0,0,0,4096,2073600,2073600,1080,11127,FULL,-100,-100,100,100,100,100,100,100
1782673487,0,4096,4096,0,0,0,0,0,0,6144,2073600,2073600,1080,11127,FULL,-100,-100,100,100,100,100,100,100
1782673488,0,4096,4096,0,0,0,0,0,0,8192,2073600,2073600,1080,11127,FULL,-100,-100,100,100,100,100,100,100
1782673489,0,4096,4096,0,0,0,0,0,0,12288,2073600,2073600,1080,11127,FULL,-100,-100,100,100,100,100,100,100
1782673491,0,4096,4096,0,0,0,0,0,0,16384,2073600,2073600,1080,11127,FULL,-100,-100,100,100,100,100,100,100
1782673492,0,4096,4096,0,0,0,0,0,0,24576,2073600,2073600,1080,11127,FULL,-100,-100,100,100,100,100,100,100
1782673501,0,4096,4096,0,0,0,0,0,0,4096,2073600,2073600,1080,11127,FULL,100,-100,100,100,100,100,100,100
1782673502,0,4096,4096,0,0,0,0,0,0,6144,2073600,2073600,1080,11127,FULL,100,-100,100,100,100,100,100,100
1782673502,0,4096,4096,0,0,0,0,0,0,8192,2073600,2073600,1080,11127,FULL,100,-100,100,100,100,100,100,100
1782673504,0,4096,4096,0,0,0,0,0,0,12288,2073600,2073600,1080,11127,FULL,100,-100,100,100,100,100,100,100
1782673505,0,4096,4096,0,0,0,0,0,0,16384,2073600,2073600,1080,11127,FULL,100,-100,100,100,100,100,100,100
1782673506,0,4096,4096,0,0,0,0,0,0,24576,2073600,2073600,1080,11127,FULL,100,-100,100,100,100,100,100,100
1782673515,0,4096,4096,0,0,0,0,0,0,4096,2073600,2073600,1080,11127,FULL,-100,100,100,100,100,100,100,100
1782673516,0,4096,4096,0,0,0,0,0,0,6144,2073600,2073600,1080,11127,FULL,-100,100,100,100,100,100,100,100
1782673517,0,4096,4096,0,0,0,0,0,0,8192,2073600,2073600,1080,11127,FULL,-100,100,100,100,100,100,100,100
1782673518,0,4096,4096,0,0,0,0,0,0,12288,2073600,2073600,1080,11127,FULL,-100,100,100,100,100,100,100,100
1782673519,0,4096,4096,0,0,0,0,0,0,16384,2073600,2073600,1080,11127,FULL,-100,100,100,100,100,100,100,100
1782673520,0,4096,4096,0,0,0,0,0,0,24576,2073600,2073600,1080,11127,FULL,-100,100,100,100,100,100,100,100
1782673529,0,4096,4096,0,0,0,0,0,0,4096,2073600,2073600,1080,11277,FULL,100,100,100,100,100,100,100,100
1782673530,0,4096,4096,0,0,0,0,0,0,6144,2073600,2073600,1080,11282,FULL,100,100,100,100,100,100,100,100
1782673531,0,4096,4096,0,0,0,0,0,0,8192,2073600,2073600,1080,11294,FULL,100,100,100,100,100,100,100,100
1782673532,0,4096,4096,0,0,0,0,0,0,12288,2073600,2073600,1080,11274,FULL,100,100,100,100,100,100,100,100
1782673533,0,4096,4096,0,0,0,0,0,0,16384,2073600,2073600,1080,11279,FULL,100,100,100,100,100,100,100,100
1782673535,0,4096,4096,0,0,0,0,0,0,24576,2073600,2073600,1080,11287,FULL,100,100,100,100,100,100,100,100
