ts,rot,invx,invy,panx,pany,ks_h,ks_v,pin_x,pin_y,lead,opix,opix_exp,eol,starved,result,tl_x,tl_y,tr_x,tr_y,br_x,br_y,bl_x,bl_y,scale_pct
1782675976,0,4096,4096,0,0,0,0,0,0,4096,818565,2073600,427,1775,short,-200,-200,-200,-200,-200,-200,-200,-200,100
1782675977,0,4096,4096,0,0,0,0,0,0,6144,2073600,2073600,1080,11127,FULL,-200,-200,-200,-200,-200,-200,-200,-200,100
1782675978,0,4096,4096,0,0,0,0,0,0,8192,2073600,2073600,1080,11127,FULL,-200,-200,-200,-200,-200,-200,-200,-200,100
1782675979,0,4096,4096,0,0,0,0,0,0,12288,2073600,2073600,1080,11127,FULL,-200,-200,-200,-200,-200,-200,-200,-200,100
1782675980,0,4096,4096,0,0,0,0,0,0,16384,2073600,2073600,1080,11127,FULL,-200,-200,-200,-200,-200,-200,-200,-200,100
1782675982,0,4096,4096,0,0,0,0,0,0,24576,818483,2073600,426,3951,short,-200,-200,-200,-200,-200,-200,-200,-200,100
1782675990,0,4096,4096,0,0,0,0,0,0,4096,918478,2073600,478,31334,short,200,-200,-200,-200,-200,-200,-200,-200,100
1782675991,0,4096,4096,0,0,0,0,0,0,6144,918563,2073600,478,29578,short,200,-200,-200,-200,-200,-200,-200,-200,100
1782675992,0,4096,4096,0,0,0,0,0,0,8192,918605,2073600,478,25984,short,200,-200,-200,-200,-200,-200,-200,-200,100
1782675993,0,4096,4096,0,0,0,0,0,0,12288,2073600,2073600,1080,11127,FULL,200,-200,-200,-200,-200,-200,-200,-200,100
1782675995,0,4096,4096,0,0,0,0,0,0,16384,1650850,2073600,859,62451,short,200,-200,-200,-200,-200,-200,-200,-200,100
1782675996,0,4096,4096,0,0,0,0,0,0,24576,918520,2073600,479,29731,short,200,-200,-200,-200,-200,-200,-200,-200,100
1782676027,0,4096,4096,0,0,0,0,0,0,4096,585214,2073600,305,3118,short,-200,200,-200,-200,-200,-200,-200,-200,100
1782676028,0,4096,4096,0,0,0,0,0,0,6144,585316,2073600,305,60682,short,-200,200,-200,-200,-200,-200,-200,-200,100
1782676029,0,4096,4096,0,0,0,0,0,0,8192,585291,2073600,305,63243,short,-200,200,-200,-200,-200,-200,-200,-200,100
1782676030,0,4096,4096,0,0,0,0,0,0,12288,585227,2073600,305,1787,short,-200,200,-200,-200,-200,-200,-200,-200,100
1782676031,0,4096,4096,0,0,0,0,0,0,16384,585227,2073600,305,2231,short,-200,200,-200,-200,-200,-200,-200,-200,100
1782676032,0,4096,4096,0,0,0,0,0,0,24576,950282,2073600,494,20139,short,-200,200,-200,-200,-200,-200,-200,-200,100
1782676041,0,4096,4096,0,0,0,0,0,0,4096,654843,2073600,341,53799,short,200,200,-200,-200,-200,-200,-200,-200,100
1782676042,0,4096,4096,0,0,0,0,0,0,6144,654947,2073600,341,54916,short,200,200,-200,-200,-200,-200,-200,-200,100
1782676043,0,4096,4096,0,0,0,0,0,0,8192,655013,2073600,341,55430,short,200,200,-200,-200,-200,-200,-200,-200,100
1782676044,0,4096,4096,0,0,0,0,0,0,12288,654843,2073600,341,55203,short,200,200,-200,-200,-200,-200,-200,-200,100
1782676045,0,4096,4096,0,0,0,0,0,0,16384,655027,2073600,341,55259,short,200,200,-200,-200,-200,-200,-200,-200,100
1782676047,0,4096,4096,0,0,0,0,0,0,24576,654809,2073600,341,58267,short,200,200,-200,-200,-200,-200,-200,-200,100
1782676055,0,4096,4096,0,0,0,0,0,0,4096,1093425,2073600,569,46967,short,-200,-200,200,-200,-200,-200,-200,-200,100
1782676056,0,4096,4096,0,0,0,0,0,0,6144,1075316,2073600,569,48723,short,-200,-200,200,-200,-200,-200,-200,-200,100
1782676057,0,4096,4096,0,0,0,0,0,0,8192,1093405,2073600,569,46630,short,-200,-200,200,-200,-200,-200,-200,-200,100
1782676058,0,4096,4096,0,0,0,0,0,0,12288,1093563,2073600,569,46804,short,-200,-200,200,-200,-200,-200,-200,-200,100
1782676059,0,4096,4096,0,0,0,0,0,0,16384,1093484,2073600,570,45108,short,-200,-200,200,-200,-200,-200,-200,-200,100
1782676061,0,4096,4096,0,0,0,0,0,0,24576,1093445,2073600,569,45319,short,-200,-200,200,-200,-200,-200,-200,-200,100
1782676069,0,4096,4096,0,0,0,0,0,0,4096,1142428,2073600,594,59075,short,200,-200,200,-200,-200,-200,-200,-200,100
1782676070,0,4096,4096,0,0,0,0,0,0,6144,1117846,2073600,595,62159,short,200,-200,200,-200,-200,-200,-200,-200,100
1782676071,0,4096,4096,0,0,0,0,0,0,8192,1142405,2073600,594,63651,short,200,-200,200,-200,-200,-200,-200,-200,100
1782676072,0,4096,4096,0,0,0,0,0,0,12288,1142495,2073600,594,64897,short,200,-200,200,-200,-200,-200,-200,-200,100
1782676073,0,4096,4096,0,0,0,0,0,0,16384,1142450,2073600,595,62436,short,200,-200,200,-200,-200,-200,-200,-200,100
1782676075,0,4096,4096,0,0,0,0,0,0,24576,1142472,2073600,595,63410,short,200,-200,200,-200,-200,-200,-200,-200,100
1782676076,0,4096,4096,0,0,0,0,0,0,4096,1131891,2073600,594,63013,short,200,-200,200,-200,-200,-200,-200,-200,100
1782676076,0,4096,4096,0,0,0,0,0,0,6144,1142383,2073600,594,59085,short,200,-200,200,-200,-200,-200,-200,-200,100
1782676077,0,4096,4096,0,0,0,0,0,0,8192,1142360,2073600,594,60293,short,200,-200,200,-200,-200,-200,-200,-200,100
1782676078,0,4096,4096,0,0,0,0,0,0,12288,1142472,2073600,594,64741,short,200,-200,200,-200,-200,-200,-200,-200,100
1782676080,0,4096,4096,0,0,0,0,0,0,16384,1142351,2073600,594,61812,short,200,-200,200,-200,-200,-200,-200,-200,100
1782676081,0,4096,4096,0,0,0,0,0,0,24576,1142405,2073600,594,63202,short,200,-200,200,-200,-200,-200,-200,-200,100
1782676084,0,4096,4096,0,0,0,0,0,0,4096,783962,2073600,408,47328,short,-200,200,200,-200,-200,-200,-200,-200,100
1782676085,0,4096,4096,0,0,0,0,0,0,6144,783830,2073600,408,42899,short,-200,200,200,-200,-200,-200,-200,-200,100
1782676086,0,4096,4096,0,0,0,0,0,0,8192,783796,2073600,408,48427,short,-200,200,200,-200,-200,-200,-200,-200,100
1782676087,0,4096,4096,0,0,0,0,0,0,12288,783930,2073600,408,49176,short,-200,200,200,-200,-200,-200,-200,-200,100
1782676088,0,4096,4096,0,0,0,0,0,0,16384,762801,2073600,409,46240,short,-200,200,200,-200,-200,-200,-200,-200,100
1782676089,0,4096,4096,0,0,0,0,0,0,24576,784026,2073600,409,44802,short,-200,200,200,-200,-200,-200,-200,-200,100
1782676098,0,4096,4096,0,0,0,0,0,0,4096,780411,2073600,406,48869,short,200,200,200,-200,-200,-200,-200,-200,100
1782676099,0,4096,4096,0,0,0,0,0,0,6144,779460,2073600,405,47472,short,200,200,200,-200,-200,-200,-200,-200,100
1782676100,0,4096,4096,0,0,0,0,0,0,8192,753148,2073600,392,7689,short,200,200,200,-200,-200,-200,-200,-200,100
1782676101,0,4096,4096,0,0,0,0,0,0,12288,753147,2073600,392,11758,short,200,200,200,-200,-200,-200,-200,-200,100
1782676102,0,4096,4096,0,0,0,0,0,0,16384,753045,2073600,392,11476,short,200,200,200,-200,-200,-200,-200,-200,100
1782676103,0,4096,4096,0,0,0,0,0,0,24576,753270,2073600,392,11524,short,200,200,200,-200,-200,-200,-200,-200,100
1782676112,0,4096,4096,0,0,0,0,0,0,4096,2073600,2073600,1080,11127,FULL,-200,-200,-200,200,-200,-200,-200,-200,100
1782676113,0,4096,4096,0,0,0,0,0,0,6144,2073600,2073600,1080,11127,FULL,-200,-200,-200,200,-200,-200,-200,-200,100
1782676114,0,4096,4096,0,0,0,0,0,0,8192,2073600,2073600,1080,11127,FULL,-200,-200,-200,200,-200,-200,-200,-200,100
1782676115,0,4096,4096,0,0,0,0,0,0,12288,511378,2073600,266,14922,short,-200,-200,-200,200,-200,-200,-200,-200,100
1782676116,0,4096,4096,0,0,0,0,0,0,16384,511391,2073600,266,10710,short,-200,-200,-200,200,-200,-200,-200,-200,100
1782676118,0,4096,4096,0,0,0,0,0,0,24576,511694,2073600,266,13501,short,-200,-200,-200,200,-200,-200,-200,-200,100
1782676126,0,4096,4096,0,0,0,0,0,0,4096,2073600,2073600,1080,39,FULL,200,-200,-200,200,-200,-200,-200,-200,100
1782676127,0,4096,4096,0,0,0,0,0,0,6144,2073600,2073600,1080,11127,FULL,200,-200,-200,200,-200,-200,-200,-200,100
1782676128,0,4096,4096,0,0,0,0,0,0,8192,2073600,2073600,1080,11127,FULL,200,-200,-200,200,-200,-200,-200,-200,100
1782676129,0,4096,4096,0,0,0,0,0,0,12288,575676,2073600,299,3715,short,200,-200,-200,200,-200,-200,-200,-200,100
1782676130,0,4096,4096,0,0,0,0,0,0,16384,575878,2073600,299,6715,short,200,-200,-200,200,-200,-200,-200,-200,100
1782676132,0,4096,4096,0,0,0,0,0,0,24576,575852,2073600,299,3707,short,200,-200,-200,200,-200,-200,-200,-200,100
1782676141,0,4096,4096,0,0,0,0,0,0,4096,329922,2073600,172,56009,short,-200,200,-200,200,-200,-200,-200,-200,100
1782676141,0,4096,4096,0,0,0,0,0,0,6144,2073600,2073600,1080,11127,FULL,-200,200,-200,200,-200,-200,-200,-200,100
1782676142,0,4096,4096,0,0,0,0,0,0,8192,2073600,2073600,1080,11127,FULL,-200,200,-200,200,-200,-200,-200,-200,100
1782676143,0,4096,4096,0,0,0,0,0,0,12288,2073600,2073600,1080,11127,FULL,-200,200,-200,200,-200,-200,-200,-200,100
1782676145,0,4096,4096,0,0,0,0,0,0,16384,2073600,2073600,1080,11127,FULL,-200,200,-200,200,-200,-200,-200,-200,100
1782676146,0,4096,4096,0,0,0,0,0,0,24576,2073600,2073600,1080,11127,FULL,-200,200,-200,200,-200,-200,-200,-200,100
1782676155,0,4096,4096,0,0,0,0,0,0,4096,400725,2073600,208,47557,short,200,200,-200,200,-200,-200,-200,-200,100
1782676156,0,4096,4096,0,0,0,0,0,0,6144,2073600,2073600,1080,11295,FULL,200,200,-200,200,-200,-200,-200,-200,100
1782676157,0,4096,4096,0,0,0,0,0,0,8192,2073600,2073600,1080,11275,FULL,200,200,-200,200,-200,-200,-200,-200,100
1782676158,0,4096,4096,0,0,0,0,0,0,12288,2073600,2073600,1080,11272,FULL,200,200,-200,200,-200,-200,-200,-200,100
1782676159,0,4096,4096,0,0,0,0,0,0,16384,2073600,2073600,1080,11297,FULL,200,200,-200,200,-200,-200,-200,-200,100
1782676160,0,4096,4096,0,0,0,0,0,0,24576,2073600,2073600,1080,11280,FULL,200,200,-200,200,-200,-200,-200,-200,100
1782676169,0,4096,4096,0,0,0,0,0,0,4096,2073600,2073600,1080,11127,FULL,-200,-200,200,200,-200,-200,-200,-200,100
1782676170,0,4096,4096,0,0,0,0,0,0,6144,2073600,2073600,1080,11127,FULL,-200,-200,200,200,-200,-200,-200,-200,100
1782676171,0,4096,4096,0,0,0,0,0,0,8192,2073600,2073600,1080,11127,FULL,-200,-200,200,200,-200,-200,-200,-200,100
1782676172,0,4096,4096,0,0,0,0,0,0,12288,2073600,2073600,1080,11127,FULL,-200,-200,200,200,-200,-200,-200,-200,100
1782676173,0,4096,4096,0,0,0,0,0,0,16384,610960,2073600,318,34251,short,-200,-200,200,200,-200,-200,-200,-200,100
1782676174,0,4096,4096,0,0,0,0,0,0,24576,610804,2073600,318,34387,short,-200,-200,200,200,-200,-200,-200,-200,100
1782676183,0,4096,4096,0,0,0,0,0,0,4096,2073600,2073600,1080,12,FULL,200,-200,200,200,-200,-200,-200,-200,100
1782676184,0,4096,4096,0,0,0,0,0,0,6144,2073600,2073600,1080,11127,FULL,200,-200,200,200,-200,-200,-200,-200,100
1782676185,0,4096,4096,0,0,0,0,0,0,8192,2073600,2073600,1080,0,FULL,200,-200,200,200,-200,-200,-200,-200,100
1782676186,0,4096,4096,0,0,0,0,0,0,12288,662528,2073600,345,40372,short,200,-200,200,200,-200,-200,-200,-200,100
1782676187,0,4096,4096,0,0,0,0,0,0,16384,662742,2073600,345,41735,short,200,-200,200,200,-200,-200,-200,-200,100
1782676189,0,4096,4096,0,0,0,0,0,0,24576,1565703,2073600,815,16133,short,200,-200,200,200,-200,-200,-200,-200,100
1782676197,0,4096,4096,0,0,0,0,0,0,4096,613172,2073600,319,27796,short,-200,200,200,200,-200,-200,-200,-200,100
1782676198,0,4096,4096,0,0,0,0,0,0,6144,2073600,2073600,1080,11127,FULL,-200,200,200,200,-200,-200,-200,-200,100
1782676199,0,4096,4096,0,0,0,0,0,0,8192,2073600,2073600,1080,11127,FULL,-200,200,200,200,-200,-200,-200,-200,100
1782676200,0,4096,4096,0,0,0,0,0,0,12288,2073600,2073600,1080,11127,FULL,-200,200,200,200,-200,-200,-200,-200,100
1782676201,0,4096,4096,0,0,0,0,0,0,16384,2073600,2073600,1080,11127,FULL,-200,200,200,200,-200,-200,-200,-200,100
1782676203,0,4096,4096,0,0,0,0,0,0,24576,2073600,2073600,1080,11127,FULL,-200,200,200,200,-200,-200,-200,-200,100
1782676212,0,4096,4096,0,0,0,0,0,0,4096,637789,2073600,332,64839,short,200,200,200,200,-200,-200,-200,-200,100
1782676213,0,4096,4096,0,0,0,0,0,0,6144,637948,2073600,332,1701,short,200,200,200,200,-200,-200,-200,-200,100
1782676214,0,4096,4096,0,0,0,0,0,0,8192,637744,2073600,332,1653,short,200,200,200,200,-200,-200,-200,-200,100
1782676215,0,4096,4096,0,0,0,0,0,0,12288,637877,2073600,332,2075,short,200,200,200,200,-200,-200,-200,-200,100
1782676216,0,4096,4096,0,0,0,0,0,0,16384,637767,2073600,332,5626,short,200,200,200,200,-200,-200,-200,-200,100
1782676217,0,4096,4096,0,0,0,0,0,0,24576,637744,2073600,332,2835,short,200,200,200,200,-200,-200,-200,-200,100
1782676226,0,4096,4096,0,0,0,0,0,0,4096,858965,2073600,447,27310,short,-200,-200,-200,-200,200,-200,-200,-200,100
1782676227,0,4096,4096,0,0,0,0,0,0,6144,2073600,2073600,1080,11127,FULL,-200,-200,-200,-200,200,-200,-200,-200,100
1782676228,0,4096,4096,0,0,0,0,0,0,8192,2073600,2073600,1080,11127,FULL,-200,-200,-200,-200,200,-200,-200,-200,100
1782676229,0,4096,4096,0,0,0,0,0,0,12288,2073600,2073600,1080,11127,FULL,-200,-200,-200,-200,200,-200,-200,-200,100
1782676230,0,4096,4096,0,0,0,0,0,0,16384,858989,2073600,447,27307,short,-200,-200,-200,-200,200,-200,-200,-200,100
1782676231,0,4096,4096,0,0,0,0,0,0,24576,859022,2073600,447,25369,short,-200,-200,-200,-200,200,-200,-200,-200,100
1782676240,0,4096,4096,0,0,0,0,0,0,4096,2073600,2073600,1080,11127,FULL,200,-200,-200,-200,200,-200,-200,-200,100
1782676241,0,4096,4096,0,0,0,0,0,0,6144,2073600,2073600,1080,11127,FULL,200,-200,-200,-200,200,-200,-200,-200,100
1782676242,0,4096,4096,0,0,0,0,0,0,8192,2073600,2073600,1080,11127,FULL,200,-200,-200,-200,200,-200,-200,-200,100
1782676243,0,4096,4096,0,0,0,0,0,0,12288,2073600,2073600,1080,11127,FULL,200,-200,-200,-200,200,-200,-200,-200,100
1782676244,0,4096,4096,0,0,0,0,0,0,16384,2073600,2073600,1080,11127,FULL,200,-200,-200,-200,200,-200,-200,-200,100
1782676245,0,4096,4096,0,0,0,0,0,0,24576,966633,2073600,504,48617,short,200,-200,-200,-200,200,-200,-200,-200,100
1782676254,0,4096,4096,0,0,0,0,0,0,4096,377693,2073600,197,36306,short,-200,200,-200,-200,200,-200,-200,-200,100
1782676255,0,4096,4096,0,0,0,0,0,0,6144,377733,2073600,197,41276,short,-200,200,-200,-200,200,-200,-200,-200,100
1782676256,0,4096,4096,0,0,0,0,0,0,8192,377686,2073600,197,41675,short,-200,200,-200,-200,200,-200,-200,-200,100
1782676257,0,4096,4096,0,0,0,0,0,0,12288,378296,2073600,197,42288,short,-200,200,-200,-200,200,-200,-200,-200,100
1782676258,0,4096,4096,0,0,0,0,0,0,16384,377706,2073600,197,40632,short,-200,200,-200,-200,200,-200,-200,-200,100
1782676260,0,4096,4096,0,0,0,0,0,0,24576,378925,2073600,197,36073,short,-200,200,-200,-200,200,-200,-200,-200,100
1782676267,0,4096,4096,0,0,0,0,0,0,4096,464113,2073600,241,64207,short,200,200,-200,-200,200,-200,-200,-200,100
1782676268,0,4096,4096,0,0,0,0,0,0,6144,463988,2073600,241,923,short,200,200,-200,-200,200,-200,-200,-200,100
1782676269,0,4096,4096,0,0,0,0,0,0,8192,464022,2073600,242,3876,short,200,200,-200,-200,200,-200,-200,-200,100
1782676270,0,4096,4096,0,0,0,0,0,0,12288,463935,2073600,241,4675,short,200,200,-200,-200,200,-200,-200,-200,100
1782676272,0,4096,4096,0,0,0,0,0,0,16384,463857,2073600,241,5762,short,200,200,-200,-200,200,-200,-200,-200,100
1782676273,0,4096,4096,0,0,0,0,0,0,24576,463867,2073600,241,1902,short,200,200,-200,-200,200,-200,-200,-200,100
1782676274,0,4096,4096,0,0,0,0,0,0,4096,463985,2073600,241,3908,short,200,200,-200,-200,200,-200,-200,-200,100
1782676275,0,4096,4096,0,0,0,0,0,0,6144,463867,2073600,241,225,short,200,200,-200,-200,200,-200,-200,-200,100
1782676276,0,4096,4096,0,0,0,0,0,0,8192,463903,2073600,241,3829,short,200,200,-200,-200,200,-200,-200,-200,100
1782676277,0,4096,4096,0,0,0,0,0,0,12288,463902,2073600,241,968,short,200,200,-200,-200,200,-200,-200,-200,100
1782676278,0,4096,4096,0,0,0,0,0,0,16384,463966,2073600,241,1617,short,200,200,-200,-200,200,-200,-200,-200,100
1782676279,0,4096,4096,0,0,0,0,0,0,24576,463902,2073600,241,2692,short,200,200,-200,-200,200,-200,-200,-200,100
1782676283,0,4096,4096,0,0,0,0,0,0,4096,2073600,2073600,1080,11127,FULL,-200,-200,200,-200,200,-200,-200,-200,100
1782676284,0,4096,4096,0,0,0,0,0,0,6144,2073600,2073600,1080,11127,FULL,-200,-200,200,-200,200,-200,-200,-200,100
1782676285,0,4096,4096,0,0,0,0,0,0,8192,2073600,2073600,1080,11127,FULL,-200,-200,200,-200,200,-200,-200,-200,100
1782676286,0,4096,4096,0,0,0,0,0,0,12288,2073600,2073600,1080,11127,FULL,-200,-200,200,-200,200,-200,-200,-200,100
1782676287,0,4096,4096,0,0,0,0,0,0,16384,2073600,2073600,1080,11127,FULL,-200,-200,200,-200,200,-200,-200,-200,100
1782676288,0,4096,4096,0,0,0,0,0,0,24576,1302229,2073600,678,28098,short,-200,-200,200,-200,200,-200,-200,-200,100
1782676297,0,4096,4096,0,0,0,0,0,0,4096,2073600,2073600,1080,11127,FULL,200,-200,200,-200,200,-200,-200,-200,100
1782676298,0,4096,4096,0,0,0,0,0,0,6144,2073600,2073600,1080,11127,FULL,200,-200,200,-200,200,-200,-200,-200,100
1782676299,0,4096,4096,0,0,0,0,0,0,8192,2073600,2073600,1080,11127,FULL,200,-200,200,-200,200,-200,-200,-200,100
1782676300,0,4096,4096,0,0,0,0,0,0,12288,2073600,2073600,1080,11127,FULL,200,-200,200,-200,200,-200,-200,-200,100
1782676301,0,4096,4096,0,0,0,0,0,0,16384,1340319,2073600,698,51640,short,200,-200,200,-200,200,-200,-200,-200,100
1782676302,0,4096,4096,0,0,0,0,0,0,24576,1340319,2073600,698,52117,short,200,-200,200,-200,200,-200,-200,-200,100
1782676311,0,4096,4096,0,0,0,0,0,0,4096,2073600,2073600,1080,11127,FULL,-200,200,200,-200,200,-200,-200,-200,100
1782676312,0,4096,4096,0,0,0,0,0,0,6144,2073600,2073600,1080,11127,FULL,-200,200,200,-200,200,-200,-200,-200,100
1782676313,0,4096,4096,0,0,0,0,0,0,8192,2073600,2073600,1080,11127,FULL,-200,200,200,-200,200,-200,-200,-200,100
1782676314,0,4096,4096,0,0,0,0,0,0,12288,2073600,2073600,1080,11127,FULL,-200,200,200,-200,200,-200,-200,-200,100
1782676315,0,4096,4096,0,0,0,0,0,0,16384,2073600,2073600,1080,11127,FULL,-200,200,200,-200,200,-200,-200,-200,100
1782676317,0,4096,4096,0,0,0,0,0,0,24576,692486,2073600,361,16598,short,-200,200,200,-200,200,-200,-200,-200,100
1782676325,0,4096,4096,0,0,0,0,0,0,4096,2073600,2073600,1080,11278,FULL,200,200,200,-200,200,-200,-200,-200,100
1782676326,0,4096,4096,0,0,0,0,0,0,6144,2073600,2073600,1080,11278,FULL,200,200,200,-200,200,-200,-200,-200,100
1782676327,0,4096,4096,0,0,0,0,0,0,8192,2073600,2073600,1080,11287,FULL,200,200,200,-200,200,-200,-200,-200,100
1782676328,0,4096,4096,0,0,0,0,0,0,12288,2073600,2073600,1080,11287,FULL,200,200,200,-200,200,-200,-200,-200,100
1782676329,0,4096,4096,0,0,0,0,0,0,16384,2073600,2073600,1080,11278,FULL,200,200,200,-200,200,-200,-200,-200,100
1782676331,0,4096,4096,0,0,0,0,0,0,24576,2073600,2073600,1080,11276,FULL,200,200,200,-200,200,-200,-200,-200,100
1782676340,0,4096,4096,0,0,0,0,0,0,4096,2073600,2073600,1080,11127,FULL,-200,-200,-200,200,200,-200,-200,-200,100
1782676340,0,4096,4096,0,0,0,0,0,0,6144,2073600,2073600,1080,11127,FULL,-200,-200,-200,200,200,-200,-200,-200,100
1782676341,0,4096,4096,0,0,0,0,0,0,8192,529158,2073600,276,56095,short,-200,-200,-200,200,200,-200,-200,-200,100
1782676342,0,4096,4096,0,0,0,0,0,0,12288,529286,2073600,276,53981,short,-200,-200,-200,200,200,-200,-200,-200,100
1782676344,0,4096,4096,0,0,0,0,0,0,16384,529098,2073600,276,58064,short,-200,-200,-200,200,200,-200,-200,-200,100
1782676345,0,4096,4096,0,0,0,0,0,0,24576,529081,2073600,276,59948,short,-200,-200,-200,200,200,-200,-200,-200,100
1782676354,0,4096,4096,0,0,0,0,0,0,4096,2073600,2073600,1080,11127,FULL,200,-200,-200,200,200,-200,-200,-200,100
1782676355,0,4096,4096,0,0,0,0,0,0,6144,2073600,2073600,1080,11127,FULL,200,-200,-200,200,200,-200,-200,-200,100
1782676356,0,4096,4096,0,0,0,0,0,0,8192,2073600,2073600,1080,11127,FULL,200,-200,-200,200,200,-200,-200,-200,100
1782676357,0,4096,4096,0,0,0,0,0,0,12288,2073600,2073600,1080,11127,FULL,200,-200,-200,200,200,-200,-200,-200,100
1782676358,0,4096,4096,0,0,0,0,0,0,16384,2073600,2073600,1080,11127,FULL,200,-200,-200,200,200,-200,-200,-200,100
1782676359,0,4096,4096,0,0,0,0,0,0,24576,618463,2073600,322,24267,short,200,-200,-200,200,200,-200,-200,-200,100
1782676368,0,4096,4096,0,0,0,0,0,0,4096,2073600,2073600,1080,11127,FULL,-200,200,-200,200,200,-200,-200,-200,100
1782676369,0,4096,4096,0,0,0,0,0,0,6144,2073600,2073600,1080,11127,FULL,-200,200,-200,200,200,-200,-200,-200,100
1782676370,0,4096,4096,0,0,0,0,0,0,8192,2073600,2073600,1080,11127,FULL,-200,200,-200,200,200,-200,-200,-200,100
1782676371,0,4096,4096,0,0,0,0,0,0,12288,2073600,2073600,1080,11127,FULL,-200,200,-200,200,200,-200,-200,-200,100
1782676372,0,4096,4096,0,0,0,0,0,0,16384,2073600,2073600,1080,11127,FULL,-200,200,-200,200,200,-200,-200,-200,100
1782676373,0,4096,4096,0,0,0,0,0,0,24576,2073600,2073600,1080,11127,FULL,-200,200,-200,200,200,-200,-200,-200,100
1782676382,0,4096,4096,0,0,0,0,0,0,4096,2073600,2073600,1080,11279,FULL,200,200,-200,200,200,-200,-200,-200,100
1782676383,0,4096,4096,0,0,0,0,0,0,6144,2073600,2073600,1080,11273,FULL,200,200,-200,200,200,-200,-200,-200,100
1782676384,0,4096,4096,0,0,0,0,0,0,8192,2073600,2073600,1080,11278,FULL,200,200,-200,200,200,-200,-200,-200,100
1782676385,0,4096,4096,0,0,0,0,0,0,12288,2073600,2073600,1080,11278,FULL,200,200,-200,200,200,-200,-200,-200,100
1782676386,0,4096,4096,0,0,0,0,0,0,16384,2073600,2073600,1080,11292,FULL,200,200,-200,200,200,-200,-200,-200,100
1782676388,0,4096,4096,0,0,0,0,0,0,24576,2073600,2073600,1080,11277,FULL,200,200,-200,200,200,-200,-200,-200,100
1782676396,0,4096,4096,0,0,0,0,0,0,4096,2073600,2073600,1080,11127,FULL,-200,-200,200,200,200,-200,-200,-200,100
1782676397,0,4096,4096,0,0,0,0,0,0,6144,2073600,2073600,1080,11127,FULL,-200,-200,200,200,200,-200,-200,-200,100
1782676398,0,4096,4096,0,0,0,0,0,0,8192,2073600,2073600,1080,11127,FULL,-200,-200,200,200,200,-200,-200,-200,100
1782676399,0,4096,4096,0,0,0,0,0,0,12288,2073600,2073600,1080,11127,FULL,-200,-200,200,200,200,-200,-200,-200,100
1782676400,0,4096,4096,0,0,0,0,0,0,16384,2073600,2073600,1080,11127,FULL,-200,-200,200,200,200,-200,-200,-200,100
1782676402,0,4096,4096,0,0,0,0,0,0,24576,628735,2073600,327,16599,short,-200,-200,200,200,200,-200,-200,-200,100
1782676411,0,4096,4096,0,0,0,0,0,0,4096,2073600,2073600,1080,11127,FULL,200,-200,200,200,200,-200,-200,-200,100
1782676411,0,4096,4096,0,0,0,0,0,0,6144,2073600,2073600,1080,11127,FULL,200,-200,200,200,200,-200,-200,-200,100
1782676412,0,4096,4096,0,0,0,0,0,0,8192,2073600,2073600,1080,11127,FULL,200,-200,200,200,200,-200,-200,-200,100
1782676413,0,4096,4096,0,0,0,0,0,0,12288,2073600,2073600,1080,11127,FULL,200,-200,200,200,200,-200,-200,-200,100
1782676415,0,4096,4096,0,0,0,0,0,0,16384,694079,2073600,361,6516,short,200,-200,200,200,200,-200,-200,-200,100
1782676416,0,4096,4096,0,0,0,0,0,0,24576,694067,2073600,361,14747,short,200,-200,200,200,200,-200,-200,-200,100
1782676425,0,4096,4096,0,0,0,0,0,0,4096,2073600,2073600,1080,11127,FULL,-200,200,200,200,200,-200,-200,-200,100
1782676426,0,4096,4096,0,0,0,0,0,0,6144,2073600,2073600,1080,11127,FULL,-200,200,200,200,200,-200,-200,-200,100
1782676427,0,4096,4096,0,0,0,0,0,0,8192,2073600,2073600,1080,11127,FULL,-200,200,200,200,200,-200,-200,-200,100
1782676428,0,4096,4096,0,0,0,0,0,0,12288,2073600,2073600,1080,11127,FULL,-200,200,200,200,200,-200,-200,-200,100
1782676429,0,4096,4096,0,0,0,0,0,0,16384,2073600,2073600,1080,11127,FULL,-200,200,200,200,200,-200,-200,-200,100
1782676430,0,4096,4096,0,0,0,0,0,0,24576,2073600,2073600,1080,11127,FULL,-200,200,200,200,200,-200,-200,-200,100
1782676439,0,4096,4096,0,0,0,0,0,0,4096,2073600,2073600,1080,11276,FULL,200,200,200,200,200,-200,-200,-200,100
1782676440,0,4096,4096,0,0,0,0,0,0,6144,2073600,2073600,1080,11274,FULL,200,200,200,200,200,-200,-200,-200,100
1782676441,0,4096,4096,0,0,0,0,0,0,8192,2073600,2073600,1080,11283,FULL,200,200,200,200,200,-200,-200,-200,100
1782676442,0,4096,4096,0,0,0,0,0,0,12288,2073600,2073600,1080,11278,FULL,200,200,200,200,200,-200,-200,-200,100
1782676443,0,4096,4096,0,0,0,0,0,0,16384,2073600,2073600,1080,11275,FULL,200,200,200,200,200,-200,-200,-200,100
1782676444,0,4096,4096,0,0,0,0,0,0,24576,2073600,2073600,1080,11278,FULL,200,200,200,200,200,-200,-200,-200,100
1782676453,0,4096,4096,0,0,0,0,0,0,4096,828118,2073600,431,61236,short,-200,-200,-200,-200,-200,200,-200,-200,100
1782676454,0,4096,4096,0,0,0,0,0,0,6144,828076,2073600,431,59272,short,-200,-200,-200,-200,-200,200,-200,-200,100
1782676455,0,4096,4096,0,0,0,0,0,0,8192,827564,2073600,431,63610,short,-200,-200,-200,-200,-200,200,-200,-200,100
1782676456,0,4096,4096,0,0,0,0,0,0,12288,828102,2073600,431,60025,short,-200,-200,-200,-200,-200,200,-200,-200,100
1782676457,0,4096,4096,0,0,0,0,0,0,16384,828053,2073600,432,61898,short,-200,-200,-200,-200,-200,200,-200,-200,100
1782676459,0,4096,4096,0,0,0,0,0,0,24576,828063,2073600,431,60128,short,-200,-200,-200,-200,-200,200,-200,-200,100
1782676467,0,4096,4096,0,0,0,0,0,0,4096,1895953,2073600,987,63283,short,200,-200,-200,-200,-200,200,-200,-200,100
1782676468,0,4096,4096,0,0,0,0,0,0,6144,1025326,2073600,534,55334,short,200,-200,-200,-200,-200,200,-200,-200,100
1782676469,0,4096,4096,0,0,0,0,0,0,8192,1876474,2073600,977,19984,short,200,-200,-200,-200,-200,200,-200,-200,100
1782676470,0,4096,4096,0,0,0,0,0,0,12288,1843936,2073600,960,54120,short,200,-200,-200,-200,-200,200,-200,-200,100
1782676472,0,4096,4096,0,0,0,0,0,0,16384,1025335,2073600,534,59078,short,200,-200,-200,-200,-200,200,-200,-200,100
1782676473,0,4096,4096,0,0,0,0,0,0,24576,1025326,2073600,534,55411,short,200,-200,-200,-200,-200,200,-200,-200,100
1782676482,0,4096,4096,0,0,0,0,0,0,4096,2073600,2073600,1080,11127,FULL,-200,200,-200,-200,-200,200,-200,-200,100
1782676483,0,4096,4096,0,0,0,0,0,0,6144,2073600,2073600,1080,11127,FULL,-200,200,-200,-200,-200,200,-200,-200,100
1782676484,0,4096,4096,0,0,0,0,0,0,8192,2073600,2073600,1080,11127,FULL,-200,200,-200,-200,-200,200,-200,-200,100
1782676485,0,4096,4096,0,0,0,0,0,0,12288,2073600,2073600,1080,11127,FULL,-200,200,-200,-200,-200,200,-200,-200,100
1782676486,0,4096,4096,0,0,0,0,0,0,16384,577288,2073600,300,11591,short,-200,200,-200,-200,-200,200,-200,-200,100
1782676487,0,4096,4096,0,0,0,0,0,0,24576,577371,2073600,301,7352,short,-200,200,-200,-200,-200,200,-200,-200,100
1782676496,0,4096,4096,0,0,0,0,0,0,4096,2073600,2073600,1080,11273,FULL,200,200,-200,-200,-200,200,-200,-200,100
1782676497,0,4096,4096,0,0,0,0,0,0,6144,2073600,2073600,1080,11273,FULL,200,200,-200,-200,-200,200,-200,-200,100
1782676498,0,4096,4096,0,0,0,0,0,0,8192,2073600,2073600,1080,11272,FULL,200,200,-200,-200,-200,200,-200,-200,100
1782676499,0,4096,4096,0,0,0,0,0,0,12288,563394,2073600,293,16705,short,200,200,-200,-200,-200,200,-200,-200,100
1782676500,0,4096,4096,0,0,0,0,0,0,16384,563471,2073600,293,20535,short,200,200,-200,-200,-200,200,-200,-200,100
1782676501,0,4096,4096,0,0,0,0,0,0,24576,563345,2073600,293,21509,short,200,200,-200,-200,-200,200,-200,-200,100
1782676510,0,4096,4096,0,0,0,0,0,0,4096,2073600,2073600,1080,11127,FULL,-200,-200,200,-200,-200,200,-200,-200,100
1782676511,0,4096,4096,0,0,0,0,0,0,6144,2073600,2073600,1080,11127,FULL,-200,-200,200,-200,-200,200,-200,-200,100
1782676512,0,4096,4096,0,0,0,0,0,0,8192,885799,2073600,461,205,short,-200,-200,200,-200,-200,200,-200,-200,100
1782676513,0,4096,4096,0,0,0,0,0,0,12288,885800,2073600,461,550,short,-200,-200,200,-200,-200,200,-200,-200,100
1782676514,0,4096,4096,0,0,0,0,0,0,16384,885812,2073600,461,1249,short,-200,-200,200,-200,-200,200,-200,-200,100
1782676515,0,4096,4096,0,0,0,0,0,0,24576,885701,2073600,461,2286,short,-200,-200,200,-200,-200,200,-200,-200,100
1782676524,0,4096,4096,0,0,0,0,0,0,4096,1851497,2073600,964,49607,short,200,-200,200,-200,-200,200,-200,-200,100
1782676525,0,4096,4096,0,0,0,0,0,0,6144,1841883,2073600,959,59875,short,200,-200,200,-200,-200,200,-200,-200,100
1782676526,0,4096,4096,0,0,0,0,0,0,8192,1830669,2073600,954,9326,short,200,-200,200,-200,-200,200,-200,-200,100
1782676527,0,4096,4096,0,0,0,0,0,0,12288,1046552,2073600,545,35996,short,200,-200,200,-200,-200,200,-200,-200,100
1782676528,0,4096,4096,0,0,0,0,0,0,16384,1046520,2073600,545,36159,short,200,-200,200,-200,-200,200,-200,-200,100
1782676530,0,4096,4096,0,0,0,0,0,0,24576,1046532,2073600,545,33231,short,200,-200,200,-200,-200,200,-200,-200,100
1782676539,0,4096,4096,0,0,0,0,0,0,4096,2073600,2073600,1080,11127,FULL,-200,200,200,-200,-200,200,-200,-200,100
1782676539,0,4096,4096,0,0,0,0,0,0,6144,2073600,2073600,1080,11127,FULL,-200,200,200,-200,-200,200,-200,-200,100
1782676540,0,4096,4096,0,0,0,0,0,0,8192,2073600,2073600,1080,11127,FULL,-200,200,200,-200,-200,200,-200,-200,100
1782676541,0,4096,4096,0,0,0,0,0,0,12288,2073600,2073600,1080,11127,FULL,-200,200,200,-200,-200,200,-200,-200,100
1782676543,0,4096,4096,0,0,0,0,0,0,16384,543708,2073600,283,39697,short,-200,200,200,-200,-200,200,-200,-200,100
1782676544,0,4096,4096,0,0,0,0,0,0,24576,543299,2073600,283,37514,short,-200,200,200,-200,-200,200,-200,-200,100
1782676553,0,4096,4096,0,0,0,0,0,0,4096,2073600,2073600,1080,11480,FULL,200,200,200,-200,-200,200,-200,-200,100
1782676554,0,4096,4096,0,0,0,0,0,0,6144,2073600,2073600,1080,11470,FULL,200,200,200,-200,-200,200,-200,-200,100
1782676555,0,4096,4096,0,0,0,0,0,0,8192,533281,2073600,278,47460,short,200,200,200,-200,-200,200,-200,-200,100
1782676556,0,4096,4096,0,0,0,0,0,0,12288,533556,2073600,278,47361,short,200,200,200,-200,-200,200,-200,-200,100
1782676557,0,4096,4096,0,0,0,0,0,0,16384,533705,2073600,279,45715,short,200,200,200,-200,-200,200,-200,-200,100
1782676558,0,4096,4096,0,0,0,0,0,0,24576,533360,2073600,277,45742,short,200,200,200,-200,-200,200,-200,-200,100
1782676567,0,4096,4096,0,0,0,0,0,0,4096,2073600,2073600,1080,11127,FULL,-200,-200,-200,200,-200,200,-200,-200,100
1782676568,0,4096,4096,0,0,0,0,0,0,6144,2073600,2073600,1080,11127,FULL,-200,-200,-200,200,-200,200,-200,-200,100
1782676569,0,4096,4096,0,0,0,0,0,0,8192,2073600,2073600,1080,11127,FULL,-200,-200,-200,200,-200,200,-200,-200,100
1782676570,0,4096,4096,0,0,0,0,0,0,12288,2073600,2073600,1080,11127,FULL,-200,-200,-200,200,-200,200,-200,-200,100
1782676571,0,4096,4096,0,0,0,0,0,0,16384,2073600,2073600,1080,11127,FULL,-200,-200,-200,200,-200,200,-200,-200,100
1782676572,0,4096,4096,0,0,0,0,0,0,24576,2073600,2073600,1080,11127,FULL,-200,-200,-200,200,-200,200,-200,-200,100
1782676581,0,4096,4096,0,0,0,0,0,0,4096,1930284,2073600,1005,28584,short,200,-200,-200,200,-200,200,-200,-200,100
1782676582,0,4096,4096,0,0,0,0,0,0,6144,1920684,2073600,1000,37807,short,200,-200,-200,200,-200,200,-200,-200,100
1782676583,0,4096,4096,0,0,0,0,0,0,8192,1022498,2073600,532,61029,short,200,-200,-200,200,-200,200,-200,-200,100
1782676584,0,4096,4096,0,0,0,0,0,0,12288,1021888,2073600,532,60198,short,200,-200,-200,200,-200,200,-200,-200,100
1782676585,0,4096,4096,0,0,0,0,0,0,16384,1021964,2073600,532,61766,short,200,-200,-200,200,-200,200,-200,-200,100
1782676587,0,4096,4096,0,0,0,0,0,0,24576,1021768,2073600,532,59866,short,200,-200,-200,200,-200,200,-200,-200,100
1782676595,0,4096,4096,0,0,0,0,0,0,4096,2073600,2073600,1080,11127,FULL,-200,200,-200,200,-200,200,-200,-200,100
1782676596,0,4096,4096,0,0,0,0,0,0,6144,2073600,2073600,1080,11127,FULL,-200,200,-200,200,-200,200,-200,-200,100
1782676597,0,4096,4096,0,0,0,0,0,0,8192,2073600,2073600,1080,11127,FULL,-200,200,-200,200,-200,200,-200,-200,100
1782676598,0,4096,4096,0,0,0,0,0,0,12288,2073600,2073600,1080,11127,FULL,-200,200,-200,200,-200,200,-200,-200,100
1782676599,0,4096,4096,0,0,0,0,0,0,16384,2073600,2073600,1080,11127,FULL,-200,200,-200,200,-200,200,-200,-200,100
1782676601,0,4096,4096,0,0,0,0,0,0,24576,318698,2073600,166,3522,short,-200,200,-200,200,-200,200,-200,-200,100
1782676610,0,4096,4096,0,0,0,0,0,0,4096,2073600,2073600,1080,11463,FULL,200,200,-200,200,-200,200,-200,-200,100
1782676611,0,4096,4096,0,0,0,0,0,0,6144,2073600,2073600,1080,11466,FULL,200,200,-200,200,-200,200,-200,-200,100
1782676611,0,4096,4096,0,0,0,0,0,0,8192,2073600,2073600,1080,11484,FULL,200,200,-200,200,-200,200,-200,-200,100
1782676613,0,4096,4096,0,0,0,0,0,0,12288,370695,2073600,193,15427,short,200,200,-200,200,-200,200,-200,-200,100
1782676614,0,4096,4096,0,0,0,0,0,0,16384,347275,2073600,193,14656,short,200,200,-200,200,-200,200,-200,-200,100
1782676615,0,4096,4096,0,0,0,0,0,0,24576,370672,2073600,193,14118,short,200,200,-200,200,-200,200,-200,-200,100
1782676624,0,4096,4096,0,0,0,0,0,0,4096,697182,2073600,372,54839,short,-200,-200,200,200,-200,200,-200,-200,100
1782676625,0,4096,4096,0,0,0,0,0,0,6144,696460,2073600,372,54901,short,-200,-200,200,200,-200,200,-200,-200,100
1782676626,0,4096,4096,0,0,0,0,0,0,8192,714882,2073600,372,59477,short,-200,-200,200,200,-200,200,-200,-200,100
1782676627,0,4096,4096,0,0,0,0,0,0,12288,714965,2073600,372,56957,short,-200,-200,200,200,-200,200,-200,-200,100
1782676628,0,4096,4096,0,0,0,0,0,0,16384,714951,2073600,372,58363,short,-200,-200,200,200,-200,200,-200,-200,100
1782676629,0,4096,4096,0,0,0,0,0,0,24576,714845,2073600,372,56354,short,-200,-200,200,200,-200,200,-200,-200,100
1782676638,0,4096,4096,0,0,0,0,0,0,4096,1891837,2073600,985,6526,short,200,-200,200,200,-200,200,-200,-200,100
1782676639,0,4096,4096,0,0,0,0,0,0,6144,1033200,2073600,537,48735,short,200,-200,200,200,-200,200,-200,-200,100
1782676640,0,4096,4096,0,0,0,0,0,0,8192,1874554,2073600,976,23418,short,200,-200,200,200,-200,200,-200,-200,100
1782676641,0,4096,4096,0,0,0,0,0,0,12288,1033314,2073600,539,47426,short,200,-200,200,200,-200,200,-200,-200,100
1782676642,0,4096,4096,0,0,0,0,0,0,16384,1033191,2073600,539,47615,short,200,-200,200,200,-200,200,-200,-200,100
1782676643,0,4096,4096,0,0,0,0,0,0,24576,1033107,2073600,538,47059,short,200,-200,200,200,-200,200,-200,-200,100
1782676652,0,4096,4096,0,0,0,0,0,0,4096,2073600,2073600,1080,11127,FULL,-200,200,200,200,-200,200,-200,-200,100
1782676653,0,4096,4096,0,0,0,0,0,0,6144,2073600,2073600,1080,11127,FULL,-200,200,200,200,-200,200,-200,-200,100
1782676654,0,4096,4096,0,0,0,0,0,0,8192,2073600,2073600,1080,11127,FULL,-200,200,200,200,-200,200,-200,-200,100
1782676655,0,4096,4096,0,0,0,0,0,0,12288,2073600,2073600,1080,11127,FULL,-200,200,200,200,-200,200,-200,-200,100
1782676656,0,4096,4096,0,0,0,0,0,0,16384,2073600,2073600,1080,11127,FULL,-200,200,200,200,-200,200,-200,-200,100
1782676658,0,4096,4096,0,0,0,0,0,0,24576,2073600,2073600,1080,11127,FULL,-200,200,200,200,-200,200,-200,-200,100
1782676666,0,4096,4096,0,0,0,0,0,0,4096,2073600,2073600,1080,11293,FULL,200,200,200,200,-200,200,-200,-200,100
1782676667,0,4096,4096,0,0,0,0,0,0,6144,2073600,2073600,1080,11278,FULL,200,200,200,200,-200,200,-200,-200,100
1782676668,0,4096,4096,0,0,0,0,0,0,8192,2073600,2073600,1080,11277,FULL,200,200,200,200,-200,200,-200,-200,100
1782676669,0,4096,4096,0,0,0,0,0,0,12288,443185,2073600,230,8253,short,200,200,200,200,-200,200,-200,-200,100
1782676671,0,4096,4096,0,0,0,0,0,0,16384,443279,2073600,230,5890,short,200,200,200,200,-200,200,-200,-200,100
1782676672,0,4096,4096,0,0,0,0,0,0,24576,443185,2073600,230,5239,short,200,200,200,200,-200,200,-200,-200,100
1782676681,0,4096,4096,0,0,0,0,0,0,4096,2073600,2073600,1080,11127,FULL,-200,-200,-200,-200,200,200,-200,-200,100
1782676682,0,4096,4096,0,0,0,0,0,0,6144,2073600,2073600,1080,11127,FULL,-200,-200,-200,-200,200,200,-200,-200,100
1782676683,0,4096,4096,0,0,0,0,0,0,8192,2073600,2073600,1080,11127,FULL,-200,-200,-200,-200,200,200,-200,-200,100
1782676684,0,4096,4096,0,0,0,0,0,0,12288,2073600,2073600,1080,11127,FULL,-200,-200,-200,-200,200,200,-200,-200,100
1782676685,0,4096,4096,0,0,0,0,0,0,16384,827920,2073600,431,60168,short,-200,-200,-200,-200,200,200,-200,-200,100
1782676686,0,4096,4096,0,0,0,0,0,0,24576,827890,2073600,431,59842,short,-200,-200,-200,-200,200,200,-200,-200,100
1782676695,0,4096,4096,0,0,0,0,0,0,4096,960150,2073600,500,54475,short,200,-200,-200,-200,200,200,-200,-200,100
1782676696,0,4096,4096,0,0,0,0,0,0,6144,960300,2073600,500,53033,short,200,-200,-200,-200,200,200,-200,-200,100
1782676697,0,4096,4096,0,0,0,0,0,0,8192,960179,2073600,500,53857,short,200,-200,-200,-200,200,200,-200,-200,100
1782676698,0,4096,4096,0,0,0,0,0,0,12288,960137,2073600,500,52731,short,200,-200,-200,-200,200,200,-200,-200,100
1782676699,0,4096,4096,0,0,0,0,0,0,16384,960274,2073600,500,54188,short,200,-200,-200,-200,200,200,-200,-200,100
1782676700,0,4096,4096,0,0,0,0,0,0,24576,926102,2073600,500,51714,short,200,-200,-200,-200,200,200,-200,-200,100
1782676709,0,4096,4096,0,0,0,0,0,0,4096,2073600,2073600,1080,11127,FULL,-200,200,-200,-200,200,200,-200,-200,100
1782676710,0,4096,4096,0,0,0,0,0,0,6144,2073600,2073600,1080,11127,FULL,-200,200,-200,-200,200,200,-200,-200,100
1782676711,0,4096,4096,0,0,0,0,0,0,8192,2073600,2073600,1080,11127,FULL,-200,200,-200,-200,200,200,-200,-200,100
1782676712,0,4096,4096,0,0,0,0,0,0,12288,507338,2073600,264,21338,short,-200,200,-200,-200,200,200,-200,-200,100
1782676713,0,4096,4096,0,0,0,0,0,0,16384,478593,2073600,264,15328,short,-200,200,-200,-200,200,200,-200,-200,100
1782676714,0,4096,4096,0,0,0,0,0,0,24576,507173,2073600,264,19077,short,-200,200,-200,-200,200,200,-200,-200,100
1782676723,0,4096,4096,0,0,0,0,0,0,4096,2073600,2073600,1080,11506,FULL,200,200,-200,-200,200,200,-200,-200,100
1782676724,0,4096,4096,0,0,0,0,0,0,6144,2073600,2073600,1080,11483,FULL,200,200,-200,-200,200,200,-200,-200,100
1782676725,0,4096,4096,0,0,0,0,0,0,8192,2073600,2073600,1080,11508,FULL,200,200,-200,-200,200,200,-200,-200,100
1782676726,0,4096,4096,0,0,0,0,0,0,12288,2073600,2073600,1080,11462,FULL,200,200,-200,-200,200,200,-200,-200,100
1782676727,0,4096,4096,0,0,0,0,0,0,16384,2073600,2073600,1080,11466,FULL,200,200,-200,-200,200,200,-200,-200,100
1782676729,0,4096,4096,0,0,0,0,0,0,24576,2073600,2073600,1080,11476,FULL,200,200,-200,-200,200,200,-200,-200,100
1782676738,0,4096,4096,0,0,0,0,0,0,4096,2073600,2073600,1080,11127,FULL,-200,-200,200,-200,200,200,-200,-200,100
1782676738,0,4096,4096,0,0,0,0,0,0,6144,2073600,2073600,1080,11127,FULL,-200,-200,200,-200,200,200,-200,-200,100
1782676739,0,4096,4096,0,0,0,0,0,0,8192,2073600,2073600,1080,11127,FULL,-200,-200,200,-200,200,200,-200,-200,100
1782676740,0,4096,4096,0,0,0,0,0,0,12288,896717,2073600,466,52503,short,-200,-200,200,-200,200,200,-200,-200,100
1782676742,0,4096,4096,0,0,0,0,0,0,16384,896518,2073600,466,54126,short,-200,-200,200,-200,200,200,-200,-200,100
1782676743,0,4096,4096,0,0,0,0,0,0,24576,896839,2073600,467,54847,short,-200,-200,200,-200,200,200,-200,-200,100
1782676752,0,4096,4096,0,0,0,0,0,0,4096,998678,2073600,520,12324,short,200,-200,200,-200,200,200,-200,-200,100
1782676753,0,4096,4096,0,0,0,0,0,0,6144,998668,2073600,520,18011,short,200,-200,200,-200,200,200,-200,-200,100
1782676754,0,4096,4096,0,0,0,0,0,0,8192,998794,2073600,520,12199,short,200,-200,200,-200,200,200,-200,-200,100
1782676755,0,4096,4096,0,0,0,0,0,0,12288,998668,2073600,520,13157,short,200,-200,200,-200,200,200,-200,-200,100
1782676756,0,4096,4096,0,0,0,0,0,0,16384,998678,2073600,520,16577,short,200,-200,200,-200,200,200,-200,-200,100
1782676757,0,4096,4096,0,0,0,0,0,0,24576,998733,2073600,520,14728,short,200,-200,200,-200,200,200,-200,-200,100
1782676766,0,4096,4096,0,0,0,0,0,0,4096,2073600,2073600,1080,11127,FULL,-200,200,200,-200,200,200,-200,-200,100
1782676767,0,4096,4096,0,0,0,0,0,0,6144,2073600,2073600,1080,11127,FULL,-200,200,200,-200,200,200,-200,-200,100
1782676768,0,4096,4096,0,0,0,0,0,0,8192,2073600,2073600,1080,11127,FULL,-200,200,200,-200,200,200,-200,-200,100
1782676769,0,4096,4096,0,0,0,0,0,0,12288,2073600,2073600,1080,11127,FULL,-200,200,200,-200,200,200,-200,-200,100
1782676770,0,4096,4096,0,0,0,0,0,0,16384,2073600,2073600,1080,11127,FULL,-200,200,200,-200,200,200,-200,-200,100
1782676771,0,4096,4096,0,0,0,0,0,0,24576,2073600,2073600,1080,11127,FULL,-200,200,200,-200,200,200,-200,-200,100
1782676780,0,4096,4096,0,0,0,0,0,0,4096,2073600,2073600,1080,11310,FULL,200,200,200,-200,200,200,-200,-200,100
1782676781,0,4096,4096,0,0,0,0,0,0,6144,2073600,2073600,1080,11285,FULL,200,200,200,-200,200,200,-200,-200,100
1782676782,0,4096,4096,0,0,0,0,0,0,8192,2073600,2073600,1080,11275,FULL,200,200,200,-200,200,200,-200,-200,100
1782676783,0,4096,4096,0,0,0,0,0,0,12288,2073600,2073600,1080,11294,FULL,200,200,200,-200,200,200,-200,-200,100
1782676784,0,4096,4096,0,0,0,0,0,0,16384,2073600,2073600,1080,11276,FULL,200,200,200,-200,200,200,-200,-200,100
1782676786,0,4096,4096,0,0,0,0,0,0,24576,2073600,2073600,1080,11272,FULL,200,200,200,-200,200,200,-200,-200,100
1782676794,0,4096,4096,0,0,0,0,0,0,4096,1526829,2073600,795,54268,short,-200,-200,-200,200,200,200,-200,-200,100
1782676795,0,4096,4096,0,0,0,0,0,0,6144,1524652,2073600,794,56617,short,-200,-200,-200,200,200,200,-200,-200,100
1782676796,0,4096,4096,0,0,0,0,0,0,8192,1525298,2073600,794,56932,short,-200,-200,-200,200,200,200,-200,-200,100
1782676797,0,4096,4096,0,0,0,0,0,0,12288,1524838,2073600,794,59498,short,-200,-200,-200,200,200,200,-200,-200,100
1782676798,0,4096,4096,0,0,0,0,0,0,16384,1528876,2073600,796,51955,short,-200,-200,-200,200,200,200,-200,-200,100
1782676800,0,4096,4096,0,0,0,0,0,0,24576,1526931,2073600,795,55088,short,-200,-200,-200,200,200,200,-200,-200,100
1782676809,0,4096,4096,0,0,0,0,0,0,4096,2073600,2073600,1080,11127,FULL,200,-200,-200,200,200,200,-200,-200,100
1782676809,0,4096,4096,0,0,0,0,0,0,6144,2073600,2073600,1080,0,FULL,200,-200,-200,200,200,200,-200,-200,100
1782676810,0,4096,4096,0,0,0,0,0,0,8192,921338,2073600,480,28870,short,200,-200,-200,200,200,200,-200,-200,100
1782676811,0,4096,4096,0,0,0,0,0,0,12288,921338,2073600,480,29024,short,200,-200,-200,200,200,200,-200,-200,100
1782676813,0,4096,4096,0,0,0,0,0,0,16384,921208,2073600,479,27404,short,200,-200,-200,200,200,200,-200,-200,100
1782676814,0,4096,4096,0,0,0,0,0,0,24576,921186,2073600,480,27819,short,200,-200,-200,200,200,200,-200,-200,100
1782676823,0,4096,4096,0,0,0,0,0,0,4096,2073600,2073600,1080,11127,FULL,-200,200,-200,200,200,200,-200,-200,100
1782676824,0,4096,4096,0,0,0,0,0,0,6144,2073600,2073600,1080,11127,FULL,-200,200,-200,200,200,200,-200,-200,100
1782676825,0,4096,4096,0,0,0,0,0,0,8192,2073600,2073600,1080,11127,FULL,-200,200,-200,200,200,200,-200,-200,100
1782676826,0,4096,4096,0,0,0,0,0,0,12288,2073600,2073600,1080,11127,FULL,-200,200,-200,200,200,200,-200,-200,100
1782676827,0,4096,4096,0,0,0,0,0,0,16384,2073600,2073600,1080,11127,FULL,-200,200,-200,200,200,200,-200,-200,100
1782676828,0,4096,4096,0,0,0,0,0,0,24576,2073600,2073600,1080,11127,FULL,-200,200,-200,200,200,200,-200,-200,100
1782676837,0,4096,4096,0,0,0,0,0,0,4096,2073600,2073600,1080,11469,FULL,200,200,-200,200,200,200,-200,-200,100
1782676838,0,4096,4096,0,0,0,0,0,0,6144,2073600,2073600,1080,11485,FULL,200,200,-200,200,200,200,-200,-200,100
1782676839,0,4096,4096,0,0,0,0,0,0,8192,2073600,2073600,1080,11502,FULL,200,200,-200,200,200,200,-200,-200,100
1782676840,0,4096,4096,0,0,0,0,0,0,12288,2073600,2073600,1080,11471,FULL,200,200,-200,200,200,200,-200,-200,100
1782676841,0,4096,4096,0,0,0,0,0,0,16384,2073600,2073600,1080,11470,FULL,200,200,-200,200,200,200,-200,-200,100
1782676842,0,4096,4096,0,0,0,0,0,0,24576,2073600,2073600,1080,11492,FULL,200,200,-200,200,200,200,-200,-200,100
1782676851,0,4096,4096,0,0,0,0,0,0,4096,2073600,2073600,1080,11127,FULL,-200,-200,200,200,200,200,-200,-200,100
1782676852,0,4096,4096,0,0,0,0,0,0,6144,2073600,2073600,1080,11127,FULL,-200,-200,200,200,200,200,-200,-200,100
1782676853,0,4096,4096,0,0,0,0,0,0,8192,2073600,2073600,1080,11127,FULL,-200,-200,200,200,200,200,-200,-200,100
1782676854,0,4096,4096,0,0,0,0,0,0,12288,712673,2073600,371,60036,short,-200,-200,200,200,200,200,-200,-200,100
1782676855,0,4096,4096,0,0,0,0,0,0,16384,661094,2073600,371,57598,short,-200,-200,200,200,200,200,-200,-200,100
1782676857,0,4096,4096,0,0,0,0,0,0,24576,712692,2073600,371,60104,short,-200,-200,200,200,200,200,-200,-200,100
1782676865,0,4096,4096,0,0,0,0,0,0,4096,975538,2073600,508,41527,short,200,-200,200,200,200,200,-200,-200,100
1782676866,0,4096,4096,0,0,0,0,0,0,6144,975538,2073600,508,39555,short,200,-200,200,200,200,200,-200,-200,100
1782676867,0,4096,4096,0,0,0,0,0,0,8192,975538,2073600,508,37169,short,200,-200,200,200,200,200,-200,-200,100
1782676868,0,4096,4096,0,0,0,0,0,0,12288,975601,2073600,508,40182,short,200,-200,200,200,200,200,-200,-200,100
1782676869,0,4096,4096,0,0,0,0,0,0,16384,975537,2073600,508,40173,short,200,-200,200,200,200,200,-200,-200,100
1782676871,0,4096,4096,0,0,0,0,0,0,24576,975392,2073600,507,38935,short,200,-200,200,200,200,200,-200,-200,100
1782676880,0,4096,4096,0,0,0,0,0,0,4096,2073600,2073600,1080,11127,FULL,-200,200,200,200,200,200,-200,-200,100
1782676881,0,4096,4096,0,0,0,0,0,0,6144,2073600,2073600,1080,11127,FULL,-200,200,200,200,200,200,-200,-200,100
1782676881,0,4096,4096,0,0,0,0,0,0,8192,2073600,2073600,1080,11127,FULL,-200,200,200,200,200,200,-200,-200,100
1782676883,0,4096,4096,0,0,0,0,0,0,12288,2073600,2073600,1080,11127,FULL,-200,200,200,200,200,200,-200,-200,100
1782676884,0,4096,4096,0,0,0,0,0,0,16384,2073600,2073600,1080,11127,FULL,-200,200,200,200,200,200,-200,-200,100
1782676885,0,4096,4096,0,0,0,0,0,0,24576,2073600,2073600,1080,11127,FULL,-200,200,200,200,200,200,-200,-200,100
1782676894,0,4096,4096,0,0,0,0,0,0,4096,2073600,2073600,1080,11275,FULL,200,200,200,200,200,200,-200,-200,100
1782676895,0,4096,4096,0,0,0,0,0,0,6144,2073600,2073600,1080,11280,FULL,200,200,200,200,200,200,-200,-200,100
1782676896,0,4096,4096,0,0,0,0,0,0,8192,2073600,2073600,1080,11275,FULL,200,200,200,200,200,200,-200,-200,100
1782676897,0,4096,4096,0,0,0,0,0,0,12288,2073600,2073600,1080,11299,FULL,200,200,200,200,200,200,-200,-200,100
1782676898,0,4096,4096,0,0,0,0,0,0,16384,2073600,2073600,1080,11306,FULL,200,200,200,200,200,200,-200,-200,100
1782676899,0,4096,4096,0,0,0,0,0,0,24576,467765,2073600,243,47689,short,200,200,200,200,200,200,-200,-200,100
1782676908,0,4096,4096,0,0,0,0,0,0,4096,827836,2073600,431,55371,short,-200,-200,-200,-200,-200,-200,200,-200,100
1782676909,0,4096,4096,0,0,0,0,0,0,6144,2073600,2073600,1080,11127,FULL,-200,-200,-200,-200,-200,-200,200,-200,100
1782676910,0,4096,4096,0,0,0,0,0,0,8192,2073600,2073600,1080,11127,FULL,-200,-200,-200,-200,-200,-200,200,-200,100
1782676911,0,4096,4096,0,0,0,0,0,0,12288,2073600,2073600,1080,11127,FULL,-200,-200,-200,-200,-200,-200,200,-200,100
1782676912,0,4096,4096,0,0,0,0,0,0,16384,827832,2073600,431,57282,short,-200,-200,-200,-200,-200,-200,200,-200,100
1782676913,0,4096,4096,0,0,0,0,0,0,24576,827919,2073600,431,56117,short,-200,-200,-200,-200,-200,-200,200,-200,100
1782676922,0,4096,4096,0,0,0,0,0,0,4096,2073600,2073600,1080,11127,FULL,200,-200,-200,-200,-200,-200,200,-200,100
1782676923,0,4096,4096,0,0,0,0,0,0,6144,2073600,2073600,1080,11127,FULL,200,-200,-200,-200,-200,-200,200,-200,100
1782676924,0,4096,4096,0,0,0,0,0,0,8192,2073600,2073600,1080,11127,FULL,200,-200,-200,-200,-200,-200,200,-200,100
1782676925,0,4096,4096,0,0,0,0,0,0,12288,2073600,2073600,1080,11127,FULL,200,-200,-200,-200,-200,-200,200,-200,100
1782676926,0,4096,4096,0,0,0,0,0,0,16384,2073600,2073600,1080,11127,FULL,200,-200,-200,-200,-200,-200,200,-200,100
1782676928,0,4096,4096,0,0,0,0,0,0,24576,966811,2073600,503,48245,short,200,-200,-200,-200,-200,-200,200,-200,100
1782676937,0,4096,4096,0,0,0,0,0,0,4096,481041,2073600,250,42576,short,-200,200,-200,-200,-200,-200,200,-200,100
1782676937,0,4096,4096,0,0,0,0,0,0,6144,481027,2073600,250,46304,short,-200,200,-200,-200,-200,-200,200,-200,100
1782676938,0,4096,4096,0,0,0,0,0,0,8192,481177,2073600,250,46642,short,-200,200,-200,-200,-200,-200,200,-200,100
1782676939,0,4096,4096,0,0,0,0,0,0,12288,481286,2073600,250,49554,short,-200,200,-200,-200,-200,-200,200,-200,100
1782676941,0,4096,4096,0,0,0,0,0,0,16384,481210,2073600,250,50139,short,-200,200,-200,-200,-200,-200,200,-200,100
1782676942,0,4096,4096,0,0,0,0,0,0,24576,900340,2073600,468,8561,short,-200,200,-200,-200,-200,-200,200,-200,100
1782676951,0,4096,4096,0,0,0,0,0,0,4096,632164,2073600,329,15017,short,200,200,-200,-200,-200,-200,200,-200,100
1782676952,0,4096,4096,0,0,0,0,0,0,6144,632068,2073600,329,14529,short,200,200,-200,-200,-200,-200,200,-200,100
1782676953,0,4096,4096,0,0,0,0,0,0,8192,631995,2073600,329,9688,short,200,200,-200,-200,-200,-200,200,-200,100
1782676954,0,4096,4096,0,0,0,0,0,0,12288,632170,2073600,329,32041,short,200,200,-200,-200,-200,-200,200,-200,100
1782676955,0,4096,4096,0,0,0,0,0,0,16384,632164,2073600,329,15778,short,200,200,-200,-200,-200,-200,200,-200,100
1782676956,0,4096,4096,0,0,0,0,0,0,24576,632170,2073600,329,14413,short,200,200,-200,-200,-200,-200,200,-200,100
1782676965,0,4096,4096,0,0,0,0,0,0,4096,2073600,2073600,1080,11127,FULL,-200,-200,200,-200,-200,-200,200,-200,100
1782676966,0,4096,4096,0,0,0,0,0,0,6144,2073600,2073600,1080,11127,FULL,-200,-200,200,-200,-200,-200,200,-200,100
1782676967,0,4096,4096,0,0,0,0,0,0,8192,2073600,2073600,1080,11127,FULL,-200,-200,200,-200,-200,-200,200,-200,100
1782676968,0,4096,4096,0,0,0,0,0,0,12288,2073600,2073600,1080,11127,FULL,-200,-200,200,-200,-200,-200,200,-200,100
1782676969,0,4096,4096,0,0,0,0,0,0,16384,2073600,2073600,1080,11127,FULL,-200,-200,200,-200,-200,-200,200,-200,100
1782676970,0,4096,4096,0,0,0,0,0,0,24576,1079129,2073600,561,60319,short,-200,-200,200,-200,-200,-200,200,-200,100
1782676979,0,4096,4096,0,0,0,0,0,0,4096,1284643,2073600,669,46781,short,200,-200,200,-200,-200,-200,200,-200,100
1782676980,0,4096,4096,0,0,0,0,0,0,6144,2073600,2073600,1080,11127,FULL,200,-200,200,-200,-200,-200,200,-200,100
1782676981,0,4096,4096,0,0,0,0,0,0,8192,2073600,2073600,1080,11127,FULL,200,-200,200,-200,-200,-200,200,-200,100
1782676982,0,4096,4096,0,0,0,0,0,0,12288,2073600,2073600,1080,11127,FULL,200,-200,200,-200,-200,-200,200,-200,100
1782676983,0,4096,4096,0,0,0,0,0,0,16384,1284643,2073600,669,47341,short,200,-200,200,-200,-200,-200,200,-200,100
1782676985,0,4096,4096,0,0,0,0,0,0,24576,1284650,2073600,669,44987,short,200,-200,200,-200,-200,-200,200,-200,100
1782676993,0,4096,4096,0,0,0,0,0,0,4096,750279,2073600,390,25077,short,-200,200,200,-200,-200,-200,200,-200,100
1782676994,0,4096,4096,0,0,0,0,0,0,6144,750015,2073600,390,17431,short,-200,200,200,-200,-200,-200,200,-200,100
1782676995,0,4096,4096,0,0,0,0,0,0,8192,749936,2073600,390,20853,short,-200,200,200,-200,-200,-200,200,-200,100
1782676996,0,4096,4096,0,0,0,0,0,0,12288,750197,2073600,390,20320,short,-200,200,200,-200,-200,-200,200,-200,100
1782676997,0,4096,4096,0,0,0,0,0,0,16384,750302,2073600,390,19152,short,-200,200,200,-200,-200,-200,200,-200,100
1782676999,0,4096,4096,0,0,0,0,0,0,24576,750279,2073600,390,22237,short,-200,200,200,-200,-200,-200,200,-200,100
1782677008,0,4096,4096,0,0,0,0,0,0,4096,834735,2073600,434,180,short,200,200,200,-200,-200,-200,200,-200,100
1782677008,0,4096,4096,0,0,0,0,0,0,6144,2073600,2073600,1080,11283,FULL,200,200,200,-200,-200,-200,200,-200,100
1782677009,0,4096,4096,0,0,0,0,0,0,8192,834783,2073600,435,60151,short,200,200,200,-200,-200,-200,200,-200,100
1782677010,0,4096,4096,0,0,0,0,0,0,12288,834710,2073600,435,60277,short,200,200,200,-200,-200,-200,200,-200,100
1782677012,0,4096,4096,0,0,0,0,0,0,16384,834444,2073600,434,63041,short,200,200,200,-200,-200,-200,200,-200,100
1782677013,0,4096,4096,0,0,0,0,0,0,24576,834783,2073600,434,59718,short,200,200,200,-200,-200,-200,200,-200,100
1782677022,0,4096,4096,0,0,0,0,0,0,4096,2073600,2073600,1080,11127,FULL,-200,-200,-200,200,-200,-200,200,-200,100
1782677023,0,4096,4096,0,0,0,0,0,0,6144,2073600,2073600,1080,11127,FULL,-200,-200,-200,200,-200,-200,200,-200,100
1782677024,0,4096,4096,0,0,0,0,0,0,8192,2073600,2073600,1080,11127,FULL,-200,-200,-200,200,-200,-200,200,-200,100
1782677025,0,4096,4096,0,0,0,0,0,0,12288,2073600,2073600,1080,11127,FULL,-200,-200,-200,200,-200,-200,200,-200,100
1782677026,0,4096,4096,0,0,0,0,0,0,16384,2073600,2073600,1080,11127,FULL,-200,-200,-200,200,-200,-200,200,-200,100
1782677027,0,4096,4096,0,0,0,0,0,0,24576,2073600,2073600,1080,11127,FULL,-200,-200,-200,200,-200,-200,200,-200,100
1782677036,0,4096,4096,0,0,0,0,0,0,4096,2073600,2073600,1080,11127,FULL,200,-200,-200,200,-200,-200,200,-200,100
1782677037,0,4096,4096,0,0,0,0,0,0,6144,2073600,2073600,1080,11127,FULL,200,-200,-200,200,-200,-200,200,-200,100
1782677038,0,4096,4096,0,0,0,0,0,0,8192,2073600,2073600,1080,11127,FULL,200,-200,-200,200,-200,-200,200,-200,100
1782677039,0,4096,4096,0,0,0,0,0,0,12288,2073600,2073600,1080,11127,FULL,200,-200,-200,200,-200,-200,200,-200,100
1782677040,0,4096,4096,0,0,0,0,0,0,16384,2073600,2073600,1080,11127,FULL,200,-200,-200,200,-200,-200,200,-200,100
1782677041,0,4096,4096,0,0,0,0,0,0,24576,2073600,2073600,1080,11127,FULL,200,-200,-200,200,-200,-200,200,-200,100
1782677050,0,4096,4096,0,0,0,0,0,0,4096,359262,2073600,187,24497,short,-200,200,-200,200,-200,-200,200,-200,100
1782677051,0,4096,4096,0,0,0,0,0,0,6144,2073600,2073600,1080,11127,FULL,-200,200,-200,200,-200,-200,200,-200,100
1782677052,0,4096,4096,0,0,0,0,0,0,8192,2073600,2073600,1080,11127,FULL,-200,200,-200,200,-200,-200,200,-200,100
1782677053,0,4096,4096,0,0,0,0,0,0,12288,2073600,2073600,1080,11127,FULL,-200,200,-200,200,-200,-200,200,-200,100
1782677054,0,4096,4096,0,0,0,0,0,0,16384,2073600,2073600,1080,11127,FULL,-200,200,-200,200,-200,-200,200,-200,100
1782677056,0,4096,4096,0,0,0,0,0,0,24576,2073600,2073600,1080,11127,FULL,-200,200,-200,200,-200,-200,200,-200,100
1782677064,0,4096,4096,0,0,0,0,0,0,4096,2073600,2073600,1080,11277,FULL,200,200,-200,200,-200,-200,200,-200,100
1782677065,0,4096,4096,0,0,0,0,0,0,6144,2073600,2073600,1080,11275,FULL,200,200,-200,200,-200,-200,200,-200,100
1782677066,0,4096,4096,0,0,0,0,0,0,8192,2073600,2073600,1080,11274,FULL,200,200,-200,200,-200,-200,200,-200,100
1782677067,0,4096,4096,0,0,0,0,0,0,12288,2073600,2073600,1080,11274,FULL,200,200,-200,200,-200,-200,200,-200,100
1782677068,0,4096,4096,0,0,0,0,0,0,16384,2073600,2073600,1080,11299,FULL,200,200,-200,200,-200,-200,200,-200,100
1782677070,0,4096,4096,0,0,0,0,0,0,24576,2073600,2073600,1080,11275,FULL,200,200,-200,200,-200,-200,200,-200,100
1782677079,0,4096,4096,0,0,0,0,0,0,4096,2073600,2073600,1080,11127,FULL,-200,-200,200,200,-200,-200,200,-200,100
1782677080,0,4096,4096,0,0,0,0,0,0,6144,2073600,2073600,1080,11127,FULL,-200,-200,200,200,-200,-200,200,-200,100
1782677080,0,4096,4096,0,0,0,0,0,0,8192,2073600,2073600,1080,11127,FULL,-200,-200,200,200,-200,-200,200,-200,100
1782677082,0,4096,4096,0,0,0,0,0,0,12288,2073600,2073600,1080,11127,FULL,-200,-200,200,200,-200,-200,200,-200,100
1782677083,0,4096,4096,0,0,0,0,0,0,16384,2073600,2073600,1080,11127,FULL,-200,-200,200,200,-200,-200,200,-200,100
1782677084,0,4096,4096,0,0,0,0,0,0,24576,2073600,2073600,1080,11127,FULL,-200,-200,200,200,-200,-200,200,-200,100
1782677093,0,4096,4096,0,0,0,0,0,0,4096,2073600,2073600,1080,11127,FULL,200,-200,200,200,-200,-200,200,-200,100
1782677094,0,4096,4096,0,0,0,0,0,0,6144,2073600,2073600,1080,11127,FULL,200,-200,200,200,-200,-200,200,-200,100
1782677095,0,4096,4096,0,0,0,0,0,0,8192,2073600,2073600,1080,11127,FULL,200,-200,200,200,-200,-200,200,-200,100
1782677096,0,4096,4096,0,0,0,0,0,0,12288,2073600,2073600,1080,11127,FULL,200,-200,200,200,-200,-200,200,-200,100
1782677097,0,4096,4096,0,0,0,0,0,0,16384,2073600,2073600,1080,11127,FULL,200,-200,200,200,-200,-200,200,-200,100
1782677098,0,4096,4096,0,0,0,0,0,0,24576,2073600,2073600,1080,11127,FULL,200,-200,200,200,-200,-200,200,-200,100
1782677107,0,4096,4096,0,0,0,0,0,0,4096,2073600,2073600,1080,11127,FULL,-200,200,200,200,-200,-200,200,-200,100
1782677108,0,4096,4096,0,0,0,0,0,0,6144,2073600,2073600,1080,11127,FULL,-200,200,200,200,-200,-200,200,-200,100
1782677109,0,4096,4096,0,0,0,0,0,0,8192,2073600,2073600,1080,11127,FULL,-200,200,200,200,-200,-200,200,-200,100
1782677110,0,4096,4096,0,0,0,0,0,0,12288,2073600,2073600,1080,11127,FULL,-200,200,200,200,-200,-200,200,-200,100
1782677111,0,4096,4096,0,0,0,0,0,0,16384,2073600,2073600,1080,11127,FULL,-200,200,200,200,-200,-200,200,-200,100
1782677112,0,4096,4096,0,0,0,0,0,0,24576,2073600,2073600,1080,11127,FULL,-200,200,200,200,-200,-200,200,-200,100
1782677121,0,4096,4096,0,0,0,0,0,0,4096,2073600,2073600,1080,11277,FULL,200,200,200,200,-200,-200,200,-200,100
1782677122,0,4096,4096,0,0,0,0,0,0,6144,2073600,2073600,1080,11277,FULL,200,200,200,200,-200,-200,200,-200,100
1782677123,0,4096,4096,0,0,0,0,0,0,8192,2073600,2073600,1080,11284,FULL,200,200,200,200,-200,-200,200,-200,100
1782677124,0,4096,4096,0,0,0,0,0,0,12288,2073600,2073600,1080,11275,FULL,200,200,200,200,-200,-200,200,-200,100
1782677125,0,4096,4096,0,0,0,0,0,0,16384,2073600,2073600,1080,11280,FULL,200,200,200,200,-200,-200,200,-200,100
1782677127,0,4096,4096,0,0,0,0,0,0,24576,2073600,2073600,1080,11300,FULL,200,200,200,200,-200,-200,200,-200,100
1782677135,0,4096,4096,0,0,0,0,0,0,4096,868364,2073600,453,14916,short,-200,-200,-200,-200,200,-200,200,-200,100
1782677136,0,4096,4096,0,0,0,0,0,0,6144,2073600,2073600,1080,11127,FULL,-200,-200,-200,-200,200,-200,200,-200,100
1782677137,0,4096,4096,0,0,0,0,0,0,8192,2073600,2073600,1080,11127,FULL,-200,-200,-200,-200,200,-200,200,-200,100
1782677138,0,4096,4096,0,0,0,0,0,0,12288,2073600,2073600,1080,11127,FULL,-200,-200,-200,-200,200,-200,200,-200,100
1782677140,0,4096,4096,0,0,0,0,0,0,16384,868364,2073600,452,12457,short,-200,-200,-200,-200,200,-200,200,-200,100
1782677141,0,4096,4096,0,0,0,0,0,0,24576,868406,2073600,452,12953,short,-200,-200,-200,-200,200,-200,200,-200,100
1782677150,0,4096,4096,0,0,0,0,0,0,4096,2073600,2073600,1080,11127,FULL,200,-200,-200,-200,200,-200,200,-200,100
1782677151,0,4096,4096,0,0,0,0,0,0,6144,2073600,2073600,1080,11127,FULL,200,-200,-200,-200,200,-200,200,-200,100
1782677152,0,4096,4096,0,0,0,0,0,0,8192,2073600,2073600,1080,11127,FULL,200,-200,-200,-200,200,-200,200,-200,100
1782677153,0,4096,4096,0,0,0,0,0,0,12288,2073600,2073600,1080,11127,FULL,200,-200,-200,-200,200,-200,200,-200,100
1782677154,0,4096,4096,0,0,0,0,0,0,16384,2073600,2073600,1080,11127,FULL,200,-200,-200,-200,200,-200,200,-200,100
1782677155,0,4096,4096,0,0,0,0,0,0,24576,1059988,2073600,552,18693,short,200,-200,-200,-200,200,-200,200,-200,100
1782677164,0,4096,4096,0,0,0,0,0,0,4096,365981,2073600,190,57165,short,-200,200,-200,-200,200,-200,200,-200,100
1782677165,0,4096,4096,0,0,0,0,0,0,6144,366047,2073600,190,54980,short,-200,200,-200,-200,200,-200,200,-200,100
1782677166,0,4096,4096,0,0,0,0,0,0,8192,365981,2073600,190,52579,short,-200,200,-200,-200,200,-200,200,-200,100
1782677167,0,4096,4096,0,0,0,0,0,0,12288,365990,2073600,190,55741,short,-200,200,-200,-200,200,-200,200,-200,100
1782677168,0,4096,4096,0,0,0,0,0,0,16384,365995,2073600,190,52968,short,-200,200,-200,-200,200,-200,200,-200,100
1782677169,0,4096,4096,0,0,0,0,0,0,24576,365951,2073600,190,56105,short,-200,200,-200,-200,200,-200,200,-200,100
1782677178,0,4096,4096,0,0,0,0,0,0,4096,441026,2073600,229,25498,short,200,200,-200,-200,200,-200,200,-200,100
1782677179,0,4096,4096,0,0,0,0,0,0,6144,440902,2073600,229,23862,short,200,200,-200,-200,200,-200,200,-200,100
1782677180,0,4096,4096,0,0,0,0,0,0,8192,440949,2073600,229,23288,short,200,200,-200,-200,200,-200,200,-200,100
1782677181,0,4096,4096,0,0,0,0,0,0,12288,440902,2073600,229,28322,short,200,200,-200,-200,200,-200,200,-200,100
1782677182,0,4096,4096,0,0,0,0,0,0,16384,441018,2073600,229,33593,short,200,200,-200,-200,200,-200,200,-200,100
1782677184,0,4096,4096,0,0,0,0,0,0,24576,440902,2073600,229,25552,short,200,200,-200,-200,200,-200,200,-200,100
1782677192,0,4096,4096,0,0,0,0,0,0,4096,2073600,2073600,1080,11127,FULL,-200,-200,200,-200,200,-200,200,-200,100
1782677193,0,4096,4096,0,0,0,0,0,0,6144,2073600,2073600,1080,11127,FULL,-200,-200,200,-200,200,-200,200,-200,100
1782677194,0,4096,4096,0,0,0,0,0,0,8192,2073600,2073600,1080,11127,FULL,-200,-200,200,-200,200,-200,200,-200,100
1782677195,0,4096,4096,0,0,0,0,0,0,12288,2073600,2073600,1080,11127,FULL,-200,-200,200,-200,200,-200,200,-200,100
1782677196,0,4096,4096,0,0,0,0,0,0,16384,2073600,2073600,1080,11127,FULL,-200,-200,200,-200,200,-200,200,-200,100
1782677198,0,4096,4096,0,0,0,0,0,0,24576,1264383,2073600,658,63289,short,-200,-200,200,-200,200,-200,200,-200,100
1782677207,0,4096,4096,0,0,0,0,0,0,4096,2073600,2073600,1080,11127,FULL,200,-200,200,-200,200,-200,200,-200,100
1782677207,0,4096,4096,0,0,0,0,0,0,6144,2073600,2073600,1080,11127,FULL,200,-200,200,-200,200,-200,200,-200,100
1782677208,0,4096,4096,0,0,0,0,0,0,8192,2073600,2073600,1080,11127,FULL,200,-200,200,-200,200,-200,200,-200,100
1782677209,0,4096,4096,0,0,0,0,0,0,12288,2073600,2073600,1080,11127,FULL,200,-200,200,-200,200,-200,200,-200,100
1782677211,0,4096,4096,0,0,0,0,0,0,16384,2073600,2073600,1080,11127,FULL,200,-200,200,-200,200,-200,200,-200,100
1782677212,0,4096,4096,0,0,0,0,0,0,24576,2073600,2073600,1080,11127,FULL,200,-200,200,-200,200,-200,200,-200,100
1782677221,0,4096,4096,0,0,0,0,0,0,4096,2073600,2073600,1080,11127,FULL,-200,200,200,-200,200,-200,200,-200,100
1782677222,0,4096,4096,0,0,0,0,0,0,6144,2073600,2073600,1080,11127,FULL,-200,200,200,-200,200,-200,200,-200,100
1782677223,0,4096,4096,0,0,0,0,0,0,8192,2073600,2073600,1080,11127,FULL,-200,200,200,-200,200,-200,200,-200,100
1782677224,0,4096,4096,0,0,0,0,0,0,12288,2073600,2073600,1080,11127,FULL,-200,200,200,-200,200,-200,200,-200,100
1782677225,0,4096,4096,0,0,0,0,0,0,16384,536833,2073600,279,52257,short,-200,200,200,-200,200,-200,200,-200,100
1782677226,0,4096,4096,0,0,0,0,0,0,24576,536453,2073600,279,47387,short,-200,200,200,-200,200,-200,200,-200,100
1782677235,0,4096,4096,0,0,0,0,0,0,4096,2073600,2073600,1080,11279,FULL,200,200,200,-200,200,-200,200,-200,100
1782677236,0,4096,4096,0,0,0,0,0,0,6144,2073600,2073600,1080,11278,FULL,200,200,200,-200,200,-200,200,-200,100
1782677237,0,4096,4096,0,0,0,0,0,0,8192,2073600,2073600,1080,11277,FULL,200,200,200,-200,200,-200,200,-200,100
1782677238,0,4096,4096,0,0,0,0,0,0,12288,2073600,2073600,1080,11273,FULL,200,200,200,-200,200,-200,200,-200,100
1782677239,0,4096,4096,0,0,0,0,0,0,16384,2073600,2073600,1080,11290,FULL,200,200,200,-200,200,-200,200,-200,100
1782677240,0,4096,4096,0,0,0,0,0,0,24576,723849,2073600,377,53547,short,200,200,200,-200,200,-200,200,-200,100
1782677249,0,4096,4096,0,0,0,0,0,0,4096,2073600,2073600,1080,11127,FULL,-200,-200,-200,200,200,-200,200,-200,100
1782677250,0,4096,4096,0,0,0,0,0,0,6144,2073600,2073600,1080,11127,FULL,-200,-200,-200,200,200,-200,200,-200,100
1782677251,0,4096,4096,0,0,0,0,0,0,8192,2073600,2073600,1080,11127,FULL,-200,-200,-200,200,200,-200,200,-200,100
1782677252,0,4096,4096,0,0,0,0,0,0,12288,2073600,2073600,1080,11127,FULL,-200,-200,-200,200,200,-200,200,-200,100
1782677253,0,4096,4096,0,0,0,0,0,0,16384,2073600,2073600,1080,11127,FULL,-200,-200,-200,200,200,-200,200,-200,100
1782677255,0,4096,4096,0,0,0,0,0,0,24576,2073600,2073600,1080,11127,FULL,-200,-200,-200,200,200,-200,200,-200,100
1782677263,0,4096,4096,0,0,0,0,0,0,4096,2073600,2073600,1080,11127,FULL,200,-200,-200,200,200,-200,200,-200,100
1782677264,0,4096,4096,0,0,0,0,0,0,6144,2073600,2073600,1080,11127,FULL,200,-200,-200,200,200,-200,200,-200,100
1782677265,0,4096,4096,0,0,0,0,0,0,8192,2073600,2073600,1080,11127,FULL,200,-200,-200,200,200,-200,200,-200,100
1782677266,0,4096,4096,0,0,0,0,0,0,12288,2073600,2073600,1080,11127,FULL,200,-200,-200,200,200,-200,200,-200,100
1782677267,0,4096,4096,0,0,0,0,0,0,16384,2073600,2073600,1080,11127,FULL,200,-200,-200,200,200,-200,200,-200,100
1782677269,0,4096,4096,0,0,0,0,0,0,24576,2073600,2073600,1080,11127,FULL,200,-200,-200,200,200,-200,200,-200,100
1782677278,0,4096,4096,0,0,0,0,0,0,4096,2073600,2073600,1080,11127,FULL,-200,200,-200,200,200,-200,200,-200,100
1782677279,0,4096,4096,0,0,0,0,0,0,6144,2073600,2073600,1080,11127,FULL,-200,200,-200,200,200,-200,200,-200,100
1782677279,0,4096,4096,0,0,0,0,0,0,8192,2073600,2073600,1080,11127,FULL,-200,200,-200,200,200,-200,200,-200,100
1782677281,0,4096,4096,0,0,0,0,0,0,12288,2073600,2073600,1080,11127,FULL,-200,200,-200,200,200,-200,200,-200,100
1782677282,0,4096,4096,0,0,0,0,0,0,16384,2073600,2073600,1080,11127,FULL,-200,200,-200,200,200,-200,200,-200,100
1782677283,0,4096,4096,0,0,0,0,0,0,24576,2073600,2073600,1080,11127,FULL,-200,200,-200,200,200,-200,200,-200,100
1782677292,0,4096,4096,0,0,0,0,0,0,4096,2073600,2073600,1080,11280,FULL,200,200,-200,200,200,-200,200,-200,100
1782677293,0,4096,4096,0,0,0,0,0,0,6144,2073600,2073600,1080,11288,FULL,200,200,-200,200,200,-200,200,-200,100
1782677294,0,4096,4096,0,0,0,0,0,0,8192,2073600,2073600,1080,11289,FULL,200,200,-200,200,200,-200,200,-200,100
1782677295,0,4096,4096,0,0,0,0,0,0,12288,2073600,2073600,1080,11277,FULL,200,200,-200,200,200,-200,200,-200,100
1782677296,0,4096,4096,0,0,0,0,0,0,16384,2073600,2073600,1080,11290,FULL,200,200,-200,200,200,-200,200,-200,100
1782677297,0,4096,4096,0,0,0,0,0,0,24576,2073600,2073600,1080,11278,FULL,200,200,-200,200,200,-200,200,-200,100
1782677306,0,4096,4096,0,0,0,0,0,0,4096,2073600,2073600,1080,11127,FULL,-200,-200,200,200,200,-200,200,-200,100
1782677307,0,4096,4096,0,0,0,0,0,0,6144,2073600,2073600,1080,11127,FULL,-200,-200,200,200,200,-200,200,-200,100
1782677308,0,4096,4096,0,0,0,0,0,0,8192,2073600,2073600,1080,11127,FULL,-200,-200,200,200,200,-200,200,-200,100
1782677309,0,4096,4096,0,0,0,0,0,0,12288,2073600,2073600,1080,11127,FULL,-200,-200,200,200,200,-200,200,-200,100
1782677310,0,4096,4096,0,0,0,0,0,0,16384,2073600,2073600,1080,11127,FULL,-200,-200,200,200,200,-200,200,-200,100
1782677311,0,4096,4096,0,0,0,0,0,0,24576,2073600,2073600,1080,11127,FULL,-200,-200,200,200,200,-200,200,-200,100
1782677320,0,4096,4096,0,0,0,0,0,0,4096,2073600,2073600,1080,11127,FULL,200,-200,200,200,200,-200,200,-200,100
1782677321,0,4096,4096,0,0,0,0,0,0,6144,2073600,2073600,1080,11127,FULL,200,-200,200,200,200,-200,200,-200,100
1782677322,0,4096,4096,0,0,0,0,0,0,8192,2073600,2073600,1080,11127,FULL,200,-200,200,200,200,-200,200,-200,100
1782677323,0,4096,4096,0,0,0,0,0,0,12288,2073600,2073600,1080,11127,FULL,200,-200,200,200,200,-200,200,-200,100
1782677324,0,4096,4096,0,0,0,0,0,0,16384,2073600,2073600,1080,11127,FULL,200,-200,200,200,200,-200,200,-200,100
1782677326,0,4096,4096,0,0,0,0,0,0,24576,2073600,2073600,1080,11127,FULL,200,-200,200,200,200,-200,200,-200,100
1782677334,0,4096,4096,0,0,0,0,0,0,4096,2073600,2073600,1080,11127,FULL,-200,200,200,200,200,-200,200,-200,100
1782677335,0,4096,4096,0,0,0,0,0,0,6144,2073600,2073600,1080,11127,FULL,-200,200,200,200,200,-200,200,-200,100
1782677336,0,4096,4096,0,0,0,0,0,0,8192,2073600,2073600,1080,11127,FULL,-200,200,200,200,200,-200,200,-200,100
1782677337,0,4096,4096,0,0,0,0,0,0,12288,2073600,2073600,1080,11127,FULL,-200,200,200,200,200,-200,200,-200,100
1782677338,0,4096,4096,0,0,0,0,0,0,16384,2073600,2073600,1080,11127,FULL,-200,200,200,200,200,-200,200,-200,100
1782677340,0,4096,4096,0,0,0,0,0,0,24576,2073600,2073600,1080,11127,FULL,-200,200,200,200,200,-200,200,-200,100
1782677349,0,4096,4096,0,0,0,0,0,0,4096,2073600,2073600,1080,11272,FULL,200,200,200,200,200,-200,200,-200,100
1782677350,0,4096,4096,0,0,0,0,0,0,6144,2073600,2073600,1080,11293,FULL,200,200,200,200,200,-200,200,-200,100
1782677351,0,4096,4096,0,0,0,0,0,0,8192,2073600,2073600,1080,11275,FULL,200,200,200,200,200,-200,200,-200,100
1782677352,0,4096,4096,0,0,0,0,0,0,12288,2073600,2073600,1080,11277,FULL,200,200,200,200,200,-200,200,-200,100
1782677353,0,4096,4096,0,0,0,0,0,0,16384,2073600,2073600,1080,11298,FULL,200,200,200,200,200,-200,200,-200,100
1782677354,0,4096,4096,0,0,0,0,0,0,24576,2073600,2073600,1080,11275,FULL,200,200,200,200,200,-200,200,-200,100
1782677363,0,4096,4096,0,0,0,0,0,0,4096,2073600,2073600,1080,11127,FULL,-200,-200,-200,-200,-200,200,200,-200,100
1782677364,0,4096,4096,0,0,0,0,0,0,6144,2073600,2073600,1080,11127,FULL,-200,-200,-200,-200,-200,200,200,-200,100
1782677365,0,4096,4096,0,0,0,0,0,0,8192,2073600,2073600,1080,11127,FULL,-200,-200,-200,-200,-200,200,200,-200,100
1782677366,0,4096,4096,0,0,0,0,0,0,12288,2073600,2073600,1080,11127,FULL,-200,-200,-200,-200,-200,200,200,-200,100
1782677367,0,4096,4096,0,0,0,0,0,0,16384,2073600,2073600,1080,11127,FULL,-200,-200,-200,-200,-200,200,200,-200,100
1782677368,0,4096,4096,0,0,0,0,0,0,24576,2073600,2073600,1080,11127,FULL,-200,-200,-200,-200,-200,200,200,-200,100
1782677377,0,4096,4096,0,0,0,0,0,0,4096,2073600,2073600,1080,11127,FULL,200,-200,-200,-200,-200,200,200,-200,100
1782677378,0,4096,4096,0,0,0,0,0,0,6144,2073600,2073600,1080,11127,FULL,200,-200,-200,-200,-200,200,200,-200,100
1782677379,0,4096,4096,0,0,0,0,0,0,8192,2073600,2073600,1080,11127,FULL,200,-200,-200,-200,-200,200,200,-200,100
1782677380,0,4096,4096,0,0,0,0,0,0,12288,2073600,2073600,1080,82,FULL,200,-200,-200,-200,-200,200,200,-200,100
1782677381,0,4096,4096,0,0,0,0,0,0,16384,986610,2073600,513,25679,short,200,-200,-200,-200,-200,200,200,-200,100
1782677383,0,4096,4096,0,0,0,0,0,0,24576,987032,2073600,514,24133,short,200,-200,-200,-200,-200,200,200,-200,100
1782677391,0,4096,4096,0,0,0,0,0,0,4096,2073600,2073600,1080,11127,FULL,-200,200,-200,-200,-200,200,200,-200,100
1782677392,0,4096,4096,0,0,0,0,0,0,6144,2073600,2073600,1080,11127,FULL,-200,200,-200,-200,-200,200,200,-200,100
1782677393,0,4096,4096,0,0,0,0,0,0,8192,2073600,2073600,1080,11127,FULL,-200,200,-200,-200,-200,200,200,-200,100
1782677394,0,4096,4096,0,0,0,0,0,0,12288,527396,2073600,274,59232,short,-200,200,-200,-200,-200,200,200,-200,100
1782677395,0,4096,4096,0,0,0,0,0,0,16384,527445,2073600,274,62828,short,-200,200,-200,-200,-200,200,200,-200,100
1782677397,0,4096,4096,0,0,0,0,0,0,24576,527379,2073600,274,58606,short,-200,200,-200,-200,-200,200,200,-200,100
1782677406,0,4096,4096,0,0,0,0,0,0,4096,2073600,2073600,1080,11289,FULL,200,200,-200,-200,-200,200,200,-200,100
1782677406,0,4096,4096,0,0,0,0,0,0,6144,2073600,2073600,1080,11277,FULL,200,200,-200,-200,-200,200,200,-200,100
1782677407,0,4096,4096,0,0,0,0,0,0,8192,2073600,2073600,1080,11294,FULL,200,200,-200,-200,-200,200,200,-200,100
1782677408,0,4096,4096,0,0,0,0,0,0,12288,2073600,2073600,1080,11275,FULL,200,200,-200,-200,-200,200,200,-200,100
1782677410,0,4096,4096,0,0,0,0,0,0,16384,2073600,2073600,1080,11276,FULL,200,200,-200,-200,-200,200,200,-200,100
1782677411,0,4096,4096,0,0,0,0,0,0,24576,2073600,2073600,1080,11300,FULL,200,200,-200,-200,-200,200,200,-200,100
1782677420,0,4096,4096,0,0,0,0,0,0,4096,2073600,2073600,1080,11127,FULL,-200,-200,200,-200,-200,200,200,-200,100
1782677421,0,4096,4096,0,0,0,0,0,0,6144,2073600,2073600,1080,11127,FULL,-200,-200,200,-200,-200,200,200,-200,100
1782677422,0,4096,4096,0,0,0,0,0,0,8192,2073600,2073600,1080,11127,FULL,-200,-200,200,-200,-200,200,200,-200,100
1782677423,0,4096,4096,0,0,0,0,0,0,12288,2073600,2073600,1080,11127,FULL,-200,-200,200,-200,-200,200,200,-200,100
1782677424,0,4096,4096,0,0,0,0,0,0,16384,2073600,2073600,1080,11127,FULL,-200,-200,200,-200,-200,200,200,-200,100
1782677425,0,4096,4096,0,0,0,0,0,0,24576,885699,2073600,461,644,short,-200,-200,200,-200,-200,200,200,-200,100
1782677434,0,4096,4096,0,0,0,0,0,0,4096,2073600,2073600,1080,11127,FULL,200,-200,200,-200,-200,200,200,-200,100
1782677435,0,4096,4096,0,0,0,0,0,0,6144,2073600,2073600,1080,11127,FULL,200,-200,200,-200,-200,200,200,-200,100
1782677436,0,4096,4096,0,0,0,0,0,0,8192,2073600,2073600,1080,11127,FULL,200,-200,200,-200,-200,200,200,-200,100
1782677437,0,4096,4096,0,0,0,0,0,0,12288,2073600,2073600,1080,11127,FULL,200,-200,200,-200,-200,200,200,-200,100
1782677438,0,4096,4096,0,0,0,0,0,0,16384,2073600,2073600,1080,99,FULL,200,-200,200,-200,-200,200,200,-200,100
1782677439,0,4096,4096,0,0,0,0,0,0,24576,1068813,2073600,556,3634,short,200,-200,200,-200,-200,200,200,-200,100
1782677448,0,4096,4096,0,0,0,0,0,0,4096,2073600,2073600,1080,11127,FULL,-200,200,200,-200,-200,200,200,-200,100
1782677449,0,4096,4096,0,0,0,0,0,0,6144,2073600,2073600,1080,11127,FULL,-200,200,200,-200,-200,200,200,-200,100
1782677450,0,4096,4096,0,0,0,0,0,0,8192,2073600,2073600,1080,11127,FULL,-200,200,200,-200,-200,200,200,-200,100
1782677451,0,4096,4096,0,0,0,0,0,0,12288,2073600,2073600,1080,11127,FULL,-200,200,200,-200,-200,200,200,-200,100
1782677452,0,4096,4096,0,0,0,0,0,0,16384,2073600,2073600,1080,11127,FULL,-200,200,200,-200,-200,200,200,-200,100
1782677454,0,4096,4096,0,0,0,0,0,0,24576,2073600,2073600,1080,11127,FULL,-200,200,200,-200,-200,200,200,-200,100
1782677462,0,4096,4096,0,0,0,0,0,0,4096,2073600,2073600,1080,11273,FULL,200,200,200,-200,-200,200,200,-200,100
1782677463,0,4096,4096,0,0,0,0,0,0,6144,2073600,2073600,1080,11281,FULL,200,200,200,-200,-200,200,200,-200,100
1782677464,0,4096,4096,0,0,0,0,0,0,8192,2073600,2073600,1080,11282,FULL,200,200,200,-200,-200,200,200,-200,100
1782677465,0,4096,4096,0,0,0,0,0,0,12288,2073600,2073600,1080,11277,FULL,200,200,200,-200,-200,200,200,-200,100
1782677466,0,4096,4096,0,0,0,0,0,0,16384,2073600,2073600,1080,11298,FULL,200,200,200,-200,-200,200,200,-200,100
1782677468,0,4096,4096,0,0,0,0,0,0,24576,2073600,2073600,1080,11275,FULL,200,200,200,-200,-200,200,200,-200,100
1782677477,0,4096,4096,0,0,0,0,0,0,4096,2073600,2073600,1080,11127,FULL,-200,-200,-200,200,-200,200,200,-200,100
1782677477,0,4096,4096,0,0,0,0,0,0,6144,2073600,2073600,1080,11127,FULL,-200,-200,-200,200,-200,200,200,-200,100
1782677478,0,4096,4096,0,0,0,0,0,0,8192,2073600,2073600,1080,11127,FULL,-200,-200,-200,200,-200,200,200,-200,100
1782677479,0,4096,4096,0,0,0,0,0,0,12288,2073600,2073600,1080,11127,FULL,-200,-200,-200,200,-200,200,200,-200,100
1782677481,0,4096,4096,0,0,0,0,0,0,16384,2073600,2073600,1080,11127,FULL,-200,-200,-200,200,-200,200,200,-200,100
1782677482,0,4096,4096,0,0,0,0,0,0,24576,2073600,2073600,1080,11127,FULL,-200,-200,-200,200,-200,200,200,-200,100
1782677491,0,4096,4096,0,0,0,0,0,0,4096,2073600,2073600,1080,11127,FULL,200,-200,-200,200,-200,200,200,-200,100
1782677492,0,4096,4096,0,0,0,0,0,0,6144,2073600,2073600,1080,11127,FULL,200,-200,-200,200,-200,200,200,-200,100
1782677493,0,4096,4096,0,0,0,0,0,0,8192,2073600,2073600,1080,11127,FULL,200,-200,-200,200,-200,200,200,-200,100
1782677494,0,4096,4096,0,0,0,0,0,0,12288,2073600,2073600,1080,11127,FULL,200,-200,-200,200,-200,200,200,-200,100
1782677495,0,4096,4096,0,0,0,0,0,0,16384,2073600,2073600,1080,11127,FULL,200,-200,-200,200,-200,200,200,-200,100
1782677496,0,4096,4096,0,0,0,0,0,0,24576,778654,2073600,405,54727,short,200,-200,-200,200,-200,200,200,-200,100
1782677505,0,4096,4096,0,0,0,0,0,0,4096,2073600,2073600,1080,11127,FULL,-200,200,-200,200,-200,200,200,-200,100
1782677506,0,4096,4096,0,0,0,0,0,0,6144,2073600,2073600,1080,11127,FULL,-200,200,-200,200,-200,200,200,-200,100
1782677507,0,4096,4096,0,0,0,0,0,0,8192,2073600,2073600,1080,11127,FULL,-200,200,-200,200,-200,200,200,-200,100
1782677508,0,4096,4096,0,0,0,0,0,0,12288,2073600,2073600,1080,11127,FULL,-200,200,-200,200,-200,200,200,-200,100
1782677509,0,4096,4096,0,0,0,0,0,0,16384,2073600,2073600,1080,11127,FULL,-200,200,-200,200,-200,200,200,-200,100
1782677510,0,4096,4096,0,0,0,0,0,0,24576,2073600,2073600,1080,11127,FULL,-200,200,-200,200,-200,200,200,-200,100
1782677519,0,4096,4096,0,0,0,0,0,0,4096,2073600,2073600,1080,11484,FULL,200,200,-200,200,-200,200,200,-200,100
1782677520,0,4096,4096,0,0,0,0,0,0,6144,2073600,2073600,1080,11467,FULL,200,200,-200,200,-200,200,200,-200,100
1782677521,0,4096,4096,0,0,0,0,0,0,8192,2073600,2073600,1080,11468,FULL,200,200,-200,200,-200,200,200,-200,100
1782677522,0,4096,4096,0,0,0,0,0,0,12288,2073600,2073600,1080,11493,FULL,200,200,-200,200,-200,200,200,-200,100
1782677523,0,4096,4096,0,0,0,0,0,0,16384,2073600,2073600,1080,11481,FULL,200,200,-200,200,-200,200,200,-200,100
1782677525,0,4096,4096,0,0,0,0,0,0,24576,2073600,2073600,1080,11469,FULL,200,200,-200,200,-200,200,200,-200,100
1782677533,0,4096,4096,0,0,0,0,0,0,4096,2073600,2073600,1080,11127,FULL,-200,-200,200,200,-200,200,200,-200,100
1782677534,0,4096,4096,0,0,0,0,0,0,6144,2073600,2073600,1080,11127,FULL,-200,-200,200,200,-200,200,200,-200,100
1782677535,0,4096,4096,0,0,0,0,0,0,8192,2073600,2073600,1080,11127,FULL,-200,-200,200,200,-200,200,200,-200,100
1782677536,0,4096,4096,0,0,0,0,0,0,12288,2073600,2073600,1080,11127,FULL,-200,-200,200,200,-200,200,200,-200,100
1782677538,0,4096,4096,0,0,0,0,0,0,16384,2073600,2073600,1080,11127,FULL,-200,-200,200,200,-200,200,200,-200,100
1782677539,0,4096,4096,0,0,0,0,0,0,24576,2073600,2073600,1080,11127,FULL,-200,-200,200,200,-200,200,200,-200,100
1782677548,0,4096,4096,0,0,0,0,0,0,4096,2073600,2073600,1080,11127,FULL,200,-200,200,200,-200,200,200,-200,100
1782677549,0,4096,4096,0,0,0,0,0,0,6144,2073600,2073600,1080,11127,FULL,200,-200,200,200,-200,200,200,-200,100
1782677549,0,4096,4096,0,0,0,0,0,0,8192,2073600,2073600,1080,11127,FULL,200,-200,200,200,-200,200,200,-200,100
1782677551,0,4096,4096,0,0,0,0,0,0,12288,2073600,2073600,1080,11127,FULL,200,-200,200,200,-200,200,200,-200,100
1782677552,0,4096,4096,0,0,0,0,0,0,16384,2073600,2073600,1080,11127,FULL,200,-200,200,200,-200,200,200,-200,100
1782677553,0,4096,4096,0,0,0,0,0,0,24576,2073600,2073600,1080,11127,FULL,200,-200,200,200,-200,200,200,-200,100
1782677562,0,4096,4096,0,0,0,0,0,0,4096,2073600,2073600,1080,11127,FULL,-200,200,200,200,-200,200,200,-200,100
1782677563,0,4096,4096,0,0,0,0,0,0,6144,2073600,2073600,1080,11127,FULL,-200,200,200,200,-200,200,200,-200,100
1782677564,0,4096,4096,0,0,0,0,0,0,8192,2073600,2073600,1080,11127,FULL,-200,200,200,200,-200,200,200,-200,100
1782677565,0,4096,4096,0,0,0,0,0,0,12288,2073600,2073600,1080,11127,FULL,-200,200,200,200,-200,200,200,-200,100
1782677566,0,4096,4096,0,0,0,0,0,0,16384,2073600,2073600,1080,11127,FULL,-200,200,200,200,-200,200,200,-200,100
1782677567,0,4096,4096,0,0,0,0,0,0,24576,2073600,2073600,1080,11127,FULL,-200,200,200,200,-200,200,200,-200,100
1782677576,0,4096,4096,0,0,0,0,0,0,4096,2073600,2073600,1080,11467,FULL,200,200,200,200,-200,200,200,-200,100
1782677577,0,4096,4096,0,0,0,0,0,0,6144,2073600,2073600,1080,11468,FULL,200,200,200,200,-200,200,200,-200,100
1782677578,0,4096,4096,0,0,0,0,0,0,8192,2073600,2073600,1080,11472,FULL,200,200,200,200,-200,200,200,-200,100
1782677579,0,4096,4096,0,0,0,0,0,0,12288,2073600,2073600,1080,11487,FULL,200,200,200,200,-200,200,200,-200,100
1782677580,0,4096,4096,0,0,0,0,0,0,16384,2073600,2073600,1080,11477,FULL,200,200,200,200,-200,200,200,-200,100
1782677581,0,4096,4096,0,0,0,0,0,0,24576,2073600,2073600,1080,11465,FULL,200,200,200,200,-200,200,200,-200,100
1782677590,0,4096,4096,0,0,0,0,0,0,4096,2073600,2073600,1080,11127,FULL,-200,-200,-200,-200,200,200,200,-200,100
1782677591,0,4096,4096,0,0,0,0,0,0,6144,2073600,2073600,1080,11127,FULL,-200,-200,-200,-200,200,200,200,-200,100
1782677592,0,4096,4096,0,0,0,0,0,0,8192,2073600,2073600,1080,11127,FULL,-200,-200,-200,-200,200,200,200,-200,100
1782677593,0,4096,4096,0,0,0,0,0,0,12288,2073600,2073600,1080,11127,FULL,-200,-200,-200,-200,200,200,200,-200,100
1782677594,0,4096,4096,0,0,0,0,0,0,16384,2073600,2073600,1080,11127,FULL,-200,-200,-200,-200,200,200,200,-200,100
1782677596,0,4096,4096,0,0,0,0,0,0,24576,2073600,2073600,1080,11127,FULL,-200,-200,-200,-200,200,200,200,-200,100
1782677604,0,4096,4096,0,0,0,0,0,0,4096,2073600,2073600,1080,11127,FULL,200,-200,-200,-200,200,200,200,-200,100
1782677605,0,4096,4096,0,0,0,0,0,0,6144,2073600,2073600,1080,11127,FULL,200,-200,-200,-200,200,200,200,-200,100
1782677606,0,4096,4096,0,0,0,0,0,0,8192,2073600,2073600,1080,11127,FULL,200,-200,-200,-200,200,200,200,-200,100
1782677607,0,4096,4096,0,0,0,0,0,0,12288,2073600,2073600,1080,11127,FULL,200,-200,-200,-200,200,200,200,-200,100
1782677608,0,4096,4096,0,0,0,0,0,0,16384,2073600,2073600,1080,11127,FULL,200,-200,-200,-200,200,200,200,-200,100
1782677610,0,4096,4096,0,0,0,0,0,0,24576,976574,2073600,508,38192,short,200,-200,-200,-200,200,200,200,-200,100
1782677619,0,4096,4096,0,0,0,0,0,0,4096,2073600,2073600,1080,11127,FULL,-200,200,-200,-200,200,200,200,-200,100
1782677620,0,4096,4096,0,0,0,0,0,0,6144,2073600,2073600,1080,11127,FULL,-200,200,-200,-200,200,200,200,-200,100
1782677621,0,4096,4096,0,0,0,0,0,0,8192,2073600,2073600,1080,11127,FULL,-200,200,-200,-200,200,200,200,-200,100
1782677622,0,4096,4096,0,0,0,0,0,0,12288,412336,2073600,215,54538,short,-200,200,-200,-200,200,200,200,-200,100
1782677623,0,4096,4096,0,0,0,0,0,0,16384,412302,2073600,215,55481,short,-200,200,-200,-200,200,200,200,-200,100
1782677624,0,4096,4096,0,0,0,0,0,0,24576,412314,2073600,215,53519,short,-200,200,-200,-200,200,200,200,-200,100
1782677633,0,4096,4096,0,0,0,0,0,0,4096,2073600,2073600,1080,11315,FULL,200,200,-200,-200,200,200,200,-200,100
1782677634,0,4096,4096,0,0,0,0,0,0,6144,2073600,2073600,1080,11276,FULL,200,200,-200,-200,200,200,200,-200,100
1782677635,0,4096,4096,0,0,0,0,0,0,8192,2073600,2073600,1080,11275,FULL,200,200,-200,-200,200,200,200,-200,100
1782677636,0,4096,4096,0,0,0,0,0,0,12288,2073600,2073600,1080,11276,FULL,200,200,-200,-200,200,200,200,-200,100
1782677637,0,4096,4096,0,0,0,0,0,0,16384,2073600,2073600,1080,11282,FULL,200,200,-200,-200,200,200,200,-200,100
1782677638,0,4096,4096,0,0,0,0,0,0,24576,2073600,2073600,1080,11276,FULL,200,200,-200,-200,200,200,200,-200,100
1782677647,0,4096,4096,0,0,0,0,0,0,4096,2073600,2073600,1080,11127,FULL,-200,-200,200,-200,200,200,200,-200,100
1782677648,0,4096,4096,0,0,0,0,0,0,6144,2073600,2073600,1080,11127,FULL,-200,-200,200,-200,200,200,200,-200,100
1782677649,0,4096,4096,0,0,0,0,0,0,8192,2073600,2073600,1080,11127,FULL,-200,-200,200,-200,200,200,200,-200,100
1782677650,0,4096,4096,0,0,0,0,0,0,12288,2073600,2073600,1080,11127,FULL,-200,-200,200,-200,200,200,200,-200,100
1782677651,0,4096,4096,0,0,0,0,0,0,16384,2073600,2073600,1080,11127,FULL,-200,-200,200,-200,200,200,200,-200,100
1782677652,0,4096,4096,0,0,0,0,0,0,24576,893678,2073600,465,53995,short,-200,-200,200,-200,200,200,200,-200,100
1782677661,0,4096,4096,0,0,0,0,0,0,4096,2073600,2073600,1080,11127,FULL,200,-200,200,-200,200,200,200,-200,100
1782677662,0,4096,4096,0,0,0,0,0,0,6144,2073600,2073600,1080,11127,FULL,200,-200,200,-200,200,200,200,-200,100
1782677663,0,4096,4096,0,0,0,0,0,0,8192,2073600,2073600,1080,11127,FULL,200,-200,200,-200,200,200,200,-200,100
1782677664,0,4096,4096,0,0,0,0,0,0,12288,2073600,2073600,1080,11127,FULL,200,-200,200,-200,200,200,200,-200,100
1782677665,0,4096,4096,0,0,0,0,0,0,16384,2073600,2073600,1080,11127,FULL,200,-200,200,-200,200,200,200,-200,100
1782677667,0,4096,4096,0,0,0,0,0,0,24576,1044725,2073600,544,33835,short,200,-200,200,-200,200,200,200,-200,100
1782677676,0,4096,4096,0,0,0,0,0,0,4096,2073600,2073600,1080,11127,FULL,-200,200,200,-200,200,200,200,-200,100
1782677676,0,4096,4096,0,0,0,0,0,0,6144,2073600,2073600,1080,11127,FULL,-200,200,200,-200,200,200,200,-200,100
1782677677,0,4096,4096,0,0,0,0,0,0,8192,2073600,2073600,1080,11127,FULL,-200,200,200,-200,200,200,200,-200,100
1782677678,0,4096,4096,0,0,0,0,0,0,12288,2073600,2073600,1080,11127,FULL,-200,200,200,-200,200,200,200,-200,100
1782677680,0,4096,4096,0,0,0,0,0,0,16384,2073600,2073600,1080,11127,FULL,-200,200,200,-200,200,200,200,-200,100
1782677681,0,4096,4096,0,0,0,0,0,0,24576,2073600,2073600,1080,11127,FULL,-200,200,200,-200,200,200,200,-200,100
1782677690,0,4096,4096,0,0,0,0,0,0,4096,2073600,2073600,1080,11282,FULL,200,200,200,-200,200,200,200,-200,100
1782677691,0,4096,4096,0,0,0,0,0,0,6144,2073600,2073600,1080,11278,FULL,200,200,200,-200,200,200,200,-200,100
1782677692,0,4096,4096,0,0,0,0,0,0,8192,2073600,2073600,1080,11297,FULL,200,200,200,-200,200,200,200,-200,100
1782677693,0,4096,4096,0,0,0,0,0,0,12288,2073600,2073600,1080,11288,FULL,200,200,200,-200,200,200,200,-200,100
1782677694,0,4096,4096,0,0,0,0,0,0,16384,2073600,2073600,1080,11278,FULL,200,200,200,-200,200,200,200,-200,100
1782677695,0,4096,4096,0,0,0,0,0,0,24576,2073600,2073600,1080,11277,FULL,200,200,200,-200,200,200,200,-200,100
1782677704,0,4096,4096,0,0,0,0,0,0,4096,2073600,2073600,1080,11127,FULL,-200,-200,-200,200,200,200,200,-200,100
1782677705,0,4096,4096,0,0,0,0,0,0,6144,2073600,2073600,1080,11127,FULL,-200,-200,-200,200,200,200,200,-200,100
1782677706,0,4096,4096,0,0,0,0,0,0,8192,2073600,2073600,1080,11127,FULL,-200,-200,-200,200,200,200,200,-200,100
1782677707,0,4096,4096,0,0,0,0,0,0,12288,2073600,2073600,1080,11127,FULL,-200,-200,-200,200,200,200,200,-200,100
1782677708,0,4096,4096,0,0,0,0,0,0,16384,2073600,2073600,1080,11127,FULL,-200,-200,-200,200,200,200,200,-200,100
1782677709,0,4096,4096,0,0,0,0,0,0,24576,2073600,2073600,1080,11127,FULL,-200,-200,-200,200,200,200,200,-200,100
1782677718,0,4096,4096,0,0,0,0,0,0,4096,2073600,2073600,1080,11127,FULL,200,-200,-200,200,200,200,200,-200,100
1782677719,0,4096,4096,0,0,0,0,0,0,6144,2073600,2073600,1080,11127,FULL,200,-200,-200,200,200,200,200,-200,100
1782677720,0,4096,4096,0,0,0,0,0,0,8192,2073600,2073600,1080,11127,FULL,200,-200,-200,200,200,200,200,-200,100
1782677721,0,4096,4096,0,0,0,0,0,0,12288,2073600,2073600,1080,11127,FULL,200,-200,-200,200,200,200,200,-200,100
1782677722,0,4096,4096,0,0,0,0,0,0,16384,2073600,2073600,1080,11127,FULL,200,-200,-200,200,200,200,200,-200,100
1782677724,0,4096,4096,0,0,0,0,0,0,24576,2073600,2073600,1080,11127,FULL,200,-200,-200,200,200,200,200,-200,100
1782677732,0,4096,4096,0,0,0,0,0,0,4096,2073600,2073600,1080,11127,FULL,-200,200,-200,200,200,200,200,-200,100
1782677733,0,4096,4096,0,0,0,0,0,0,6144,2073600,2073600,1080,11127,FULL,-200,200,-200,200,200,200,200,-200,100
1782677734,0,4096,4096,0,0,0,0,0,0,8192,2073600,2073600,1080,11127,FULL,-200,200,-200,200,200,200,200,-200,100
1782677735,0,4096,4096,0,0,0,0,0,0,12288,2073600,2073600,1080,11127,FULL,-200,200,-200,200,200,200,200,-200,100
1782677736,0,4096,4096,0,0,0,0,0,0,16384,2073600,2073600,1080,11127,FULL,-200,200,-200,200,200,200,200,-200,100
1782677738,0,4096,4096,0,0,0,0,0,0,24576,2073600,2073600,1080,11127,FULL,-200,200,-200,200,200,200,200,-200,100
1782677747,0,4096,4096,0,0,0,0,0,0,4096,2073600,2073600,1080,11477,FULL,200,200,-200,200,200,200,200,-200,100
1782677748,0,4096,4096,0,0,0,0,0,0,6144,2073600,2073600,1080,11476,FULL,200,200,-200,200,200,200,200,-200,100
1782677748,0,4096,4096,0,0,0,0,0,0,8192,2073600,2073600,1080,11469,FULL,200,200,-200,200,200,200,200,-200,100
1782677749,0,4096,4096,0,0,0,0,0,0,12288,2073600,2073600,1080,11476,FULL,200,200,-200,200,200,200,200,-200,100
1782677751,0,4096,4096,0,0,0,0,0,0,16384,2073600,2073600,1080,11487,FULL,200,200,-200,200,200,200,200,-200,100
1782677752,0,4096,4096,0,0,0,0,0,0,24576,2073600,2073600,1080,11483,FULL,200,200,-200,200,200,200,200,-200,100
1782677761,0,4096,4096,0,0,0,0,0,0,4096,2073600,2073600,1080,11127,FULL,-200,-200,200,200,200,200,200,-200,100
1782677762,0,4096,4096,0,0,0,0,0,0,6144,2073600,2073600,1080,11127,FULL,-200,-200,200,200,200,200,200,-200,100
1782677763,0,4096,4096,0,0,0,0,0,0,8192,2073600,2073600,1080,11127,FULL,-200,-200,200,200,200,200,200,-200,100
1782677764,0,4096,4096,0,0,0,0,0,0,12288,2073600,2073600,1080,11127,FULL,-200,-200,200,200,200,200,200,-200,100
1782677765,0,4096,4096,0,0,0,0,0,0,16384,2073600,2073600,1080,11127,FULL,-200,-200,200,200,200,200,200,-200,100
1782677766,0,4096,4096,0,0,0,0,0,0,24576,2073600,2073600,1080,11127,FULL,-200,-200,200,200,200,200,200,-200,100
1782677775,0,4096,4096,0,0,0,0,0,0,4096,2073600,2073600,1080,11127,FULL,200,-200,200,200,200,200,200,-200,100
1782677776,0,4096,4096,0,0,0,0,0,0,6144,2073600,2073600,1080,11127,FULL,200,-200,200,200,200,200,200,-200,100
1782677777,0,4096,4096,0,0,0,0,0,0,8192,2073600,2073600,1080,11127,FULL,200,-200,200,200,200,200,200,-200,100
1782677778,0,4096,4096,0,0,0,0,0,0,12288,2073600,2073600,1080,11127,FULL,200,-200,200,200,200,200,200,-200,100
1782677779,0,4096,4096,0,0,0,0,0,0,16384,2073600,2073600,1080,11127,FULL,200,-200,200,200,200,200,200,-200,100
1782677780,0,4096,4096,0,0,0,0,0,0,24576,2073600,2073600,1080,11127,FULL,200,-200,200,200,200,200,200,-200,100
1782677789,0,4096,4096,0,0,0,0,0,0,4096,2073600,2073600,1080,11127,FULL,-200,200,200,200,200,200,200,-200,100
1782677790,0,4096,4096,0,0,0,0,0,0,6144,2073600,2073600,1080,11127,FULL,-200,200,200,200,200,200,200,-200,100
1782677791,0,4096,4096,0,0,0,0,0,0,8192,2073600,2073600,1080,11127,FULL,-200,200,200,200,200,200,200,-200,100
1782677792,0,4096,4096,0,0,0,0,0,0,12288,2073600,2073600,1080,11127,FULL,-200,200,200,200,200,200,200,-200,100
1782677793,0,4096,4096,0,0,0,0,0,0,16384,2073600,2073600,1080,11127,FULL,-200,200,200,200,200,200,200,-200,100
1782677795,0,4096,4096,0,0,0,0,0,0,24576,2073600,2073600,1080,11127,FULL,-200,200,200,200,200,200,200,-200,100
1782677803,0,4096,4096,0,0,0,0,0,0,4096,2073600,2073600,1080,11469,FULL,200,200,200,200,200,200,200,-200,100
1782677804,0,4096,4096,0,0,0,0,0,0,6144,2073600,2073600,1080,11535,FULL,200,200,200,200,200,200,200,-200,100
1782677805,0,4096,4096,0,0,0,0,0,0,8192,2073600,2073600,1080,11487,FULL,200,200,200,200,200,200,200,-200,100
1782677806,0,4096,4096,0,0,0,0,0,0,12288,2073600,2073600,1080,11467,FULL,200,200,200,200,200,200,200,-200,100
1782677807,0,4096,4096,0,0,0,0,0,0,16384,2073600,2073600,1080,11472,FULL,200,200,200,200,200,200,200,-200,100
1782677809,0,4096,4096,0,0,0,0,0,0,24576,2073600,2073600,1080,11474,FULL,200,200,200,200,200,200,200,-200,100
1782677818,0,4096,4096,0,0,0,0,0,0,4096,744797,2073600,388,28660,short,-200,-200,-200,-200,-200,-200,-200,200,100
1782677819,0,4096,4096,0,0,0,0,0,0,6144,744784,2073600,388,26795,short,-200,-200,-200,-200,-200,-200,-200,200,100
1782677820,0,4096,4096,0,0,0,0,0,0,8192,744791,2073600,388,29207,short,-200,-200,-200,-200,-200,-200,-200,200,100
1782677821,0,4096,4096,0,0,0,0,0,0,12288,744858,2073600,388,28007,short,-200,-200,-200,-200,-200,-200,-200,200,100
1782677822,0,4096,4096,0,0,0,0,0,0,16384,744791,2073600,388,28736,short,-200,-200,-200,-200,-200,-200,-200,200,100
1782677823,0,4096,4096,0,0,0,0,0,0,24576,744791,2073600,388,31954,short,-200,-200,-200,-200,-200,-200,-200,200,100
1782677832,0,4096,4096,0,0,0,0,0,0,4096,751900,2073600,392,17114,short,200,-200,-200,-200,-200,-200,-200,200,100
1782677833,0,4096,4096,0,0,0,0,0,0,6144,752230,2073600,392,18859,short,200,-200,-200,-200,-200,-200,-200,200,100
1782677834,0,4096,4096,0,0,0,0,0,0,8192,1544958,2073600,804,60513,short,200,-200,-200,-200,-200,-200,-200,200,100
1782677835,0,4096,4096,0,0,0,0,0,0,12288,751900,2073600,391,16269,short,200,-200,-200,-200,-200,-200,-200,200,100
1782677836,0,4096,4096,0,0,0,0,0,0,16384,751983,2073600,392,18643,short,200,-200,-200,-200,-200,-200,-200,200,100
1782677837,0,4096,4096,0,0,0,0,0,0,24576,751900,2073600,391,16975,short,200,-200,-200,-200,-200,-200,-200,200,100
1782677846,0,4096,4096,0,0,0,0,0,0,4096,685057,2073600,357,37345,short,-200,200,-200,-200,-200,-200,-200,200,100
1782677847,0,4096,4096,0,0,0,0,0,0,6144,685190,2073600,357,44516,short,-200,200,-200,-200,-200,-200,-200,200,100
1782677848,0,4096,4096,0,0,0,0,0,0,8192,681415,2073600,355,41906,short,-200,200,-200,-200,-200,-200,-200,200,100
1782677849,0,4096,4096,0,0,0,0,0,0,12288,684746,2073600,356,41034,short,-200,200,-200,-200,-200,-200,-200,200,100
1782677850,0,4096,4096,0,0,0,0,0,0,16384,683958,2073600,356,32905,short,-200,200,-200,-200,-200,-200,-200,200,100
1782677851,0,4096,4096,0,0,0,0,0,0,24576,919496,2073600,478,3009,short,-200,200,-200,-200,-200,-200,-200,200,100
1782677860,0,4096,4096,0,0,0,0,0,0,4096,708288,2073600,369,10202,short,200,200,-200,-200,-200,-200,-200,200,100
1782677861,0,4096,4096,0,0,0,0,0,0,6144,707994,2073600,368,9240,short,200,200,-200,-200,-200,-200,-200,200,100
1782677862,0,4096,4096,0,0,0,0,0,0,8192,707183,2073600,368,9106,short,200,200,-200,-200,-200,-200,-200,200,100
1782677863,0,4096,4096,0,0,0,0,0,0,12288,707206,2073600,367,5214,short,200,200,-200,-200,-200,-200,-200,200,100
1782677864,0,4096,4096,0,0,0,0,0,0,16384,706445,2073600,368,11506,short,200,200,-200,-200,-200,-200,-200,200,100
1782677866,0,4096,4096,0,0,0,0,0,0,24576,706424,2073600,368,5754,short,200,200,-200,-200,-200,-200,-200,200,100
1782677874,0,4096,4096,0,0,0,0,0,0,4096,1417132,2073600,737,9034,short,-200,-200,200,-200,-200,-200,-200,200,100
1782677874,0,4096,4096,0,0,0,0,0,0,6144,1399661,2073600,728,35682,short,-200,-200,200,-200,-200,-200,-200,200,100
1782677875,0,4096,4096,0,0,0,0,0,0,8192,1389429,2073600,723,37478,short,-200,-200,200,-200,-200,-200,-200,200,100
1782677876,0,4096,4096,0,0,0,0,0,0,12288,1368493,2073600,712,55869,short,-200,-200,200,-200,-200,-200,-200,200,100
1782677878,0,4096,4096,0,0,0,0,0,0,16384,1348968,2073600,702,8587,short,-200,-200,200,-200,-200,-200,-200,200,100
1782677879,0,4096,4096,0,0,0,0,0,0,24576,1315178,2073600,685,31618,short,-200,-200,200,-200,-200,-200,-200,200,100
1782677880,0,4096,4096,0,0,0,0,0,0,4096,1417862,2073600,737,12883,short,-200,-200,200,-200,-200,-200,-200,200,100
1782677881,0,4096,4096,0,0,0,0,0,0,6144,1057497,2073600,550,27611,short,-200,-200,200,-200,-200,-200,-200,200,100
1782677882,0,4096,4096,0,0,0,0,0,0,8192,1389553,2073600,723,38324,short,-200,-200,200,-200,-200,-200,-200,200,100
1782677883,0,4096,4096,0,0,0,0,0,0,12288,1368685,2073600,712,58910,short,-200,-200,200,-200,-200,-200,-200,200,100
1782677884,0,4096,4096,0,0,0,0,0,0,16384,1048291,2073600,546,35126,short,-200,-200,200,-200,-200,-200,-200,200,100
1782677885,0,4096,4096,0,0,0,0,0,0,24576,1057210,2073600,550,27911,short,-200,-200,200,-200,-200,-200,-200,200,100
1782677889,0,4096,4096,0,0,0,0,0,0,4096,1055981,2073600,550,27489,short,200,-200,200,-200,-200,-200,-200,200,100
1782677890,0,4096,4096,0,0,0,0,0,0,6144,1060532,2073600,551,22500,short,200,-200,200,-200,-200,-200,-200,200,100
1782677891,0,4096,4096,0,0,0,0,0,0,8192,1057438,2073600,550,23599,short,200,-200,200,-200,-200,-200,-200,200,100
1782677892,0,4096,4096,0,0,0,0,0,0,12288,1391221,2073600,724,24706,short,200,-200,200,-200,-200,-200,-200,200,100
1782677893,0,4096,4096,0,0,0,0,0,0,16384,1051798,2073600,547,33666,short,200,-200,200,-200,-200,-200,-200,200,100
1782677894,0,4096,4096,0,0,0,0,0,0,24576,1324799,2073600,690,19927,short,200,-200,200,-200,-200,-200,-200,200,100
1782677903,0,4096,4096,0,0,0,0,0,0,4096,1391326,2073600,723,40021,short,-200,200,200,-200,-200,-200,-200,200,100
1782677904,0,4096,4096,0,0,0,0,0,0,6144,1103173,2073600,574,62587,short,-200,200,200,-200,-200,-200,-200,200,100
1782677905,0,4096,4096,0,0,0,0,0,0,8192,1363039,2073600,710,4070,short,-200,200,200,-200,-200,-200,-200,200,100
1782677906,0,4096,4096,0,0,0,0,0,0,12288,1347116,2073600,700,18842,short,-200,200,200,-200,-200,-200,-200,200,100
1782677907,0,4096,4096,0,0,0,0,0,0,16384,1108842,2073600,577,44293,short,-200,200,200,-200,-200,-200,-200,200,100
1782677908,0,4096,4096,0,0,0,0,0,0,24576,1306727,2073600,679,40253,short,-200,200,200,-200,-200,-200,-200,200,100
1782677917,0,4096,4096,0,0,0,0,0,0,4096,1092402,2073600,569,58790,short,200,200,200,-200,-200,-200,-200,200,100
1782677918,0,4096,4096,0,0,0,0,0,0,6144,1102093,2073600,573,46716,short,200,200,200,-200,-200,-200,-200,200,100
1782677919,0,4096,4096,0,0,0,0,0,0,8192,1374401,2073600,715,56665,short,200,200,200,-200,-200,-200,-200,200,100
1782677920,0,4096,4096,0,0,0,0,0,0,12288,1357358,2073600,707,5723,short,200,200,200,-200,-200,-200,-200,200,100
1782677921,0,4096,4096,0,0,0,0,0,0,16384,1340182,2073600,697,20276,short,200,200,200,-200,-200,-200,-200,200,100
1782677923,0,4096,4096,0,0,0,0,0,0,24576,1311369,2073600,683,40817,short,200,200,200,-200,-200,-200,-200,200,100
1782677931,0,4096,4096,0,0,0,0,0,0,4096,2073600,2073600,1080,11127,FULL,-200,-200,-200,200,-200,-200,-200,200,100
1782677932,0,4096,4096,0,0,0,0,0,0,6144,2073600,2073600,1080,11127,FULL,-200,-200,-200,200,-200,-200,-200,200,100
1782677933,0,4096,4096,0,0,0,0,0,0,8192,2073600,2073600,1080,11127,FULL,-200,-200,-200,200,-200,-200,-200,200,100
1782677934,0,4096,4096,0,0,0,0,0,0,12288,2073600,2073600,1080,11127,FULL,-200,-200,-200,200,-200,-200,-200,200,100
1782677935,0,4096,4096,0,0,0,0,0,0,16384,2073600,2073600,1080,11127,FULL,-200,-200,-200,200,-200,-200,-200,200,100
1782677937,0,4096,4096,0,0,0,0,0,0,24576,363822,2073600,189,45542,short,-200,-200,-200,200,-200,-200,-200,200,100
1782677946,0,4096,4096,0,0,0,0,0,0,4096,381466,2073600,198,18238,short,200,-200,-200,200,-200,-200,-200,200,100
1782677947,0,4096,4096,0,0,0,0,0,0,6144,381446,2073600,198,17826,short,200,-200,-200,200,-200,-200,-200,200,100
1782677947,0,4096,4096,0,0,0,0,0,0,8192,381572,2073600,199,14938,short,200,-200,-200,200,-200,-200,-200,200,100
1782677949,0,4096,4096,0,0,0,0,0,0,12288,381562,2073600,199,20264,short,200,-200,-200,200,-200,-200,-200,200,100
1782677950,0,4096,4096,0,0,0,0,0,0,16384,381338,2073600,198,16383,short,200,-200,-200,200,-200,-200,-200,200,100
1782677951,0,4096,4096,0,0,0,0,0,0,24576,381562,2073600,199,15596,short,200,-200,-200,200,-200,-200,-200,200,100
1782677960,0,4096,4096,0,0,0,0,0,0,4096,239609,2073600,126,29001,short,-200,200,-200,200,-200,-200,-200,200,100
1782677961,0,4096,4096,0,0,0,0,0,0,6144,239793,2073600,125,23268,short,-200,200,-200,200,-200,-200,-200,200,100
1782677962,0,4096,4096,0,0,0,0,0,0,8192,239486,2073600,124,25247,short,-200,200,-200,200,-200,-200,-200,200,100
1782677963,0,4096,4096,0,0,0,0,0,0,12288,239609,2073600,125,27689,short,-200,200,-200,200,-200,-200,-200,200,100
1782677964,0,4096,4096,0,0,0,0,0,0,16384,239524,2073600,125,28110,short,-200,200,-200,200,-200,-200,-200,200,100
1782677965,0,4096,4096,0,0,0,0,0,0,24576,239511,2073600,125,28965,short,-200,200,-200,200,-200,-200,-200,200,100
1782677974,0,4096,4096,0,0,0,0,0,0,4096,266382,2073600,139,61400,short,200,200,-200,200,-200,-200,-200,200,100
1782677975,0,4096,4096,0,0,0,0,0,0,6144,266468,2073600,139,63434,short,200,200,-200,200,-200,-200,-200,200,100
1782677976,0,4096,4096,0,0,0,0,0,0,8192,262324,2073600,139,148,short,200,200,-200,200,-200,-200,-200,200,100
1782677977,0,4096,4096,0,0,0,0,0,0,12288,266412,2073600,139,64758,short,200,200,-200,200,-200,-200,-200,200,100
1782677978,0,4096,4096,0,0,0,0,0,0,16384,266468,2073600,139,30787,short,200,200,-200,200,-200,-200,-200,200,100
1782677979,0,4096,4096,0,0,0,0,0,0,24576,266482,2073600,139,63083,short,200,200,-200,200,-200,-200,-200,200,100
1782677988,0,4096,4096,0,0,0,0,0,0,4096,577601,2073600,301,10519,short,-200,-200,200,200,-200,-200,-200,200,100
1782677989,0,4096,4096,0,0,0,0,0,0,6144,577608,2073600,301,8200,short,-200,-200,200,200,-200,-200,-200,200,100
1782677990,0,4096,4096,0,0,0,0,0,0,8192,577554,2073600,301,8556,short,-200,-200,200,200,-200,-200,-200,200,100
1782677991,0,4096,4096,0,0,0,0,0,0,12288,577616,2073600,300,7007,short,-200,-200,200,200,-200,-200,-200,200,100
1782677992,0,4096,4096,0,0,0,0,0,0,16384,1570912,2073600,817,25444,short,-200,-200,200,200,-200,-200,-200,200,100
1782677994,0,4096,4096,0,0,0,0,0,0,24576,577367,2073600,300,5854,short,-200,-200,200,200,-200,-200,-200,200,100
1782678002,0,4096,4096,0,0,0,0,0,0,4096,449248,2073600,234,221,short,200,-200,200,200,-200,-200,-200,200,100
1782678002,0,4096,4096,0,0,0,0,0,0,6144,408304,2073600,234,1906,short,200,-200,200,200,-200,-200,-200,200,100
1782678003,0,4096,4096,0,0,0,0,0,0,8192,449314,2073600,234,152,short,200,-200,200,200,-200,-200,-200,200,100
1782678004,0,4096,4096,0,0,0,0,0,0,12288,449084,2073600,233,4134,short,200,-200,200,200,-200,-200,-200,200,100
1782678006,0,4096,4096,0,0,0,0,0,0,16384,449267,2073600,234,64911,short,200,-200,200,200,-200,-200,-200,200,100
1782678007,0,4096,4096,0,0,0,0,0,0,24576,1414656,2073600,737,43473,short,200,-200,200,200,-200,-200,-200,200,100
1782678008,0,4096,4096,0,0,0,0,0,0,4096,448999,2073600,233,9978,short,200,-200,200,200,-200,-200,-200,200,100
1782678009,0,4096,4096,0,0,0,0,0,0,6144,449248,2073600,234,65257,short,200,-200,200,200,-200,-200,-200,200,100
1782678010,0,4096,4096,0,0,0,0,0,0,8192,440236,2073600,234,1451,short,200,-200,200,200,-200,-200,-200,200,100
1782678011,0,4096,4096,0,0,0,0,0,0,12288,449499,2073600,234,2522,short,200,-200,200,200,-200,-200,-200,200,100
1782678012,0,4096,4096,0,0,0,0,0,0,16384,449023,2073600,234,1339,short,200,-200,200,200,-200,-200,-200,200,100
1782678013,0,4096,4096,0,0,0,0,0,0,24576,1414394,2073600,736,46399,short,200,-200,200,200,-200,-200,-200,200,100
1782678017,0,4096,4096,0,0,0,0,0,0,4096,425961,2073600,221,25477,short,-200,200,200,200,-200,-200,-200,200,100
1782678017,0,4096,4096,0,0,0,0,0,0,6144,425989,2073600,221,22376,short,-200,200,200,200,-200,-200,-200,200,100
1782678019,0,4096,4096,0,0,0,0,0,0,8192,425989,2073600,221,31015,short,-200,200,200,200,-200,-200,-200,200,100
1782678020,0,4096,4096,0,0,0,0,0,0,12288,425890,2073600,221,23816,short,-200,200,200,200,-200,-200,-200,200,100
1782678021,0,4096,4096,0,0,0,0,0,0,16384,414925,2073600,221,27576,short,-200,200,200,200,-200,-200,-200,200,100
1782678022,0,4096,4096,0,0,0,0,0,0,24576,1433389,2073600,746,23501,short,-200,200,200,200,-200,-200,-200,200,100
1782678031,0,4096,4096,0,0,0,0,0,0,4096,1712066,2073600,891,61242,short,200,200,200,200,-200,-200,-200,200,100
1782678032,0,4096,4096,0,0,0,0,0,0,6144,430026,2073600,224,23465,short,200,200,200,200,-200,-200,-200,200,100
1782678033,0,4096,4096,0,0,0,0,0,0,8192,429748,2073600,224,22546,short,200,200,200,200,-200,-200,-200,200,100
1782678034,0,4096,4096,0,0,0,0,0,0,12288,429544,2073600,224,20597,short,200,200,200,200,-200,-200,-200,200,100
1782678035,0,4096,4096,0,0,0,0,0,0,16384,429410,2073600,223,21761,short,200,200,200,200,-200,-200,-200,200,100
1782678036,0,4096,4096,0,0,0,0,0,0,24576,429714,2073600,223,19218,short,200,200,200,200,-200,-200,-200,200,100
1782678045,0,4096,4096,0,0,0,0,0,0,4096,774204,2073600,403,49948,short,-200,-200,-200,-200,200,-200,-200,200,100
1782678046,0,4096,4096,0,0,0,0,0,0,6144,2073600,2073600,1080,11217,FULL,-200,-200,-200,-200,200,-200,-200,200,100
1782678047,0,4096,4096,0,0,0,0,0,0,8192,2073600,2073600,1080,11127,FULL,-200,-200,-200,-200,200,-200,-200,200,100
1782678048,0,4096,4096,0,0,0,0,0,0,12288,774120,2073600,403,51773,short,-200,-200,-200,-200,200,-200,-200,200,100
1782678049,0,4096,4096,0,0,0,0,0,0,16384,774204,2073600,403,49276,short,-200,-200,-200,-200,200,-200,-200,200,100
1782678051,0,4096,4096,0,0,0,0,0,0,24576,739613,2073600,403,51184,short,-200,-200,-200,-200,200,-200,-200,200,100
1782678059,0,4096,4096,0,0,0,0,0,0,4096,808771,2073600,421,12278,short,200,-200,-200,-200,200,-200,-200,200,100
1782678060,0,4096,4096,0,0,0,0,0,0,6144,2073600,2073600,1080,11127,FULL,200,-200,-200,-200,200,-200,-200,200,100
1782678061,0,4096,4096,0,0,0,0,0,0,8192,2073600,2073600,1080,11127,FULL,200,-200,-200,-200,200,-200,-200,200,100
1782678062,0,4096,4096,0,0,0,0,0,0,12288,808763,2073600,421,16112,short,200,-200,-200,-200,200,-200,-200,200,100
1782678063,0,4096,4096,0,0,0,0,0,0,16384,808830,2073600,421,12859,short,200,-200,-200,-200,200,-200,-200,200,100
1782678065,0,4096,4096,0,0,0,0,0,0,24576,808545,2073600,421,15033,short,200,-200,-200,-200,200,-200,-200,200,100
1782678073,0,4096,4096,0,0,0,0,0,0,4096,402306,2073600,209,19055,short,-200,200,-200,-200,200,-200,-200,200,100
1782678074,0,4096,4096,0,0,0,0,0,0,6144,402444,2073600,209,62535,short,-200,200,-200,-200,200,-200,-200,200,100
1782678075,0,4096,4096,0,0,0,0,0,0,8192,402418,2073600,210,17950,short,-200,200,-200,-200,200,-200,-200,200,100
1782678076,0,4096,4096,0,0,0,0,0,0,12288,402444,2073600,210,16107,short,-200,200,-200,-200,200,-200,-200,200,100
1782678078,0,4096,4096,0,0,0,0,0,0,16384,402428,2073600,209,11990,short,-200,200,-200,-200,200,-200,-200,200,100
1782678079,0,4096,4096,0,0,0,0,0,0,24576,778999,2073600,405,23897,short,-200,200,-200,-200,200,-200,-200,200,100
1782678088,0,4096,4096,0,0,0,0,0,0,4096,2073600,2073600,1080,11483,FULL,200,200,-200,-200,200,-200,-200,200,100
1782678089,0,4096,4096,0,0,0,0,0,0,6144,548026,2073600,285,43266,short,200,200,-200,-200,200,-200,-200,200,100
1782678090,0,4096,4096,0,0,0,0,0,0,8192,532836,2073600,285,43876,short,200,200,-200,-200,200,-200,-200,200,100
1782678091,0,4096,4096,0,0,0,0,0,0,12288,548125,2073600,285,39899,short,200,200,-200,-200,200,-200,-200,200,100
1782678092,0,4096,4096,0,0,0,0,0,0,16384,548038,2073600,285,44210,short,200,200,-200,-200,200,-200,-200,200,100
1782678093,0,4096,4096,0,0,0,0,0,0,24576,548270,2073600,285,40972,short,200,200,-200,-200,200,-200,-200,200,100
1782678102,0,4096,4096,0,0,0,0,0,0,4096,2073600,2073600,1080,11127,FULL,-200,-200,200,-200,200,-200,-200,200,100
1782678103,0,4096,4096,0,0,0,0,0,0,6144,2073600,2073600,1080,11127,FULL,-200,-200,200,-200,200,-200,-200,200,100
1782678104,0,4096,4096,0,0,0,0,0,0,8192,2073600,2073600,1080,11127,FULL,-200,-200,200,-200,200,-200,-200,200,100
1782678105,0,4096,4096,0,0,0,0,0,0,12288,2073600,2073600,1080,11127,FULL,-200,-200,200,-200,200,-200,-200,200,100
1782678106,0,4096,4096,0,0,0,0,0,0,16384,2073600,2073600,1080,11127,FULL,-200,-200,200,-200,200,-200,-200,200,100
1782678107,0,4096,4096,0,0,0,0,0,0,24576,2073600,2073600,1080,11127,FULL,-200,-200,200,-200,200,-200,-200,200,100
1782678116,0,4096,4096,0,0,0,0,0,0,4096,2073600,2073600,1080,11127,FULL,200,-200,200,-200,200,-200,-200,200,100
1782678117,0,4096,4096,0,0,0,0,0,0,6144,2073600,2073600,1080,11127,FULL,200,-200,200,-200,200,-200,-200,200,100
1782678118,0,4096,4096,0,0,0,0,0,0,8192,2073600,2073600,1080,11127,FULL,200,-200,200,-200,200,-200,-200,200,100
1782678119,0,4096,4096,0,0,0,0,0,0,12288,2073600,2073600,1080,11127,FULL,200,-200,200,-200,200,-200,-200,200,100
1782678120,0,4096,4096,0,0,0,0,0,0,16384,2073600,2073600,1080,11127,FULL,200,-200,200,-200,200,-200,-200,200,100
1782678121,0,4096,4096,0,0,0,0,0,0,24576,2073600,2073600,1080,11127,FULL,200,-200,200,-200,200,-200,-200,200,100
1782678130,0,4096,4096,0,0,0,0,0,0,4096,2073600,2073600,1080,11127,FULL,-200,200,200,-200,200,-200,-200,200,100
1782678131,0,4096,4096,0,0,0,0,0,0,6144,2073600,2073600,1080,11127,FULL,-200,200,200,-200,200,-200,-200,200,100
1782678132,0,4096,4096,0,0,0,0,0,0,8192,2073600,2073600,1080,11127,FULL,-200,200,200,-200,200,-200,-200,200,100
1782678133,0,4096,4096,0,0,0,0,0,0,12288,2073600,2073600,1080,11127,FULL,-200,200,200,-200,200,-200,-200,200,100
1782678134,0,4096,4096,0,0,0,0,0,0,16384,2073600,2073600,1080,11127,FULL,-200,200,200,-200,200,-200,-200,200,100
1782678136,0,4096,4096,0,0,0,0,0,0,24576,2073600,2073600,1080,11127,FULL,-200,200,200,-200,200,-200,-200,200,100
1782678145,0,4096,4096,0,0,0,0,0,0,4096,2073600,2073600,1080,11300,FULL,200,200,200,-200,200,-200,-200,200,100
1782678145,0,4096,4096,0,0,0,0,0,0,6144,2073600,2073600,1080,11277,FULL,200,200,200,-200,200,-200,-200,200,100
1782678146,0,4096,4096,0,0,0,0,0,0,8192,2073600,2073600,1080,11284,FULL,200,200,200,-200,200,-200,-200,200,100
1782678147,0,4096,4096,0,0,0,0,0,0,12288,2073600,2073600,1080,11276,FULL,200,200,200,-200,200,-200,-200,200,100
1782678149,0,4096,4096,0,0,0,0,0,0,16384,2073600,2073600,1080,11277,FULL,200,200,200,-200,200,-200,-200,200,100
1782678150,0,4096,4096,0,0,0,0,0,0,24576,2073600,2073600,1080,11276,FULL,200,200,200,-200,200,-200,-200,200,100
1782678159,0,4096,4096,0,0,0,0,0,0,4096,2073600,2073600,1080,11127,FULL,-200,-200,-200,200,200,-200,-200,200,100
1782678160,0,4096,4096,0,0,0,0,0,0,6144,2073600,2073600,1080,11127,FULL,-200,-200,-200,200,200,-200,-200,200,100
1782678161,0,4096,4096,0,0,0,0,0,0,8192,2073600,2073600,1080,11127,FULL,-200,-200,-200,200,200,-200,-200,200,100
1782678162,0,4096,4096,0,0,0,0,0,0,12288,2073600,2073600,1080,11127,FULL,-200,-200,-200,200,200,-200,-200,200,100
1782678163,0,4096,4096,0,0,0,0,0,0,16384,2073600,2073600,1080,11127,FULL,-200,-200,-200,200,200,-200,-200,200,100
1782678164,0,4096,4096,0,0,0,0,0,0,24576,2073600,2073600,1080,11127,FULL,-200,-200,-200,200,200,-200,-200,200,100
1782678173,0,4096,4096,0,0,0,0,0,0,4096,2073600,2073600,1080,11127,FULL,200,-200,-200,200,200,-200,-200,200,100
1782678174,0,4096,4096,0,0,0,0,0,0,6144,2073600,2073600,1080,11127,FULL,200,-200,-200,200,200,-200,-200,200,100
1782678175,0,4096,4096,0,0,0,0,0,0,8192,2073600,2073600,1080,11127,FULL,200,-200,-200,200,200,-200,-200,200,100
1782678176,0,4096,4096,0,0,0,0,0,0,12288,2073600,2073600,1080,11127,FULL,200,-200,-200,200,200,-200,-200,200,100
1782678177,0,4096,4096,0,0,0,0,0,0,16384,2073600,2073600,1080,11127,FULL,200,-200,-200,200,200,-200,-200,200,100
1782678178,0,4096,4096,0,0,0,0,0,0,24576,2073600,2073600,1080,11127,FULL,200,-200,-200,200,200,-200,-200,200,100
1782678187,0,4096,4096,0,0,0,0,0,0,4096,2073600,2073600,1080,11127,FULL,-200,200,-200,200,200,-200,-200,200,100
1782678188,0,4096,4096,0,0,0,0,0,0,6144,2073600,2073600,1080,11127,FULL,-200,200,-200,200,200,-200,-200,200,100
1782678189,0,4096,4096,0,0,0,0,0,0,8192,2073600,2073600,1080,11127,FULL,-200,200,-200,200,200,-200,-200,200,100
1782678190,0,4096,4096,0,0,0,0,0,0,12288,2073600,2073600,1080,11127,FULL,-200,200,-200,200,200,-200,-200,200,100
1782678191,0,4096,4096,0,0,0,0,0,0,16384,2073600,2073600,1080,11127,FULL,-200,200,-200,200,200,-200,-200,200,100
1782678193,0,4096,4096,0,0,0,0,0,0,24576,2073600,2073600,1080,11127,FULL,-200,200,-200,200,200,-200,-200,200,100
1782678201,0,4096,4096,0,0,0,0,0,0,4096,2073600,2073600,1080,11275,FULL,200,200,-200,200,200,-200,-200,200,100
1782678202,0,4096,4096,0,0,0,0,0,0,6144,2073600,2073600,1080,11306,FULL,200,200,-200,200,200,-200,-200,200,100
1782678203,0,4096,4096,0,0,0,0,0,0,8192,2073600,2073600,1080,11299,FULL,200,200,-200,200,200,-200,-200,200,100
1782678204,0,4096,4096,0,0,0,0,0,0,12288,2073600,2073600,1080,11275,FULL,200,200,-200,200,200,-200,-200,200,100
1782678205,0,4096,4096,0,0,0,0,0,0,16384,2073600,2073600,1080,11278,FULL,200,200,-200,200,200,-200,-200,200,100
1782678207,0,4096,4096,0,0,0,0,0,0,24576,2073600,2073600,1080,11282,FULL,200,200,-200,200,200,-200,-200,200,100
1782678216,0,4096,4096,0,0,0,0,0,0,4096,2073600,2073600,1080,11127,FULL,-200,-200,200,200,200,-200,-200,200,100
1782678216,0,4096,4096,0,0,0,0,0,0,6144,2073600,2073600,1080,11127,FULL,-200,-200,200,200,200,-200,-200,200,100
1782678217,0,4096,4096,0,0,0,0,0,0,8192,2073600,2073600,1080,11127,FULL,-200,-200,200,200,200,-200,-200,200,100
1782678218,0,4096,4096,0,0,0,0,0,0,12288,2073600,2073600,1080,11127,FULL,-200,-200,200,200,200,-200,-200,200,100
1782678220,0,4096,4096,0,0,0,0,0,0,16384,2073600,2073600,1080,11127,FULL,-200,-200,200,200,200,-200,-200,200,100
1782678221,0,4096,4096,0,0,0,0,0,0,24576,2073600,2073600,1080,11127,FULL,-200,-200,200,200,200,-200,-200,200,100
1782678230,0,4096,4096,0,0,0,0,0,0,4096,2073600,2073600,1080,11127,FULL,200,-200,200,200,200,-200,-200,200,100
1782678231,0,4096,4096,0,0,0,0,0,0,6144,2073600,2073600,1080,11127,FULL,200,-200,200,200,200,-200,-200,200,100
1782678232,0,4096,4096,0,0,0,0,0,0,8192,2073600,2073600,1080,11127,FULL,200,-200,200,200,200,-200,-200,200,100
1782678233,0,4096,4096,0,0,0,0,0,0,12288,2073600,2073600,1080,11127,FULL,200,-200,200,200,200,-200,-200,200,100
1782678234,0,4096,4096,0,0,0,0,0,0,16384,2073600,2073600,1080,11127,FULL,200,-200,200,200,200,-200,-200,200,100
1782678235,0,4096,4096,0,0,0,0,0,0,24576,2073600,2073600,1080,11127,FULL,200,-200,200,200,200,-200,-200,200,100
1782678244,0,4096,4096,0,0,0,0,0,0,4096,2073600,2073600,1080,11127,FULL,-200,200,200,200,200,-200,-200,200,100
1782678245,0,4096,4096,0,0,0,0,0,0,6144,2073600,2073600,1080,11127,FULL,-200,200,200,200,200,-200,-200,200,100
1782678246,0,4096,4096,0,0,0,0,0,0,8192,2073600,2073600,1080,11127,FULL,-200,200,200,200,200,-200,-200,200,100
1782678247,0,4096,4096,0,0,0,0,0,0,12288,2073600,2073600,1080,11127,FULL,-200,200,200,200,200,-200,-200,200,100
1782678248,0,4096,4096,0,0,0,0,0,0,16384,2073600,2073600,1080,11127,FULL,-200,200,200,200,200,-200,-200,200,100
1782678249,0,4096,4096,0,0,0,0,0,0,24576,2073600,2073600,1080,11127,FULL,-200,200,200,200,200,-200,-200,200,100
1782678258,0,4096,4096,0,0,0,0,0,0,4096,2073600,2073600,1080,11285,FULL,200,200,200,200,200,-200,-200,200,100
1782678259,0,4096,4096,0,0,0,0,0,0,6144,2073600,2073600,1080,11276,FULL,200,200,200,200,200,-200,-200,200,100
1782678260,0,4096,4096,0,0,0,0,0,0,8192,2073600,2073600,1080,11281,FULL,200,200,200,200,200,-200,-200,200,100
1782678261,0,4096,4096,0,0,0,0,0,0,12288,2073600,2073600,1080,11287,FULL,200,200,200,200,200,-200,-200,200,100
1782678262,0,4096,4096,0,0,0,0,0,0,16384,2073600,2073600,1080,11277,FULL,200,200,200,200,200,-200,-200,200,100
1782678264,0,4096,4096,0,0,0,0,0,0,24576,2073600,2073600,1080,11277,FULL,200,200,200,200,200,-200,-200,200,100
1782678272,0,4096,4096,0,0,0,0,0,0,4096,815979,2073600,425,6699,short,-200,-200,-200,-200,-200,200,-200,200,100
1782678273,0,4096,4096,0,0,0,0,0,0,6144,2073600,2073600,1080,11127,FULL,-200,-200,-200,-200,-200,200,-200,200,100
1782678274,0,4096,4096,0,0,0,0,0,0,8192,2073600,2073600,1080,11127,FULL,-200,-200,-200,-200,-200,200,-200,200,100
1782678275,0,4096,4096,0,0,0,0,0,0,12288,2073600,2073600,1080,11127,FULL,-200,-200,-200,-200,-200,200,-200,200,100
1782678276,0,4096,4096,0,0,0,0,0,0,16384,2073600,2073600,1080,11127,FULL,-200,-200,-200,-200,-200,200,-200,200,100
1782678278,0,4096,4096,0,0,0,0,0,0,24576,2073600,2073600,1080,11127,FULL,-200,-200,-200,-200,-200,200,-200,200,100
1782678287,0,4096,4096,0,0,0,0,0,0,4096,953089,2073600,496,61398,short,200,-200,-200,-200,-200,200,-200,200,100
1782678288,0,4096,4096,0,0,0,0,0,0,6144,2073600,2073600,1080,11127,FULL,200,-200,-200,-200,-200,200,-200,200,100
1782678289,0,4096,4096,0,0,0,0,0,0,8192,2073600,2073600,1080,11127,FULL,200,-200,-200,-200,-200,200,-200,200,100
1782678290,0,4096,4096,0,0,0,0,0,0,12288,2073600,2073600,1080,11127,FULL,200,-200,-200,-200,-200,200,-200,200,100
1782678291,0,4096,4096,0,0,0,0,0,0,16384,2073600,2073600,1080,11127,FULL,200,-200,-200,-200,-200,200,-200,200,100
1782678292,0,4096,4096,0,0,0,0,0,0,24576,2073600,2073600,1080,11127,FULL,200,-200,-200,-200,-200,200,-200,200,100
1782678301,0,4096,4096,0,0,0,0,0,0,4096,2073600,2073600,1080,11127,FULL,-200,200,-200,-200,-200,200,-200,200,100
1782678302,0,4096,4096,0,0,0,0,0,0,6144,2073600,2073600,1080,11127,FULL,-200,200,-200,-200,-200,200,-200,200,100
1782678303,0,4096,4096,0,0,0,0,0,0,8192,2073600,2073600,1080,11127,FULL,-200,200,-200,-200,-200,200,-200,200,100
1782678304,0,4096,4096,0,0,0,0,0,0,12288,2073600,2073600,1080,11127,FULL,-200,200,-200,-200,-200,200,-200,200,100
1782678305,0,4096,4096,0,0,0,0,0,0,16384,645583,2073600,336,63865,short,-200,200,-200,-200,-200,200,-200,200,100
1782678306,0,4096,4096,0,0,0,0,0,0,24576,645365,2073600,337,415,short,-200,200,-200,-200,-200,200,-200,200,100
1782678315,0,4096,4096,0,0,0,0,0,0,4096,2073600,2073600,1080,11279,FULL,200,200,-200,-200,-200,200,-200,200,100
1782678316,0,4096,4096,0,0,0,0,0,0,6144,2073600,2073600,1080,11297,FULL,200,200,-200,-200,-200,200,-200,200,100
1782678317,0,4096,4096,0,0,0,0,0,0,8192,2073600,2073600,1080,11275,FULL,200,200,-200,-200,-200,200,-200,200,100
1782678318,0,4096,4096,0,0,0,0,0,0,12288,2073600,2073600,1080,11274,FULL,200,200,-200,-200,-200,200,-200,200,100
1782678319,0,4096,4096,0,0,0,0,0,0,16384,2073600,2073600,1080,11277,FULL,200,200,-200,-200,-200,200,-200,200,100
1782678321,0,4096,4096,0,0,0,0,0,0,24576,2073600,2073600,1080,11283,FULL,200,200,-200,-200,-200,200,-200,200,100
1782678329,0,4096,4096,0,0,0,0,0,0,4096,2073600,2073600,1080,11127,FULL,-200,-200,200,-200,-200,200,-200,200,100
1782678330,0,4096,4096,0,0,0,0,0,0,6144,2073600,2073600,1080,11127,FULL,-200,-200,200,-200,-200,200,-200,200,100
1782678331,0,4096,4096,0,0,0,0,0,0,8192,2073600,2073600,1080,11127,FULL,-200,-200,200,-200,-200,200,-200,200,100
1782678332,0,4096,4096,0,0,0,0,0,0,12288,2073600,2073600,1080,11127,FULL,-200,-200,200,-200,-200,200,-200,200,100
1782678333,0,4096,4096,0,0,0,0,0,0,16384,2073600,2073600,1080,11127,FULL,-200,-200,200,-200,-200,200,-200,200,100
1782678335,0,4096,4096,0,0,0,0,0,0,24576,2073600,2073600,1080,11127,FULL,-200,-200,200,-200,-200,200,-200,200,100
1782678344,0,4096,4096,0,0,0,0,0,0,4096,2073600,2073600,1080,11127,FULL,200,-200,200,-200,-200,200,-200,200,100
1782678344,0,4096,4096,0,0,0,0,0,0,6144,2073600,2073600,1080,11127,FULL,200,-200,200,-200,-200,200,-200,200,100
1782678345,0,4096,4096,0,0,0,0,0,0,8192,2073600,2073600,1080,11127,FULL,200,-200,200,-200,-200,200,-200,200,100
1782678346,0,4096,4096,0,0,0,0,0,0,12288,2073600,2073600,1080,11127,FULL,200,-200,200,-200,-200,200,-200,200,100
1782678348,0,4096,4096,0,0,0,0,0,0,16384,2073600,2073600,1080,11127,FULL,200,-200,200,-200,-200,200,-200,200,100
1782678349,0,4096,4096,0,0,0,0,0,0,24576,2073600,2073600,1080,11127,FULL,200,-200,200,-200,-200,200,-200,200,100
1782678358,0,4096,4096,0,0,0,0,0,0,4096,2073600,2073600,1080,11127,FULL,-200,200,200,-200,-200,200,-200,200,100
1782678359,0,4096,4096,0,0,0,0,0,0,6144,2073600,2073600,1080,11127,FULL,-200,200,200,-200,-200,200,-200,200,100
1782678360,0,4096,4096,0,0,0,0,0,0,8192,2073600,2073600,1080,11127,FULL,-200,200,200,-200,-200,200,-200,200,100
1782678361,0,4096,4096,0,0,0,0,0,0,12288,2073600,2073600,1080,11127,FULL,-200,200,200,-200,-200,200,-200,200,100
1782678362,0,4096,4096,0,0,0,0,0,0,16384,2073600,2073600,1080,11127,FULL,-200,200,200,-200,-200,200,-200,200,100
1782678363,0,4096,4096,0,0,0,0,0,0,24576,2073600,2073600,1080,11127,FULL,-200,200,200,-200,-200,200,-200,200,100
1782678372,0,4096,4096,0,0,0,0,0,0,4096,2073600,2073600,1080,11467,FULL,200,200,200,-200,-200,200,-200,200,100
1782678373,0,4096,4096,0,0,0,0,0,0,6144,2073600,2073600,1080,11469,FULL,200,200,200,-200,-200,200,-200,200,100
1782678374,0,4096,4096,0,0,0,0,0,0,8192,2073600,2073600,1080,11461,FULL,200,200,200,-200,-200,200,-200,200,100
1782678375,0,4096,4096,0,0,0,0,0,0,12288,2073600,2073600,1080,11488,FULL,200,200,200,-200,-200,200,-200,200,100
1782678376,0,4096,4096,0,0,0,0,0,0,16384,2073600,2073600,1080,11463,FULL,200,200,200,-200,-200,200,-200,200,100
1782678377,0,4096,4096,0,0,0,0,0,0,24576,2073600,2073600,1080,11495,FULL,200,200,200,-200,-200,200,-200,200,100
1782678386,0,4096,4096,0,0,0,0,0,0,4096,2073600,2073600,1080,11127,FULL,-200,-200,-200,200,-200,200,-200,200,100
1782678387,0,4096,4096,0,0,0,0,0,0,6144,2073600,2073600,1080,11127,FULL,-200,-200,-200,200,-200,200,-200,200,100
1782678388,0,4096,4096,0,0,0,0,0,0,8192,2073600,2073600,1080,11127,FULL,-200,-200,-200,200,-200,200,-200,200,100
1782678389,0,4096,4096,0,0,0,0,0,0,12288,2073600,2073600,1080,11127,FULL,-200,-200,-200,200,-200,200,-200,200,100
1782678390,0,4096,4096,0,0,0,0,0,0,16384,2073600,2073600,1080,11127,FULL,-200,-200,-200,200,-200,200,-200,200,100
1782678392,0,4096,4096,0,0,0,0,0,0,24576,2073600,2073600,1080,0,FULL,-200,-200,-200,200,-200,200,-200,200,100
1782678400,0,4096,4096,0,0,0,0,0,0,4096,2073600,2073600,1080,11127,FULL,200,-200,-200,200,-200,200,-200,200,100
1782678401,0,4096,4096,0,0,0,0,0,0,6144,2073600,2073600,1080,11127,FULL,200,-200,-200,200,-200,200,-200,200,100
1782678402,0,4096,4096,0,0,0,0,0,0,8192,2073600,2073600,1080,11127,FULL,200,-200,-200,200,-200,200,-200,200,100
1782678403,0,4096,4096,0,0,0,0,0,0,12288,2073600,2073600,1080,11127,FULL,200,-200,-200,200,-200,200,-200,200,100
1782678404,0,4096,4096,0,0,0,0,0,0,16384,2073600,2073600,1080,11127,FULL,200,-200,-200,200,-200,200,-200,200,100
1782678406,0,4096,4096,0,0,0,0,0,0,24576,2073600,2073600,1080,11127,FULL,200,-200,-200,200,-200,200,-200,200,100
1782678415,0,4096,4096,0,0,0,0,0,0,4096,340320,2073600,177,45838,short,-200,200,-200,200,-200,200,-200,200,100
1782678415,0,4096,4096,0,0,0,0,0,0,6144,2073600,2073600,1080,11127,FULL,-200,200,-200,200,-200,200,-200,200,100
1782678416,0,4096,4096,0,0,0,0,0,0,8192,2073600,2073600,1080,11127,FULL,-200,200,-200,200,-200,200,-200,200,100
1782678417,0,4096,4096,0,0,0,0,0,0,12288,2073600,2073600,1080,11127,FULL,-200,200,-200,200,-200,200,-200,200,100
1782678419,0,4096,4096,0,0,0,0,0,0,16384,2073600,2073600,1080,11127,FULL,-200,200,-200,200,-200,200,-200,200,100
1782678420,0,4096,4096,0,0,0,0,0,0,24576,2073600,2073600,1080,11127,FULL,-200,200,-200,200,-200,200,-200,200,100
1782678429,0,4096,4096,0,0,0,0,0,0,4096,451857,2073600,235,57748,short,200,200,-200,200,-200,200,-200,200,100
1782678430,0,4096,4096,0,0,0,0,0,0,6144,2073600,2073600,1080,11276,FULL,200,200,-200,200,-200,200,-200,200,100
1782678431,0,4096,4096,0,0,0,0,0,0,8192,2073600,2073600,1080,11273,FULL,200,200,-200,200,-200,200,-200,200,100
1782678432,0,4096,4096,0,0,0,0,0,0,12288,2073600,2073600,1080,11273,FULL,200,200,-200,200,-200,200,-200,200,100
1782678433,0,4096,4096,0,0,0,0,0,0,16384,2073600,2073600,1080,11291,FULL,200,200,-200,200,-200,200,-200,200,100
1782678434,0,4096,4096,0,0,0,0,0,0,24576,2073600,2073600,1080,11275,FULL,200,200,-200,200,-200,200,-200,200,100
1782678443,0,4096,4096,0,0,0,0,0,0,4096,2073600,2073600,1080,11127,FULL,-200,-200,200,200,-200,200,-200,200,100
1782678444,0,4096,4096,0,0,0,0,0,0,6144,2073600,2073600,1080,11127,FULL,-200,-200,200,200,-200,200,-200,200,100
1782678445,0,4096,4096,0,0,0,0,0,0,8192,2073600,2073600,1080,11127,FULL,-200,-200,200,200,-200,200,-200,200,100
1782678446,0,4096,4096,0,0,0,0,0,0,12288,2073600,2073600,1080,11127,FULL,-200,-200,200,200,-200,200,-200,200,100
1782678447,0,4096,4096,0,0,0,0,0,0,16384,2073600,2073600,1080,11127,FULL,-200,-200,200,200,-200,200,-200,200,100
1782678448,0,4096,4096,0,0,0,0,0,0,24576,2073600,2073600,1080,11127,FULL,-200,-200,200,200,-200,200,-200,200,100
1782678457,0,4096,4096,0,0,0,0,0,0,4096,2073600,2073600,1080,11127,FULL,200,-200,200,200,-200,200,-200,200,100
1782678458,0,4096,4096,0,0,0,0,0,0,6144,2073600,2073600,1080,11127,FULL,200,-200,200,200,-200,200,-200,200,100
1782678459,0,4096,4096,0,0,0,0,0,0,8192,2073600,2073600,1080,11127,FULL,200,-200,200,200,-200,200,-200,200,100
1782678460,0,4096,4096,0,0,0,0,0,0,12288,2073600,2073600,1080,11127,FULL,200,-200,200,200,-200,200,-200,200,100
1782678461,0,4096,4096,0,0,0,0,0,0,16384,2073600,2073600,1080,11127,FULL,200,-200,200,200,-200,200,-200,200,100
1782678463,0,4096,4096,0,0,0,0,0,0,24576,2073600,2073600,1080,11127,FULL,200,-200,200,200,-200,200,-200,200,100
1782678471,0,4096,4096,0,0,0,0,0,0,4096,2073600,2073600,1080,227,FULL,-200,200,200,200,-200,200,-200,200,100
1782678472,0,4096,4096,0,0,0,0,0,0,6144,2073600,2073600,1080,11127,FULL,-200,200,200,200,-200,200,-200,200,100
1782678473,0,4096,4096,0,0,0,0,0,0,8192,2073600,2073600,1080,11127,FULL,-200,200,200,200,-200,200,-200,200,100
1782678474,0,4096,4096,0,0,0,0,0,0,12288,2073600,2073600,1080,11127,FULL,-200,200,200,200,-200,200,-200,200,100
1782678475,0,4096,4096,0,0,0,0,0,0,16384,2073600,2073600,1080,11127,FULL,-200,200,200,200,-200,200,-200,200,100
1782678477,0,4096,4096,0,0,0,0,0,0,24576,2073600,2073600,1080,11127,FULL,-200,200,200,200,-200,200,-200,200,100
1782678486,0,4096,4096,0,0,0,0,0,0,4096,2073600,2073600,1080,11285,FULL,200,200,200,200,-200,200,-200,200,100
1782678487,0,4096,4096,0,0,0,0,0,0,6144,2073600,2073600,1080,11281,FULL,200,200,200,200,-200,200,-200,200,100
1782678488,0,4096,4096,0,0,0,0,0,0,8192,2073600,2073600,1080,11308,FULL,200,200,200,200,-200,200,-200,200,100
1782678489,0,4096,4096,0,0,0,0,0,0,12288,2073600,2073600,1080,11277,FULL,200,200,200,200,-200,200,-200,200,100
1782678490,0,4096,4096,0,0,0,0,0,0,16384,2073600,2073600,1080,11276,FULL,200,200,200,200,-200,200,-200,200,100
1782678491,0,4096,4096,0,0,0,0,0,0,24576,2073600,2073600,1080,11278,FULL,200,200,200,200,-200,200,-200,200,100
1782678500,0,4096,4096,0,0,0,0,0,0,4096,839738,2073600,438,47428,short,-200,-200,-200,-200,200,200,-200,200,100
1782678501,0,4096,4096,0,0,0,0,0,0,6144,2073600,2073600,1080,11127,FULL,-200,-200,-200,-200,200,200,-200,200,100
1782678502,0,4096,4096,0,0,0,0,0,0,8192,2073600,2073600,1080,11127,FULL,-200,-200,-200,-200,200,200,-200,200,100
1782678503,0,4096,4096,0,0,0,0,0,0,12288,2073600,2073600,1080,11127,FULL,-200,-200,-200,-200,200,200,-200,200,100
1782678504,0,4096,4096,0,0,0,0,0,0,16384,2073600,2073600,1080,11127,FULL,-200,-200,-200,-200,200,200,-200,200,100
1782678505,0,4096,4096,0,0,0,0,0,0,24576,2073600,2073600,1080,11127,FULL,-200,-200,-200,-200,200,200,-200,200,100
1782678514,0,4096,4096,0,0,0,0,0,0,4096,2073600,2073600,1080,11127,FULL,200,-200,-200,-200,200,200,-200,200,100
1782678515,0,4096,4096,0,0,0,0,0,0,6144,2073600,2073600,1080,11127,FULL,200,-200,-200,-200,200,200,-200,200,100
1782678516,0,4096,4096,0,0,0,0,0,0,8192,2073600,2073600,1080,11127,FULL,200,-200,-200,-200,200,200,-200,200,100
1782678517,0,4096,4096,0,0,0,0,0,0,12288,2073600,2073600,1080,11127,FULL,200,-200,-200,-200,200,200,-200,200,100
1782678518,0,4096,4096,0,0,0,0,0,0,16384,2073600,2073600,1080,11127,FULL,200,-200,-200,-200,200,200,-200,200,100
1782678519,0,4096,4096,0,0,0,0,0,0,24576,2073600,2073600,1080,11127,FULL,200,-200,-200,-200,200,200,-200,200,100
1782678528,0,4096,4096,0,0,0,0,0,0,4096,2073600,2073600,1080,11127,FULL,-200,200,-200,-200,200,200,-200,200,100
1782678529,0,4096,4096,0,0,0,0,0,0,6144,2073600,2073600,1080,11127,FULL,-200,200,-200,-200,200,200,-200,200,100
1782678530,0,4096,4096,0,0,0,0,0,0,8192,2073600,2073600,1080,11127,FULL,-200,200,-200,-200,200,200,-200,200,100
1782678531,0,4096,4096,0,0,0,0,0,0,12288,594833,2073600,310,55295,short,-200,200,-200,-200,200,200,-200,200,100
1782678532,0,4096,4096,0,0,0,0,0,0,16384,594774,2073600,310,53437,short,-200,200,-200,-200,200,200,-200,200,100
1782678534,0,4096,4096,0,0,0,0,0,0,24576,594763,2073600,310,59713,short,-200,200,-200,-200,200,200,-200,200,100
1782678542,0,4096,4096,0,0,0,0,0,0,4096,2073600,2073600,1080,11486,FULL,200,200,-200,-200,200,200,-200,200,100
1782678543,0,4096,4096,0,0,0,0,0,0,6144,2073600,2073600,1080,11530,FULL,200,200,-200,-200,200,200,-200,200,100
1782678544,0,4096,4096,0,0,0,0,0,0,8192,2073600,2073600,1080,11489,FULL,200,200,-200,-200,200,200,-200,200,100
1782678545,0,4096,4096,0,0,0,0,0,0,12288,2073600,2073600,1080,11510,FULL,200,200,-200,-200,200,200,-200,200,100
1782678547,0,4096,4096,0,0,0,0,0,0,16384,661323,2073600,344,45938,short,200,200,-200,-200,200,200,-200,200,100
1782678548,0,4096,4096,0,0,0,0,0,0,24576,661182,2073600,344,45177,short,200,200,-200,-200,200,200,-200,200,100
1782678557,0,4096,4096,0,0,0,0,0,0,4096,2073600,2073600,1080,11127,FULL,-200,-200,200,-200,200,200,-200,200,100
1782678558,0,4096,4096,0,0,0,0,0,0,6144,2073600,2073600,1080,11127,FULL,-200,-200,200,-200,200,200,-200,200,100
1782678559,0,4096,4096,0,0,0,0,0,0,8192,2073600,2073600,1080,11127,FULL,-200,-200,200,-200,200,200,-200,200,100
1782678560,0,4096,4096,0,0,0,0,0,0,12288,2073600,2073600,1080,11127,FULL,-200,-200,200,-200,200,200,-200,200,100
1782678561,0,4096,4096,0,0,0,0,0,0,16384,2073600,2073600,1080,11127,FULL,-200,-200,200,-200,200,200,-200,200,100
1782678562,0,4096,4096,0,0,0,0,0,0,24576,2073600,2073600,1080,11127,FULL,-200,-200,200,-200,200,200,-200,200,100
1782678571,0,4096,4096,0,0,0,0,0,0,4096,2073600,2073600,1080,11127,FULL,200,-200,200,-200,200,200,-200,200,100
1782678572,0,4096,4096,0,0,0,0,0,0,6144,2073600,2073600,1080,11127,FULL,200,-200,200,-200,200,200,-200,200,100
1782678573,0,4096,4096,0,0,0,0,0,0,8192,2073600,2073600,1080,11127,FULL,200,-200,200,-200,200,200,-200,200,100
1782678574,0,4096,4096,0,0,0,0,0,0,12288,2073600,2073600,1080,11127,FULL,200,-200,200,-200,200,200,-200,200,100
1782678575,0,4096,4096,0,0,0,0,0,0,16384,2073600,2073600,1080,11127,FULL,200,-200,200,-200,200,200,-200,200,100
1782678576,0,4096,4096,0,0,0,0,0,0,24576,2073600,2073600,1080,11127,FULL,200,-200,200,-200,200,200,-200,200,100
1782678585,0,4096,4096,0,0,0,0,0,0,4096,2073600,2073600,1080,11127,FULL,-200,200,200,-200,200,200,-200,200,100
1782678586,0,4096,4096,0,0,0,0,0,0,6144,2073600,2073600,1080,11127,FULL,-200,200,200,-200,200,200,-200,200,100
1782678587,0,4096,4096,0,0,0,0,0,0,8192,2073600,2073600,1080,11127,FULL,-200,200,200,-200,200,200,-200,200,100
1782678588,0,4096,4096,0,0,0,0,0,0,12288,2073600,2073600,1080,11127,FULL,-200,200,200,-200,200,200,-200,200,100
1782678589,0,4096,4096,0,0,0,0,0,0,16384,2073600,2073600,1080,11127,FULL,-200,200,200,-200,200,200,-200,200,100
1782678591,0,4096,4096,0,0,0,0,0,0,24576,2073600,2073600,1080,11127,FULL,-200,200,200,-200,200,200,-200,200,100
1782678599,0,4096,4096,0,0,0,0,0,0,4096,2073600,2073600,1080,11289,FULL,200,200,200,-200,200,200,-200,200,100
1782678600,0,4096,4096,0,0,0,0,0,0,6144,2073600,2073600,1080,11295,FULL,200,200,200,-200,200,200,-200,200,100
1782678601,0,4096,4096,0,0,0,0,0,0,8192,2073600,2073600,1080,11284,FULL,200,200,200,-200,200,200,-200,200,100
1782678602,0,4096,4096,0,0,0,0,0,0,12288,2073600,2073600,1080,11276,FULL,200,200,200,-200,200,200,-200,200,100
1782678603,0,4096,4096,0,0,0,0,0,0,16384,2073600,2073600,1080,11279,FULL,200,200,200,-200,200,200,-200,200,100
1782678605,0,4096,4096,0,0,0,0,0,0,24576,2073600,2073600,1080,11301,FULL,200,200,200,-200,200,200,-200,200,100
1782678614,0,4096,4096,0,0,0,0,0,0,4096,2073600,2073600,1080,11127,FULL,-200,-200,-200,200,200,200,-200,200,100
1782678614,0,4096,4096,0,0,0,0,0,0,6144,2073600,2073600,1080,11127,FULL,-200,-200,-200,200,200,200,-200,200,100
1782678615,0,4096,4096,0,0,0,0,0,0,8192,2073600,2073600,1080,11127,FULL,-200,-200,-200,200,200,200,-200,200,100
1782678616,0,4096,4096,0,0,0,0,0,0,12288,2073600,2073600,1080,11127,FULL,-200,-200,-200,200,200,200,-200,200,100
1782678618,0,4096,4096,0,0,0,0,0,0,16384,2073600,2073600,1080,11127,FULL,-200,-200,-200,200,200,200,-200,200,100
1782678619,0,4096,4096,0,0,0,0,0,0,24576,2073600,2073600,1080,11127,FULL,-200,-200,-200,200,200,200,-200,200,100
1782678628,0,4096,4096,0,0,0,0,0,0,4096,2073600,2073600,1080,11127,FULL,200,-200,-200,200,200,200,-200,200,100
1782678629,0,4096,4096,0,0,0,0,0,0,6144,2073600,2073600,1080,11127,FULL,200,-200,-200,200,200,200,-200,200,100
1782678630,0,4096,4096,0,0,0,0,0,0,8192,2073600,2073600,1080,11127,FULL,200,-200,-200,200,200,200,-200,200,100
1782678631,0,4096,4096,0,0,0,0,0,0,12288,2073600,2073600,1080,11127,FULL,200,-200,-200,200,200,200,-200,200,100
1782678632,0,4096,4096,0,0,0,0,0,0,16384,2073600,2073600,1080,11127,FULL,200,-200,-200,200,200,200,-200,200,100
1782678633,0,4096,4096,0,0,0,0,0,0,24576,2073600,2073600,1080,11127,FULL,200,-200,-200,200,200,200,-200,200,100
1782678642,0,4096,4096,0,0,0,0,0,0,4096,2073600,2073600,1080,101,FULL,-200,200,-200,200,200,200,-200,200,100
1782678643,0,4096,4096,0,0,0,0,0,0,6144,2073600,2073600,1080,11127,FULL,-200,200,-200,200,200,200,-200,200,100
1782678644,0,4096,4096,0,0,0,0,0,0,8192,2073600,2073600,1080,11127,FULL,-200,200,-200,200,200,200,-200,200,100
1782678645,0,4096,4096,0,0,0,0,0,0,12288,2073600,2073600,1080,11127,FULL,-200,200,-200,200,200,200,-200,200,100
1782678646,0,4096,4096,0,0,0,0,0,0,16384,2073600,2073600,1080,11127,FULL,-200,200,-200,200,200,200,-200,200,100
1782678647,0,4096,4096,0,0,0,0,0,0,24576,2073600,2073600,1080,11127,FULL,-200,200,-200,200,200,200,-200,200,100
1782678656,0,4096,4096,0,0,0,0,0,0,4096,2073600,2073600,1080,11279,FULL,200,200,-200,200,200,200,-200,200,100
1782678657,0,4096,4096,0,0,0,0,0,0,6144,2073600,2073600,1080,11273,FULL,200,200,-200,200,200,200,-200,200,100
1782678658,0,4096,4096,0,0,0,0,0,0,8192,2073600,2073600,1080,11273,FULL,200,200,-200,200,200,200,-200,200,100
1782678659,0,4096,4096,0,0,0,0,0,0,12288,2073600,2073600,1080,11304,FULL,200,200,-200,200,200,200,-200,200,100
1782678660,0,4096,4096,0,0,0,0,0,0,16384,2073600,2073600,1080,11275,FULL,200,200,-200,200,200,200,-200,200,100
1782678662,0,4096,4096,0,0,0,0,0,0,24576,2073600,2073600,1080,11282,FULL,200,200,-200,200,200,200,-200,200,100
1782678670,0,4096,4096,0,0,0,0,0,0,4096,2073600,2073600,1080,11127,FULL,-200,-200,200,200,200,200,-200,200,100
1782678671,0,4096,4096,0,0,0,0,0,0,6144,2073600,2073600,1080,11127,FULL,-200,-200,200,200,200,200,-200,200,100
1782678672,0,4096,4096,0,0,0,0,0,0,8192,2073600,2073600,1080,11127,FULL,-200,-200,200,200,200,200,-200,200,100
1782678673,0,4096,4096,0,0,0,0,0,0,12288,2073600,2073600,1080,11127,FULL,-200,-200,200,200,200,200,-200,200,100
1782678674,0,4096,4096,0,0,0,0,0,0,16384,2073600,2073600,1080,11127,FULL,-200,-200,200,200,200,200,-200,200,100
1782678676,0,4096,4096,0,0,0,0,0,0,24576,2073600,2073600,1080,11127,FULL,-200,-200,200,200,200,200,-200,200,100
1782678685,0,4096,4096,0,0,0,0,0,0,4096,2073600,2073600,1080,11127,FULL,200,-200,200,200,200,200,-200,200,100
1782678686,0,4096,4096,0,0,0,0,0,0,6144,2073600,2073600,1080,11127,FULL,200,-200,200,200,200,200,-200,200,100
1782678686,0,4096,4096,0,0,0,0,0,0,8192,2073600,2073600,1080,11127,FULL,200,-200,200,200,200,200,-200,200,100
1782678688,0,4096,4096,0,0,0,0,0,0,12288,2073600,2073600,1080,11127,FULL,200,-200,200,200,200,200,-200,200,100
1782678689,0,4096,4096,0,0,0,0,0,0,16384,2073600,2073600,1080,11127,FULL,200,-200,200,200,200,200,-200,200,100
1782678690,0,4096,4096,0,0,0,0,0,0,24576,2073600,2073600,1080,11127,FULL,200,-200,200,200,200,200,-200,200,100
1782678699,0,4096,4096,0,0,0,0,0,0,4096,2073600,2073600,1080,11127,FULL,-200,200,200,200,200,200,-200,200,100
1782678700,0,4096,4096,0,0,0,0,0,0,6144,2073600,2073600,1080,11127,FULL,-200,200,200,200,200,200,-200,200,100
1782678701,0,4096,4096,0,0,0,0,0,0,8192,2073600,2073600,1080,11127,FULL,-200,200,200,200,200,200,-200,200,100
1782678702,0,4096,4096,0,0,0,0,0,0,12288,2073600,2073600,1080,11127,FULL,-200,200,200,200,200,200,-200,200,100
1782678703,0,4096,4096,0,0,0,0,0,0,16384,2073600,2073600,1080,11127,FULL,-200,200,200,200,200,200,-200,200,100
1782678704,0,4096,4096,0,0,0,0,0,0,24576,2073600,2073600,1080,11127,FULL,-200,200,200,200,200,200,-200,200,100
1782678713,0,4096,4096,0,0,0,0,0,0,4096,2073600,2073600,1080,11277,FULL,200,200,200,200,200,200,-200,200,100
1782678714,0,4096,4096,0,0,0,0,0,0,6144,2073600,2073600,1080,11295,FULL,200,200,200,200,200,200,-200,200,100
1782678715,0,4096,4096,0,0,0,0,0,0,8192,2073600,2073600,1080,11276,FULL,200,200,200,200,200,200,-200,200,100
1782678716,0,4096,4096,0,0,0,0,0,0,12288,2073600,2073600,1080,11277,FULL,200,200,200,200,200,200,-200,200,100
1782678717,0,4096,4096,0,0,0,0,0,0,16384,2073600,2073600,1080,11274,FULL,200,200,200,200,200,200,-200,200,100
1782678718,0,4096,4096,0,0,0,0,0,0,24576,2073600,2073600,1080,11304,FULL,200,200,200,200,200,200,-200,200,100
1782678727,0,4096,4096,0,0,0,0,0,0,4096,743910,2073600,387,17351,short,-200,-200,-200,-200,-200,-200,200,200,100
1782678728,0,4096,4096,0,0,0,0,0,0,6144,743847,2073600,387,17665,short,-200,-200,-200,-200,-200,-200,200,200,100
1782678729,0,4096,4096,0,0,0,0,0,0,8192,743847,2073600,387,18321,short,-200,-200,-200,-200,-200,-200,200,200,100
1782678730,0,4096,4096,0,0,0,0,0,0,12288,743890,2073600,387,16343,short,-200,-200,-200,-200,-200,-200,200,200,100
1782678731,0,4096,4096,0,0,0,0,0,0,16384,743869,2073600,387,14031,short,-200,-200,-200,-200,-200,-200,200,200,100
1782678733,0,4096,4096,0,0,0,0,0,0,24576,743781,2073600,387,16512,short,-200,-200,-200,-200,-200,-200,200,200,100
1782678742,0,4096,4096,0,0,0,0,0,0,4096,764118,2073600,398,62726,short,200,-200,-200,-200,-200,-200,200,200,100
1782678742,0,4096,4096,0,0,0,0,0,0,6144,764103,2073600,398,59859,short,200,-200,-200,-200,-200,-200,200,200,100
1782678743,0,4096,4096,0,0,0,0,0,0,8192,764156,2073600,398,61865,short,200,-200,-200,-200,-200,-200,200,200,100
1782678744,0,4096,4096,0,0,0,0,0,0,12288,764110,2073600,398,61376,short,200,-200,-200,-200,-200,-200,200,200,100
1782678746,0,4096,4096,0,0,0,0,0,0,16384,764110,2073600,397,61753,short,200,-200,-200,-200,-200,-200,200,200,100
1782678747,0,4096,4096,0,0,0,0,0,0,24576,764103,2073600,398,64250,short,200,-200,-200,-200,-200,-200,200,200,100
1782678756,0,4096,4096,0,0,0,0,0,0,4096,627492,2073600,327,24967,short,-200,200,-200,-200,-200,-200,200,200,100
1782678757,0,4096,4096,0,0,0,0,0,0,6144,627469,2073600,327,21749,short,-200,200,-200,-200,-200,-200,200,200,100
1782678758,0,4096,4096,0,0,0,0,0,0,8192,627478,2073600,327,21394,short,-200,200,-200,-200,-200,-200,200,200,100
1782678759,0,4096,4096,0,0,0,0,0,0,12288,627506,2073600,327,24604,short,-200,200,-200,-200,-200,-200,200,200,100
1782678760,0,4096,4096,0,0,0,0,0,0,16384,627499,2073600,327,23475,short,-200,200,-200,-200,-200,-200,200,200,100
1782678761,0,4096,4096,0,0,0,0,0,0,24576,627449,2073600,327,25127,short,-200,200,-200,-200,-200,-200,200,200,100
1782678770,0,4096,4096,0,0,0,0,0,0,4096,686706,2073600,365,9415,short,200,200,-200,-200,-200,-200,200,200,100
1782678771,0,4096,4096,0,0,0,0,0,0,6144,700480,2073600,365,10490,short,200,200,-200,-200,-200,-200,200,200,100
1782678772,0,4096,4096,0,0,0,0,0,0,8192,700481,2073600,365,13015,short,200,200,-200,-200,-200,-200,200,200,100
1782678773,0,4096,4096,0,0,0,0,0,0,12288,700531,2073600,365,10271,short,200,200,-200,-200,-200,-200,200,200,100
1782678774,0,4096,4096,0,0,0,0,0,0,16384,700517,2073600,366,11160,short,200,200,-200,-200,-200,-200,200,200,100
1782678775,0,4096,4096,0,0,0,0,0,0,24576,700464,2073600,365,14844,short,200,200,-200,-200,-200,-200,200,200,100
1782678783,0,4096,4096,0,0,0,0,0,0,4096,999098,2073600,520,15791,short,-200,-200,200,-200,-200,-200,200,200,100
1782678784,0,4096,4096,0,0,0,0,0,0,6144,999320,2073600,520,13725,short,-200,-200,200,-200,-200,-200,200,200,100
1782678785,0,4096,4096,0,0,0,0,0,0,8192,998378,2073600,519,17375,short,-200,-200,200,-200,-200,-200,200,200,100
1782678786,0,4096,4096,0,0,0,0,0,0,12288,987254,2073600,514,26905,short,-200,-200,200,-200,-200,-200,200,200,100
1782678787,0,4096,4096,0,0,0,0,0,0,16384,982168,2073600,511,32248,short,-200,-200,200,-200,-200,-200,200,200,100
1782678788,0,4096,4096,0,0,0,0,0,0,24576,1367413,2073600,711,31161,short,-200,-200,200,-200,-200,-200,200,200,100
1782678789,0,4096,4096,0,0,0,0,0,0,4096,994558,2073600,517,21888,short,-200,-200,200,-200,-200,-200,200,200,100
1782678790,0,4096,4096,0,0,0,0,0,0,6144,996871,2073600,519,18123,short,-200,-200,200,-200,-200,-200,200,200,100
1782678791,0,4096,4096,0,0,0,0,0,0,8192,998907,2073600,520,16441,short,-200,-200,200,-200,-200,-200,200,200,100
1782678792,0,4096,4096,0,0,0,0,0,0,12288,987411,2073600,514,26035,short,-200,-200,200,-200,-200,-200,200,200,100
1782678793,0,4096,4096,0,0,0,0,0,0,16384,982329,2073600,511,34949,short,-200,-200,200,-200,-200,-200,200,200,100
1782678795,0,4096,4096,0,0,0,0,0,0,24576,982837,2073600,511,31841,short,-200,-200,200,-200,-200,-200,200,200,100
1782678798,0,4096,4096,0,0,0,0,0,0,4096,1008850,2073600,525,5987,short,200,-200,200,-200,-200,-200,200,200,100
1782678799,0,4096,4096,0,0,0,0,0,0,6144,1009301,2073600,525,4629,short,200,-200,200,-200,-200,-200,200,200,100
1782678800,0,4096,4096,0,0,0,0,0,0,8192,1012905,2073600,527,64320,short,200,-200,200,-200,-200,-200,200,200,100
1782678801,0,4096,4096,0,0,0,0,0,0,12288,1015632,2073600,529,66,short,200,-200,200,-200,-200,-200,200,200,100
1782678802,0,4096,4096,0,0,0,0,0,0,16384,1462844,2073600,762,7272,short,200,-200,200,-200,-200,-200,200,200,100
1782678804,0,4096,4096,0,0,0,0,0,0,24576,997546,2073600,519,15579,short,200,-200,200,-200,-200,-200,200,200,100
1782678813,0,4096,4096,0,0,0,0,0,0,4096,1000581,2073600,521,11916,short,-200,200,200,-200,-200,-200,200,200,100
1782678813,0,4096,4096,0,0,0,0,0,0,6144,998909,2073600,520,11415,short,-200,200,200,-200,-200,-200,200,200,100
1782678814,0,4096,4096,0,0,0,0,0,0,8192,998068,2073600,520,13364,short,-200,200,200,-200,-200,-200,200,200,100
1782678815,0,4096,4096,0,0,0,0,0,0,12288,1000412,2073600,520,12060,short,-200,200,200,-200,-200,-200,200,200,100
1782678817,0,4096,4096,0,0,0,0,0,0,16384,1411965,2073600,734,60766,short,-200,200,200,-200,-200,-200,200,200,100
1782678818,0,4096,4096,0,0,0,0,0,0,24576,986839,2073600,513,26023,short,-200,200,200,-200,-200,-200,200,200,100
1782678827,0,4096,4096,0,0,0,0,0,0,4096,1009936,2073600,525,6140,short,200,200,200,-200,-200,-200,200,200,100
1782678828,0,4096,4096,0,0,0,0,0,0,6144,1489517,2073600,774,60105,short,200,200,200,-200,-200,-200,200,200,100
1782678829,0,4096,4096,0,0,0,0,0,0,8192,1471965,2073600,765,9459,short,200,200,200,-200,-200,-200,200,200,100
1782678830,0,4096,4096,0,0,0,0,0,0,12288,1019708,2073600,531,57154,short,200,200,200,-200,-200,-200,200,200,100
1782678831,0,4096,4096,0,0,0,0,0,0,16384,1415974,2073600,737,60227,short,200,200,200,-200,-200,-200,200,200,100
1782678832,0,4096,4096,0,0,0,0,0,0,24576,1359139,2073600,708,45474,short,200,200,200,-200,-200,-200,200,200,100
1782678841,0,4096,4096,0,0,0,0,0,0,4096,2073600,2073600,1080,11127,FULL,-200,-200,-200,200,-200,-200,200,200,100
1782678842,0,4096,4096,0,0,0,0,0,0,6144,2073600,2073600,1080,11127,FULL,-200,-200,-200,200,-200,-200,200,200,100
1782678843,0,4096,4096,0,0,0,0,0,0,8192,2073600,2073600,1080,11127,FULL,-200,-200,-200,200,-200,-200,200,200,100
1782678844,0,4096,4096,0,0,0,0,0,0,12288,2073600,2073600,1080,11127,FULL,-200,-200,-200,200,-200,-200,200,200,100
1782678845,0,4096,4096,0,0,0,0,0,0,16384,2073600,2073600,1080,11127,FULL,-200,-200,-200,200,-200,-200,200,200,100
1782678846,0,4096,4096,0,0,0,0,0,0,24576,409767,2073600,213,52924,short,-200,-200,-200,200,-200,-200,200,200,100
1782678855,0,4096,4096,0,0,0,0,0,0,4096,2073600,2073600,1080,11127,FULL,200,-200,-200,200,-200,-200,200,200,100
1782678856,0,4096,4096,0,0,0,0,0,0,6144,2073600,2073600,1080,11127,FULL,200,-200,-200,200,-200,-200,200,200,100
1782678857,0,4096,4096,0,0,0,0,0,0,8192,2073600,2073600,1080,11127,FULL,200,-200,-200,200,-200,-200,200,200,100
1782678858,0,4096,4096,0,0,0,0,0,0,12288,2073600,2073600,1080,11127,FULL,200,-200,-200,200,-200,-200,200,200,100
1782678859,0,4096,4096,0,0,0,0,0,0,16384,2073600,2073600,1080,11127,FULL,200,-200,-200,200,-200,-200,200,200,100
1782678861,0,4096,4096,0,0,0,0,0,0,24576,2073600,2073600,1080,11127,FULL,200,-200,-200,200,-200,-200,200,200,100
1782678869,0,4096,4096,0,0,0,0,0,0,4096,2073600,2073600,1080,11127,FULL,-200,200,-200,200,-200,-200,200,200,100
1782678870,0,4096,4096,0,0,0,0,0,0,6144,2073600,2073600,1080,11127,FULL,-200,200,-200,200,-200,-200,200,200,100
1782678871,0,4096,4096,0,0,0,0,0,0,8192,2073600,2073600,1080,11127,FULL,-200,200,-200,200,-200,-200,200,200,100
1782678872,0,4096,4096,0,0,0,0,0,0,12288,2073600,2073600,1080,11127,FULL,-200,200,-200,200,-200,-200,200,200,100
1782678873,0,4096,4096,0,0,0,0,0,0,16384,268436,2073600,140,54954,short,-200,200,-200,200,-200,-200,200,200,100
1782678875,0,4096,4096,0,0,0,0,0,0,24576,268301,2073600,139,59124,short,-200,200,-200,200,-200,-200,200,200,100
1782678884,0,4096,4096,0,0,0,0,0,0,4096,2073600,2073600,1080,11274,FULL,200,200,-200,200,-200,-200,200,200,100
1782678885,0,4096,4096,0,0,0,0,0,0,6144,2073600,2073600,1080,11272,FULL,200,200,-200,200,-200,-200,200,200,100
1782678885,0,4096,4096,0,0,0,0,0,0,8192,2073600,2073600,1080,11280,FULL,200,200,-200,200,-200,-200,200,200,100
1782678887,0,4096,4096,0,0,0,0,0,0,12288,2073600,2073600,1080,11285,FULL,200,200,-200,200,-200,-200,200,200,100
1782678888,0,4096,4096,0,0,0,0,0,0,16384,2073600,2073600,1080,11272,FULL,200,200,-200,200,-200,-200,200,200,100
1782678889,0,4096,4096,0,0,0,0,0,0,24576,323628,2073600,168,8401,short,200,200,-200,200,-200,-200,200,200,100
1782678898,0,4096,4096,0,0,0,0,0,0,4096,2073600,2073600,1080,11127,FULL,-200,-200,200,200,-200,-200,200,200,100
1782678899,0,4096,4096,0,0,0,0,0,0,6144,2073600,2073600,1080,11127,FULL,-200,-200,200,200,-200,-200,200,200,100
1782678900,0,4096,4096,0,0,0,0,0,0,8192,2073600,2073600,1080,11127,FULL,-200,-200,200,200,-200,-200,200,200,100
1782678901,0,4096,4096,0,0,0,0,0,0,12288,2073600,2073600,1080,11127,FULL,-200,-200,200,200,-200,-200,200,200,100
1782678902,0,4096,4096,0,0,0,0,0,0,16384,2073600,2073600,1080,11127,FULL,-200,-200,200,200,-200,-200,200,200,100
1782678903,0,4096,4096,0,0,0,0,0,0,24576,2073600,2073600,1080,11127,FULL,-200,-200,200,200,-200,-200,200,200,100
1782678912,0,4096,4096,0,0,0,0,0,0,4096,540713,2073600,281,37230,short,200,-200,200,200,-200,-200,200,200,100
1782678913,0,4096,4096,0,0,0,0,0,0,6144,540738,2073600,281,39621,short,200,-200,200,200,-200,-200,200,200,100
1782678914,0,4096,4096,0,0,0,0,0,0,8192,540861,2073600,281,40981,short,200,-200,200,200,-200,-200,200,200,100
1782678915,0,4096,4096,0,0,0,0,0,0,12288,540636,2073600,281,36423,short,200,-200,200,200,-200,-200,200,200,100
1782678916,0,4096,4096,0,0,0,0,0,0,16384,540713,2073600,281,38863,short,200,-200,200,200,-200,-200,200,200,100
1782678917,0,4096,4096,0,0,0,0,0,0,24576,540691,2073600,281,37730,short,200,-200,200,200,-200,-200,200,200,100
1782678926,0,4096,4096,0,0,0,0,0,0,4096,437222,2073600,228,12947,short,-200,200,200,200,-200,-200,200,200,100
1782678927,0,4096,4096,0,0,0,0,0,0,6144,437242,2073600,227,12817,short,-200,200,200,200,-200,-200,200,200,100
1782678928,0,4096,4096,0,0,0,0,0,0,8192,437211,2073600,227,12063,short,-200,200,200,200,-200,-200,200,200,100
1782678929,0,4096,4096,0,0,0,0,0,0,12288,437411,2073600,228,12779,short,-200,200,200,200,-200,-200,200,200,100
1782678930,0,4096,4096,0,0,0,0,0,0,16384,437222,2073600,227,14114,short,-200,200,200,200,-200,-200,200,200,100
1782678932,0,4096,4096,0,0,0,0,0,0,24576,437375,2073600,228,13420,short,-200,200,200,200,-200,-200,200,200,100
1782678940,0,4096,4096,0,0,0,0,0,0,4096,456640,2073600,237,57550,short,200,200,200,200,-200,-200,200,200,100
1782678941,0,4096,4096,0,0,0,0,0,0,6144,399582,2073600,237,61253,short,200,200,200,200,-200,-200,200,200,100
1782678942,0,4096,4096,0,0,0,0,0,0,8192,456461,2073600,237,60313,short,200,200,200,200,-200,-200,200,200,100
1782678943,0,4096,4096,0,0,0,0,0,0,12288,456621,2073600,237,54670,short,200,200,200,200,-200,-200,200,200,100
1782678944,0,4096,4096,0,0,0,0,0,0,16384,456499,2073600,237,60839,short,200,200,200,200,-200,-200,200,200,100
1782678946,0,4096,4096,0,0,0,0,0,0,24576,456715,2073600,237,61019,short,200,200,200,200,-200,-200,200,200,100
1782678955,0,4096,4096,0,0,0,0,0,0,4096,781459,2073600,407,42785,short,-200,-200,-200,-200,200,-200,200,200,100
1782678956,0,4096,4096,0,0,0,0,0,0,6144,2073600,2073600,1080,11127,FULL,-200,-200,-200,-200,200,-200,200,200,100
1782678956,0,4096,4096,0,0,0,0,0,0,8192,2073600,2073600,1080,11127,FULL,-200,-200,-200,-200,200,-200,200,200,100
1782678958,0,4096,4096,0,0,0,0,0,0,12288,781768,2073600,407,43520,short,-200,-200,-200,-200,200,-200,200,200,100
1782678959,0,4096,4096,0,0,0,0,0,0,16384,781424,2073600,407,43089,short,-200,-200,-200,-200,200,-200,200,200,100
1782678960,0,4096,4096,0,0,0,0,0,0,24576,781636,2073600,407,45002,short,-200,-200,-200,-200,200,-200,200,200,100
1782678969,0,4096,4096,0,0,0,0,0,0,4096,825619,2073600,430,61226,short,200,-200,-200,-200,200,-200,200,200,100
1782678970,0,4096,4096,0,0,0,0,0,0,6144,2073600,2073600,1080,11127,FULL,200,-200,-200,-200,200,-200,200,200,100
1782678971,0,4096,4096,0,0,0,0,0,0,8192,2073600,2073600,1080,11127,FULL,200,-200,-200,-200,200,-200,200,200,100
1782678972,0,4096,4096,0,0,0,0,0,0,12288,2073600,2073600,1080,11127,FULL,200,-200,-200,-200,200,-200,200,200,100
1782678973,0,4096,4096,0,0,0,0,0,0,16384,825551,2073600,429,436,short,200,-200,-200,-200,200,-200,200,200,100
1782678974,0,4096,4096,0,0,0,0,0,0,24576,825508,2073600,429,64842,short,200,-200,-200,-200,200,-200,200,200,100
1782678983,0,4096,4096,0,0,0,0,0,0,4096,388526,2073600,202,24254,short,-200,200,-200,-200,200,-200,200,200,100
1782678984,0,4096,4096,0,0,0,0,0,0,6144,388594,2073600,202,29189,short,-200,200,-200,-200,200,-200,200,200,100
1782678985,0,4096,4096,0,0,0,0,0,0,8192,388760,2073600,202,27699,short,-200,200,-200,-200,200,-200,200,200,100
1782678986,0,4096,4096,0,0,0,0,0,0,12288,388727,2073600,202,27523,short,-200,200,-200,-200,200,-200,200,200,100
1782678987,0,4096,4096,0,0,0,0,0,0,16384,388526,2073600,202,26919,short,-200,200,-200,-200,200,-200,200,200,100
1782678989,0,4096,4096,0,0,0,0,0,0,24576,726181,2073600,378,18655,short,-200,200,-200,-200,200,-200,200,200,100
1782678997,0,4096,4096,0,0,0,0,0,0,4096,519455,2073600,270,5129,short,200,200,-200,-200,200,-200,200,200,100
1782678998,0,4096,4096,0,0,0,0,0,0,6144,519252,2073600,270,7105,short,200,200,-200,-200,200,-200,200,200,100
1782678999,0,4096,4096,0,0,0,0,0,0,8192,519447,2073600,270,8459,short,200,200,-200,-200,200,-200,200,200,100
1782679000,0,4096,4096,0,0,0,0,0,0,12288,515048,2073600,271,12648,short,200,200,-200,-200,200,-200,200,200,100
1782679001,0,4096,4096,0,0,0,0,0,0,16384,519103,2073600,270,7492,short,200,200,-200,-200,200,-200,200,200,100
1782679003,0,4096,4096,0,0,0,0,0,0,24576,519312,2073600,270,7115,short,200,200,-200,-200,200,-200,200,200,100
1782679011,0,4096,4096,0,0,0,0,0,0,4096,2073600,2073600,1080,11127,FULL,-200,-200,200,-200,200,-200,200,200,100
1782679012,0,4096,4096,0,0,0,0,0,0,6144,2073600,2073600,1080,11127,FULL,-200,-200,200,-200,200,-200,200,200,100
1782679013,0,4096,4096,0,0,0,0,0,0,8192,2073600,2073600,1080,11127,FULL,-200,-200,200,-200,200,-200,200,200,100
1782679014,0,4096,4096,0,0,0,0,0,0,12288,2073600,2073600,1080,11127,FULL,-200,-200,200,-200,200,-200,200,200,100
1782679016,0,4096,4096,0,0,0,0,0,0,16384,2073600,2073600,1080,11127,FULL,-200,-200,200,-200,200,-200,200,200,100
1782679017,0,4096,4096,0,0,0,0,0,0,24576,2073600,2073600,1080,11127,FULL,-200,-200,200,-200,200,-200,200,200,100
1782679026,0,4096,4096,0,0,0,0,0,0,4096,2073600,2073600,1080,11127,FULL,200,-200,200,-200,200,-200,200,200,100
1782679027,0,4096,4096,0,0,0,0,0,0,6144,2073600,2073600,1080,11127,FULL,200,-200,200,-200,200,-200,200,200,100
1782679028,0,4096,4096,0,0,0,0,0,0,8192,2073600,2073600,1080,11127,FULL,200,-200,200,-200,200,-200,200,200,100
1782679029,0,4096,4096,0,0,0,0,0,0,12288,2073600,2073600,1080,11127,FULL,200,-200,200,-200,200,-200,200,200,100
1782679030,0,4096,4096,0,0,0,0,0,0,16384,2073600,2073600,1080,11127,FULL,200,-200,200,-200,200,-200,200,200,100
1782679031,0,4096,4096,0,0,0,0,0,0,24576,2073600,2073600,1080,11127,FULL,200,-200,200,-200,200,-200,200,200,100
1782679040,0,4096,4096,0,0,0,0,0,0,4096,2073600,2073600,1080,11127,FULL,-200,200,200,-200,200,-200,200,200,100
1782679041,0,4096,4096,0,0,0,0,0,0,6144,2073600,2073600,1080,11127,FULL,-200,200,200,-200,200,-200,200,200,100
1782679042,0,4096,4096,0,0,0,0,0,0,8192,2073600,2073600,1080,11127,FULL,-200,200,200,-200,200,-200,200,200,100
1782679043,0,4096,4096,0,0,0,0,0,0,12288,2073600,2073600,1080,11127,FULL,-200,200,200,-200,200,-200,200,200,100
1782679044,0,4096,4096,0,0,0,0,0,0,16384,2073600,2073600,1080,11127,FULL,-200,200,200,-200,200,-200,200,200,100
1782679045,0,4096,4096,0,0,0,0,0,0,24576,2073600,2073600,1080,11127,FULL,-200,200,200,-200,200,-200,200,200,100
1782679054,0,4096,4096,0,0,0,0,0,0,4096,2073600,2073600,1080,11509,FULL,200,200,200,-200,200,-200,200,200,100
1782679055,0,4096,4096,0,0,0,0,0,0,6144,2073600,2073600,1080,11471,FULL,200,200,200,-200,200,-200,200,200,100
1782679056,0,4096,4096,0,0,0,0,0,0,8192,2073600,2073600,1080,11472,FULL,200,200,200,-200,200,-200,200,200,100
1782679057,0,4096,4096,0,0,0,0,0,0,12288,2073600,2073600,1080,11471,FULL,200,200,200,-200,200,-200,200,200,100
1782679058,0,4096,4096,0,0,0,0,0,0,16384,2073600,2073600,1080,11485,FULL,200,200,200,-200,200,-200,200,200,100
1782679060,0,4096,4096,0,0,0,0,0,0,24576,2073600,2073600,1080,11478,FULL,200,200,200,-200,200,-200,200,200,100
1782679068,0,4096,4096,0,0,0,0,0,0,4096,2073600,2073600,1080,11127,FULL,-200,-200,-200,200,200,-200,200,200,100
1782679069,0,4096,4096,0,0,0,0,0,0,6144,2073600,2073600,1080,11127,FULL,-200,-200,-200,200,200,-200,200,200,100
1782679070,0,4096,4096,0,0,0,0,0,0,8192,2073600,2073600,1080,11127,FULL,-200,-200,-200,200,200,-200,200,200,100
1782679071,0,4096,4096,0,0,0,0,0,0,12288,2073600,2073600,1080,0,FULL,-200,-200,-200,200,200,-200,200,200,100
1782679072,0,4096,4096,0,0,0,0,0,0,16384,432592,2073600,225,33726,short,-200,-200,-200,200,200,-200,200,200,100
1782679074,0,4096,4096,0,0,0,0,0,0,24576,432556,2073600,225,31258,short,-200,-200,-200,200,200,-200,200,200,100
1782679083,0,4096,4096,0,0,0,0,0,0,4096,2073600,2073600,1080,11127,FULL,200,-200,-200,200,200,-200,200,200,100
1782679083,0,4096,4096,0,0,0,0,0,0,6144,2073600,2073600,1080,11127,FULL,200,-200,-200,200,200,-200,200,200,100
1782679084,0,4096,4096,0,0,0,0,0,0,8192,2073600,2073600,1080,11127,FULL,200,-200,-200,200,200,-200,200,200,100
1782679085,0,4096,4096,0,0,0,0,0,0,12288,2073600,2073600,1080,11127,FULL,200,-200,-200,200,200,-200,200,200,100
1782679087,0,4096,4096,0,0,0,0,0,0,16384,2073600,2073600,1080,11127,FULL,200,-200,-200,200,200,-200,200,200,100
1782679088,0,4096,4096,0,0,0,0,0,0,24576,2073600,2073600,1080,11127,FULL,200,-200,-200,200,200,-200,200,200,100
1782679097,0,4096,4096,0,0,0,0,0,0,4096,2073600,2073600,1080,11127,FULL,-200,200,-200,200,200,-200,200,200,100
1782679098,0,4096,4096,0,0,0,0,0,0,6144,2073600,2073600,1080,11127,FULL,-200,200,-200,200,200,-200,200,200,100
1782679099,0,4096,4096,0,0,0,0,0,0,8192,2073600,2073600,1080,11127,FULL,-200,200,-200,200,200,-200,200,200,100
1782679100,0,4096,4096,0,0,0,0,0,0,12288,2073600,2073600,1080,11127,FULL,-200,200,-200,200,200,-200,200,200,100
1782679101,0,4096,4096,0,0,0,0,0,0,16384,2073600,2073600,1080,11127,FULL,-200,200,-200,200,200,-200,200,200,100
1782679102,0,4096,4096,0,0,0,0,0,0,24576,2073600,2073600,1080,11127,FULL,-200,200,-200,200,200,-200,200,200,100
1782679111,0,4096,4096,0,0,0,0,0,0,4096,2073600,2073600,1080,11273,FULL,200,200,-200,200,200,-200,200,200,100
1782679112,0,4096,4096,0,0,0,0,0,0,6144,2073600,2073600,1080,11291,FULL,200,200,-200,200,200,-200,200,200,100
1782679113,0,4096,4096,0,0,0,0,0,0,8192,2073600,2073600,1080,11275,FULL,200,200,-200,200,200,-200,200,200,100
1782679114,0,4096,4096,0,0,0,0,0,0,12288,2073600,2073600,1080,11281,FULL,200,200,-200,200,200,-200,200,200,100
1782679115,0,4096,4096,0,0,0,0,0,0,16384,2073600,2073600,1080,11294,FULL,200,200,-200,200,200,-200,200,200,100
1782679116,0,4096,4096,0,0,0,0,0,0,24576,2073600,2073600,1080,11276,FULL,200,200,-200,200,200,-200,200,200,100
1782679125,0,4096,4096,0,0,0,0,0,0,4096,2073600,2073600,1080,11127,FULL,-200,-200,200,200,200,-200,200,200,100
1782679126,0,4096,4096,0,0,0,0,0,0,6144,2073600,2073600,1080,11127,FULL,-200,-200,200,200,200,-200,200,200,100
1782679127,0,4096,4096,0,0,0,0,0,0,8192,2073600,2073600,1080,11127,FULL,-200,-200,200,200,200,-200,200,200,100
1782679128,0,4096,4096,0,0,0,0,0,0,12288,2073600,2073600,1080,11127,FULL,-200,-200,200,200,200,-200,200,200,100
1782679129,0,4096,4096,0,0,0,0,0,0,16384,2073600,2073600,1080,11127,FULL,-200,-200,200,200,200,-200,200,200,100
1782679131,0,4096,4096,0,0,0,0,0,0,24576,2073600,2073600,1080,11127,FULL,-200,-200,200,200,200,-200,200,200,100
1782679139,0,4096,4096,0,0,0,0,0,0,4096,2073600,2073600,1080,11127,FULL,200,-200,200,200,200,-200,200,200,100
1782679140,0,4096,4096,0,0,0,0,0,0,6144,2073600,2073600,1080,11127,FULL,200,-200,200,200,200,-200,200,200,100
1782679141,0,4096,4096,0,0,0,0,0,0,8192,2073600,2073600,1080,11127,FULL,200,-200,200,200,200,-200,200,200,100
1782679142,0,4096,4096,0,0,0,0,0,0,12288,2073600,2073600,1080,11127,FULL,200,-200,200,200,200,-200,200,200,100
1782679143,0,4096,4096,0,0,0,0,0,0,16384,2073600,2073600,1080,11127,FULL,200,-200,200,200,200,-200,200,200,100
1782679145,0,4096,4096,0,0,0,0,0,0,24576,2073600,2073600,1080,11127,FULL,200,-200,200,200,200,-200,200,200,100
1782679154,0,4096,4096,0,0,0,0,0,0,4096,2073600,2073600,1080,11127,FULL,-200,200,200,200,200,-200,200,200,100
1782679155,0,4096,4096,0,0,0,0,0,0,6144,2073600,2073600,1080,11127,FULL,-200,200,200,200,200,-200,200,200,100
1782679156,0,4096,4096,0,0,0,0,0,0,8192,2073600,2073600,1080,11127,FULL,-200,200,200,200,200,-200,200,200,100
1782679157,0,4096,4096,0,0,0,0,0,0,12288,2073600,2073600,1080,11127,FULL,-200,200,200,200,200,-200,200,200,100
1782679158,0,4096,4096,0,0,0,0,0,0,16384,2073600,2073600,1080,11127,FULL,-200,200,200,200,200,-200,200,200,100
1782679159,0,4096,4096,0,0,0,0,0,0,24576,2073600,2073600,1080,11127,FULL,-200,200,200,200,200,-200,200,200,100
1782679168,0,4096,4096,0,0,0,0,0,0,4096,2073600,2073600,1080,11277,FULL,200,200,200,200,200,-200,200,200,100
1782679169,0,4096,4096,0,0,0,0,0,0,6144,2073600,2073600,1080,11273,FULL,200,200,200,200,200,-200,200,200,100
1782679170,0,4096,4096,0,0,0,0,0,0,8192,2073600,2073600,1080,11278,FULL,200,200,200,200,200,-200,200,200,100
1782679171,0,4096,4096,0,0,0,0,0,0,12288,2073600,2073600,1080,11278,FULL,200,200,200,200,200,-200,200,200,100
1782679172,0,4096,4096,0,0,0,0,0,0,16384,2073600,2073600,1080,11283,FULL,200,200,200,200,200,-200,200,200,100
1782679173,0,4096,4096,0,0,0,0,0,0,24576,2073600,2073600,1080,11288,FULL,200,200,200,200,200,-200,200,200,100
1782679182,0,4096,4096,0,0,0,0,0,0,4096,825999,2073600,430,57029,short,-200,-200,-200,-200,-200,200,200,200,100
1782679183,0,4096,4096,0,0,0,0,0,0,6144,2073600,2073600,1080,11127,FULL,-200,-200,-200,-200,-200,200,200,200,100
1782679184,0,4096,4096,0,0,0,0,0,0,8192,2073600,2073600,1080,11127,FULL,-200,-200,-200,-200,-200,200,200,200,100
1782679185,0,4096,4096,0,0,0,0,0,0,12288,2073600,2073600,1080,11127,FULL,-200,-200,-200,-200,-200,200,200,200,100
1782679186,0,4096,4096,0,0,0,0,0,0,16384,2073600,2073600,1080,11127,FULL,-200,-200,-200,-200,-200,200,200,200,100
1782679187,0,4096,4096,0,0,0,0,0,0,24576,2073600,2073600,1080,11127,FULL,-200,-200,-200,-200,-200,200,200,200,100
1782679196,0,4096,4096,0,0,0,0,0,0,4096,2073600,2073600,1080,11127,FULL,200,-200,-200,-200,-200,200,200,200,100
1782679197,0,4096,4096,0,0,0,0,0,0,6144,2073600,2073600,1080,11127,FULL,200,-200,-200,-200,-200,200,200,200,100
1782679198,0,4096,4096,0,0,0,0,0,0,8192,2073600,2073600,1080,11127,FULL,200,-200,-200,-200,-200,200,200,200,100
1782679199,0,4096,4096,0,0,0,0,0,0,12288,2073600,2073600,1080,11127,FULL,200,-200,-200,-200,-200,200,200,200,100
1782679200,0,4096,4096,0,0,0,0,0,0,16384,2073600,2073600,1080,11127,FULL,200,-200,-200,-200,-200,200,200,200,100
1782679202,0,4096,4096,0,0,0,0,0,0,24576,2073600,2073600,1080,11127,FULL,200,-200,-200,-200,-200,200,200,200,100
1782679210,0,4096,4096,0,0,0,0,0,0,4096,2073600,2073600,1080,11127,FULL,-200,200,-200,-200,-200,200,200,200,100
1782679211,0,4096,4096,0,0,0,0,0,0,6144,2073600,2073600,1080,11127,FULL,-200,200,-200,-200,-200,200,200,200,100
1782679212,0,4096,4096,0,0,0,0,0,0,8192,2073600,2073600,1080,11127,FULL,-200,200,-200,-200,-200,200,200,200,100
1782679213,0,4096,4096,0,0,0,0,0,0,12288,2073600,2073600,1080,11127,FULL,-200,200,-200,-200,-200,200,200,200,100
1782679215,0,4096,4096,0,0,0,0,0,0,16384,625697,2073600,330,13899,short,-200,200,-200,-200,-200,200,200,200,100
1782679216,0,4096,4096,0,0,0,0,0,0,24576,633218,2073600,330,37527,short,-200,200,-200,-200,-200,200,200,200,100
1782679225,0,4096,4096,0,0,0,0,0,0,4096,2073600,2073600,1080,11276,FULL,200,200,-200,-200,-200,200,200,200,100
1782679226,0,4096,4096,0,0,0,0,0,0,6144,2073600,2073600,1080,11283,FULL,200,200,-200,-200,-200,200,200,200,100
1782679227,0,4096,4096,0,0,0,0,0,0,8192,2073600,2073600,1080,11276,FULL,200,200,-200,-200,-200,200,200,200,100
1782679228,0,4096,4096,0,0,0,0,0,0,12288,2073600,2073600,1080,11275,FULL,200,200,-200,-200,-200,200,200,200,100
1782679229,0,4096,4096,0,0,0,0,0,0,16384,721237,2073600,375,46132,short,200,200,-200,-200,-200,200,200,200,100
1782679230,0,4096,4096,0,0,0,0,0,0,24576,721178,2073600,375,47062,short,200,200,-200,-200,-200,200,200,200,100
1782679239,0,4096,4096,0,0,0,0,0,0,4096,2073600,2073600,1080,11127,FULL,-200,-200,200,-200,-200,200,200,200,100
1782679240,0,4096,4096,0,0,0,0,0,0,6144,2073600,2073600,1080,11127,FULL,-200,-200,200,-200,-200,200,200,200,100
1782679241,0,4096,4096,0,0,0,0,0,0,8192,2073600,2073600,1080,11127,FULL,-200,-200,200,-200,-200,200,200,200,100
1782679242,0,4096,4096,0,0,0,0,0,0,12288,2073600,2073600,1080,11127,FULL,-200,-200,200,-200,-200,200,200,200,100
1782679243,0,4096,4096,0,0,0,0,0,0,16384,2073600,2073600,1080,11127,FULL,-200,-200,200,-200,-200,200,200,200,100
1782679244,0,4096,4096,0,0,0,0,0,0,24576,2073600,2073600,1080,11127,FULL,-200,-200,200,-200,-200,200,200,200,100
1782679253,0,4096,4096,0,0,0,0,0,0,4096,2073600,2073600,1080,11127,FULL,200,-200,200,-200,-200,200,200,200,100
1782679254,0,4096,4096,0,0,0,0,0,0,6144,2073600,2073600,1080,11127,FULL,200,-200,200,-200,-200,200,200,200,100
1782679255,0,4096,4096,0,0,0,0,0,0,8192,2073600,2073600,1080,11127,FULL,200,-200,200,-200,-200,200,200,200,100
1782679256,0,4096,4096,0,0,0,0,0,0,12288,2073600,2073600,1080,11127,FULL,200,-200,200,-200,-200,200,200,200,100
1782679257,0,4096,4096,0,0,0,0,0,0,16384,2073600,2073600,1080,11127,FULL,200,-200,200,-200,-200,200,200,200,100
1782679259,0,4096,4096,0,0,0,0,0,0,24576,2073600,2073600,1080,11127,FULL,200,-200,200,-200,-200,200,200,200,100
1782679267,0,4096,4096,0,0,0,0,0,0,4096,2073600,2073600,1080,11127,FULL,-200,200,200,-200,-200,200,200,200,100
1782679268,0,4096,4096,0,0,0,0,0,0,6144,2073600,2073600,1080,11127,FULL,-200,200,200,-200,-200,200,200,200,100
1782679269,0,4096,4096,0,0,0,0,0,0,8192,2073600,2073600,1080,11127,FULL,-200,200,200,-200,-200,200,200,200,100
1782679270,0,4096,4096,0,0,0,0,0,0,12288,2073600,2073600,1080,11127,FULL,-200,200,200,-200,-200,200,200,200,100
1782679271,0,4096,4096,0,0,0,0,0,0,16384,2073600,2073600,1080,11127,FULL,-200,200,200,-200,-200,200,200,200,100
1782679273,0,4096,4096,0,0,0,0,0,0,24576,2073600,2073600,1080,11127,FULL,-200,200,200,-200,-200,200,200,200,100
1782679282,0,4096,4096,0,0,0,0,0,0,4096,2073600,2073600,1080,11279,FULL,200,200,200,-200,-200,200,200,200,100
1782679282,0,4096,4096,0,0,0,0,0,0,6144,2073600,2073600,1080,11281,FULL,200,200,200,-200,-200,200,200,200,100
1782679283,0,4096,4096,0,0,0,0,0,0,8192,2073600,2073600,1080,11275,FULL,200,200,200,-200,-200,200,200,200,100
1782679284,0,4096,4096,0,0,0,0,0,0,12288,2073600,2073600,1080,11279,FULL,200,200,200,-200,-200,200,200,200,100
1782679286,0,4096,4096,0,0,0,0,0,0,16384,2073600,2073600,1080,11280,FULL,200,200,200,-200,-200,200,200,200,100
1782679287,0,4096,4096,0,0,0,0,0,0,24576,2073600,2073600,1080,11277,FULL,200,200,200,-200,-200,200,200,200,100
1782679296,0,4096,4096,0,0,0,0,0,0,4096,2073600,2073600,1080,11127,FULL,-200,-200,-200,200,-200,200,200,200,100
1782679297,0,4096,4096,0,0,0,0,0,0,6144,2073600,2073600,1080,11127,FULL,-200,-200,-200,200,-200,200,200,200,100
1782679298,0,4096,4096,0,0,0,0,0,0,8192,2073600,2073600,1080,11127,FULL,-200,-200,-200,200,-200,200,200,200,100
1782679299,0,4096,4096,0,0,0,0,0,0,12288,2073600,2073600,1080,11127,FULL,-200,-200,-200,200,-200,200,200,200,100
1782679300,0,4096,4096,0,0,0,0,0,0,16384,2073600,2073600,1080,99,FULL,-200,-200,-200,200,-200,200,200,200,100
1782679301,0,4096,4096,0,0,0,0,0,0,24576,432614,2073600,225,33894,short,-200,-200,-200,200,-200,200,200,200,100
1782679310,0,4096,4096,0,0,0,0,0,0,4096,2073600,2073600,1080,11127,FULL,200,-200,-200,200,-200,200,200,200,100
1782679311,0,4096,4096,0,0,0,0,0,0,6144,2073600,2073600,1080,11127,FULL,200,-200,-200,200,-200,200,200,200,100
1782679312,0,4096,4096,0,0,0,0,0,0,8192,2073600,2073600,1080,11127,FULL,200,-200,-200,200,-200,200,200,200,100
1782679313,0,4096,4096,0,0,0,0,0,0,12288,2073600,2073600,1080,11127,FULL,200,-200,-200,200,-200,200,200,200,100
1782679314,0,4096,4096,0,0,0,0,0,0,16384,2073600,2073600,1080,11127,FULL,200,-200,-200,200,-200,200,200,200,100
1782679315,0,4096,4096,0,0,0,0,0,0,24576,2073600,2073600,1080,11127,FULL,200,-200,-200,200,-200,200,200,200,100
1782679324,0,4096,4096,0,0,0,0,0,0,4096,350300,2073600,183,37280,short,-200,200,-200,200,-200,200,200,200,100
1782679325,0,4096,4096,0,0,0,0,0,0,6144,2073600,2073600,1080,11127,FULL,-200,200,-200,200,-200,200,200,200,100
1782679326,0,4096,4096,0,0,0,0,0,0,8192,2073600,2073600,1080,11127,FULL,-200,200,-200,200,-200,200,200,200,100
1782679327,0,4096,4096,0,0,0,0,0,0,12288,2073600,2073600,1080,11127,FULL,-200,200,-200,200,-200,200,200,200,100
1782679328,0,4096,4096,0,0,0,0,0,0,16384,2073600,2073600,1080,11127,FULL,-200,200,-200,200,-200,200,200,200,100
1782679330,0,4096,4096,0,0,0,0,0,0,24576,2073600,2073600,1080,11127,FULL,-200,200,-200,200,-200,200,200,200,100
1782679338,0,4096,4096,0,0,0,0,0,0,4096,2073600,2073600,1080,11275,FULL,200,200,-200,200,-200,200,200,200,100
1782679339,0,4096,4096,0,0,0,0,0,0,6144,2073600,2073600,1080,11274,FULL,200,200,-200,200,-200,200,200,200,100
1782679340,0,4096,4096,0,0,0,0,0,0,8192,2073600,2073600,1080,11277,FULL,200,200,-200,200,-200,200,200,200,100
1782679341,0,4096,4096,0,0,0,0,0,0,12288,2073600,2073600,1080,11277,FULL,200,200,-200,200,-200,200,200,200,100
1782679342,0,4096,4096,0,0,0,0,0,0,16384,2073600,2073600,1080,11292,FULL,200,200,-200,200,-200,200,200,200,100
1782679344,0,4096,4096,0,0,0,0,0,0,24576,2073600,2073600,1080,11276,FULL,200,200,-200,200,-200,200,200,200,100
1782679353,0,4096,4096,0,0,0,0,0,0,4096,2073600,2073600,1080,11127,FULL,-200,-200,200,200,-200,200,200,200,100
1782679353,0,4096,4096,0,0,0,0,0,0,6144,2073600,2073600,1080,11127,FULL,-200,-200,200,200,-200,200,200,200,100
1782679354,0,4096,4096,0,0,0,0,0,0,8192,2073600,2073600,1080,11127,FULL,-200,-200,200,200,-200,200,200,200,100
1782679355,0,4096,4096,0,0,0,0,0,0,12288,2073600,2073600,1080,11127,FULL,-200,-200,200,200,-200,200,200,200,100
1782679357,0,4096,4096,0,0,0,0,0,0,16384,2073600,2073600,1080,11127,FULL,-200,-200,200,200,-200,200,200,200,100
1782679358,0,4096,4096,0,0,0,0,0,0,24576,2073600,2073600,1080,11127,FULL,-200,-200,200,200,-200,200,200,200,100
1782679367,0,4096,4096,0,0,0,0,0,0,4096,2073600,2073600,1080,11127,FULL,200,-200,200,200,-200,200,200,200,100
1782679368,0,4096,4096,0,0,0,0,0,0,6144,2073600,2073600,1080,11127,FULL,200,-200,200,200,-200,200,200,200,100
1782679369,0,4096,4096,0,0,0,0,0,0,8192,2073600,2073600,1080,11127,FULL,200,-200,200,200,-200,200,200,200,100
1782679370,0,4096,4096,0,0,0,0,0,0,12288,2073600,2073600,1080,11127,FULL,200,-200,200,200,-200,200,200,200,100
1782679371,0,4096,4096,0,0,0,0,0,0,16384,2073600,2073600,1080,11127,FULL,200,-200,200,200,-200,200,200,200,100
1782679372,0,4096,4096,0,0,0,0,0,0,24576,2073600,2073600,1080,11127,FULL,200,-200,200,200,-200,200,200,200,100
1782679381,0,4096,4096,0,0,0,0,0,0,4096,2073600,2073600,1080,11127,FULL,-200,200,200,200,-200,200,200,200,100
1782679382,0,4096,4096,0,0,0,0,0,0,6144,2073600,2073600,1080,11127,FULL,-200,200,200,200,-200,200,200,200,100
1782679383,0,4096,4096,0,0,0,0,0,0,8192,2073600,2073600,1080,11127,FULL,-200,200,200,200,-200,200,200,200,100
1782679384,0,4096,4096,0,0,0,0,0,0,12288,2073600,2073600,1080,11127,FULL,-200,200,200,200,-200,200,200,200,100
1782679385,0,4096,4096,0,0,0,0,0,0,16384,2073600,2073600,1080,11127,FULL,-200,200,200,200,-200,200,200,200,100
1782679386,0,4096,4096,0,0,0,0,0,0,24576,2073600,2073600,1080,11127,FULL,-200,200,200,200,-200,200,200,200,100
1782679395,0,4096,4096,0,0,0,0,0,0,4096,2073600,2073600,1080,11481,FULL,200,200,200,200,-200,200,200,200,100
1782679396,0,4096,4096,0,0,0,0,0,0,6144,2073600,2073600,1080,11479,FULL,200,200,200,200,-200,200,200,200,100
1782679397,0,4096,4096,0,0,0,0,0,0,8192,2073600,2073600,1080,11488,FULL,200,200,200,200,-200,200,200,200,100
1782679398,0,4096,4096,0,0,0,0,0,0,12288,2073600,2073600,1080,11484,FULL,200,200,200,200,-200,200,200,200,100
1782679399,0,4096,4096,0,0,0,0,0,0,16384,2073600,2073600,1080,11491,FULL,200,200,200,200,-200,200,200,200,100
1782679401,0,4096,4096,0,0,0,0,0,0,24576,2073600,2073600,1080,11482,FULL,200,200,200,200,-200,200,200,200,100
1782679409,0,4096,4096,0,0,0,0,0,0,4096,838921,2073600,437,48062,short,-200,-200,-200,-200,200,200,200,200,100
1782679410,0,4096,4096,0,0,0,0,0,0,6144,2073600,2073600,1080,11127,FULL,-200,-200,-200,-200,200,200,200,200,100
1782679411,0,4096,4096,0,0,0,0,0,0,8192,2073600,2073600,1080,11127,FULL,-200,-200,-200,-200,200,200,200,200,100
1782679412,0,4096,4096,0,0,0,0,0,0,12288,2073600,2073600,1080,11127,FULL,-200,-200,-200,-200,200,200,200,200,100
1782679413,0,4096,4096,0,0,0,0,0,0,16384,2073600,2073600,1080,11127,FULL,-200,-200,-200,-200,200,200,200,200,100
1782679415,0,4096,4096,0,0,0,0,0,0,24576,2073600,2073600,1080,11127,FULL,-200,-200,-200,-200,200,200,200,200,100
1782679424,0,4096,4096,0,0,0,0,0,0,4096,2073600,2073600,1080,11127,FULL,200,-200,-200,-200,200,200,200,200,100
1782679425,0,4096,4096,0,0,0,0,0,0,6144,2073600,2073600,1080,11127,FULL,200,-200,-200,-200,200,200,200,200,100
1782679425,0,4096,4096,0,0,0,0,0,0,8192,2073600,2073600,1080,11127,FULL,200,-200,-200,-200,200,200,200,200,100
1782679427,0,4096,4096,0,0,0,0,0,0,12288,2073600,2073600,1080,11127,FULL,200,-200,-200,-200,200,200,200,200,100
1782679428,0,4096,4096,0,0,0,0,0,0,16384,2073600,2073600,1080,11127,FULL,200,-200,-200,-200,200,200,200,200,100
1782679429,0,4096,4096,0,0,0,0,0,0,24576,2073600,2073600,1080,11127,FULL,200,-200,-200,-200,200,200,200,200,100
1782679438,0,4096,4096,0,0,0,0,0,0,4096,2073600,2073600,1080,11127,FULL,-200,200,-200,-200,200,200,200,200,100
1782679439,0,4096,4096,0,0,0,0,0,0,6144,2073600,2073600,1080,11127,FULL,-200,200,-200,-200,200,200,200,200,100
1782679440,0,4096,4096,0,0,0,0,0,0,8192,2073600,2073600,1080,11127,FULL,-200,200,-200,-200,200,200,200,200,100
1782679441,0,4096,4096,0,0,0,0,0,0,12288,535974,2073600,279,49049,short,-200,200,-200,-200,200,200,200,200,100
1782679442,0,4096,4096,0,0,0,0,0,0,16384,536231,2073600,279,55753,short,-200,200,-200,-200,200,200,200,200,100
1782679443,0,4096,4096,0,0,0,0,0,0,24576,536133,2073600,279,53068,short,-200,200,-200,-200,200,200,200,200,100
1782679452,0,4096,4096,0,0,0,0,0,0,4096,2073600,2073600,1080,11483,FULL,200,200,-200,-200,200,200,200,200,100
1782679453,0,4096,4096,0,0,0,0,0,0,6144,2073600,2073600,1080,11468,FULL,200,200,-200,-200,200,200,200,200,100
1782679454,0,4096,4096,0,0,0,0,0,0,8192,2073600,2073600,1080,11483,FULL,200,200,-200,-200,200,200,200,200,100
1782679455,0,4096,4096,0,0,0,0,0,0,12288,2073600,2073600,1080,11468,FULL,200,200,-200,-200,200,200,200,200,100
1782679456,0,4096,4096,0,0,0,0,0,0,16384,2073600,2073600,1080,11464,FULL,200,200,-200,-200,200,200,200,200,100
1782679457,0,4096,4096,0,0,0,0,0,0,24576,689733,2073600,359,17320,short,200,200,-200,-200,200,200,200,200,100
1782679466,0,4096,4096,0,0,0,0,0,0,4096,2073600,2073600,1080,11127,FULL,-200,-200,200,-200,200,200,200,200,100
1782679467,0,4096,4096,0,0,0,0,0,0,6144,2073600,2073600,1080,11127,FULL,-200,-200,200,-200,200,200,200,200,100
1782679468,0,4096,4096,0,0,0,0,0,0,8192,2073600,2073600,1080,11127,FULL,-200,-200,200,-200,200,200,200,200,100
1782679469,0,4096,4096,0,0,0,0,0,0,12288,2073600,2073600,1080,11127,FULL,-200,-200,200,-200,200,200,200,200,100
1782679470,0,4096,4096,0,0,0,0,0,0,16384,2073600,2073600,1080,11127,FULL,-200,-200,200,-200,200,200,200,200,100
1782679472,0,4096,4096,0,0,0,0,0,0,24576,2073600,2073600,1080,11127,FULL,-200,-200,200,-200,200,200,200,200,100
1782679481,0,4096,4096,0,0,0,0,0,0,4096,2073600,2073600,1080,11127,FULL,200,-200,200,-200,200,200,200,200,100
1782679481,0,4096,4096,0,0,0,0,0,0,6144,2073600,2073600,1080,11127,FULL,200,-200,200,-200,200,200,200,200,100
1782679482,0,4096,4096,0,0,0,0,0,0,8192,2073600,2073600,1080,11127,FULL,200,-200,200,-200,200,200,200,200,100
1782679483,0,4096,4096,0,0,0,0,0,0,12288,2073600,2073600,1080,11127,FULL,200,-200,200,-200,200,200,200,200,100
1782679485,0,4096,4096,0,0,0,0,0,0,16384,2073600,2073600,1080,11127,FULL,200,-200,200,-200,200,200,200,200,100
1782679486,0,4096,4096,0,0,0,0,0,0,24576,2073600,2073600,1080,11127,FULL,200,-200,200,-200,200,200,200,200,100
1782679495,0,4096,4096,0,0,0,0,0,0,4096,2073600,2073600,1080,11127,FULL,-200,200,200,-200,200,200,200,200,100
1782679496,0,4096,4096,0,0,0,0,0,0,6144,2073600,2073600,1080,11127,FULL,-200,200,200,-200,200,200,200,200,100
1782679497,0,4096,4096,0,0,0,0,0,0,8192,2073600,2073600,1080,11127,FULL,-200,200,200,-200,200,200,200,200,100
1782679498,0,4096,4096,0,0,0,0,0,0,12288,2073600,2073600,1080,11127,FULL,-200,200,200,-200,200,200,200,200,100
1782679499,0,4096,4096,0,0,0,0,0,0,16384,2073600,2073600,1080,11127,FULL,-200,200,200,-200,200,200,200,200,100
1782679500,0,4096,4096,0,0,0,0,0,0,24576,2073600,2073600,1080,11127,FULL,-200,200,200,-200,200,200,200,200,100
1782679509,0,4096,4096,0,0,0,0,0,0,4096,2073600,2073600,1080,11281,FULL,200,200,200,-200,200,200,200,200,100
1782679510,0,4096,4096,0,0,0,0,0,0,6144,2073600,2073600,1080,11304,FULL,200,200,200,-200,200,200,200,200,100
1782679511,0,4096,4096,0,0,0,0,0,0,8192,2073600,2073600,1080,11277,FULL,200,200,200,-200,200,200,200,200,100
1782679512,0,4096,4096,0,0,0,0,0,0,12288,2073600,2073600,1080,11278,FULL,200,200,200,-200,200,200,200,200,100
1782679513,0,4096,4096,0,0,0,0,0,0,16384,2073600,2073600,1080,11276,FULL,200,200,200,-200,200,200,200,200,100
1782679514,0,4096,4096,0,0,0,0,0,0,24576,2073600,2073600,1080,11275,FULL,200,200,200,-200,200,200,200,200,100
1782679523,0,4096,4096,0,0,0,0,0,0,4096,2073600,2073600,1080,11127,FULL,-200,-200,-200,200,200,200,200,200,100
1782679524,0,4096,4096,0,0,0,0,0,0,6144,2073600,2073600,1080,11127,FULL,-200,-200,-200,200,200,200,200,200,100
1782679525,0,4096,4096,0,0,0,0,0,0,8192,2073600,2073600,1080,11127,FULL,-200,-200,-200,200,200,200,200,200,100
1782679526,0,4096,4096,0,0,0,0,0,0,12288,2073600,2073600,1080,11127,FULL,-200,-200,-200,200,200,200,200,200,100
1782679527,0,4096,4096,0,0,0,0,0,0,16384,2073600,2073600,1080,11127,FULL,-200,-200,-200,200,200,200,200,200,100
1782679529,0,4096,4096,0,0,0,0,0,0,24576,2073600,2073600,1080,11127,FULL,-200,-200,-200,200,200,200,200,200,100
1782679537,0,4096,4096,0,0,0,0,0,0,4096,2073600,2073600,1080,11127,FULL,200,-200,-200,200,200,200,200,200,100
1782679538,0,4096,4096,0,0,0,0,0,0,6144,2073600,2073600,1080,11127,FULL,200,-200,-200,200,200,200,200,200,100
1782679539,0,4096,4096,0,0,0,0,0,0,8192,2073600,2073600,1080,11127,FULL,200,-200,-200,200,200,200,200,200,100
1782679540,0,4096,4096,0,0,0,0,0,0,12288,2073600,2073600,1080,11127,FULL,200,-200,-200,200,200,200,200,200,100
1782679541,0,4096,4096,0,0,0,0,0,0,16384,2073600,2073600,1080,11127,FULL,200,-200,-200,200,200,200,200,200,100
1782679543,0,4096,4096,0,0,0,0,0,0,24576,2073600,2073600,1080,11127,FULL,200,-200,-200,200,200,200,200,200,100
1782679552,0,4096,4096,0,0,0,0,0,0,4096,2073600,2073600,1080,11127,FULL,-200,200,-200,200,200,200,200,200,100
1782679552,0,4096,4096,0,0,0,0,0,0,6144,2073600,2073600,1080,11127,FULL,-200,200,-200,200,200,200,200,200,100
1782679553,0,4096,4096,0,0,0,0,0,0,8192,2073600,2073600,1080,11127,FULL,-200,200,-200,200,200,200,200,200,100
1782679555,0,4096,4096,0,0,0,0,0,0,12288,2073600,2073600,1080,11127,FULL,-200,200,-200,200,200,200,200,200,100
1782679556,0,4096,4096,0,0,0,0,0,0,16384,2073600,2073600,1080,11127,FULL,-200,200,-200,200,200,200,200,200,100
1782679557,0,4096,4096,0,0,0,0,0,0,24576,2073600,2073600,1080,11127,FULL,-200,200,-200,200,200,200,200,200,100
1782679566,0,4096,4096,0,0,0,0,0,0,4096,2073600,2073600,1080,11468,FULL,200,200,-200,200,200,200,200,200,100
1782679567,0,4096,4096,0,0,0,0,0,0,6144,2073600,2073600,1080,11475,FULL,200,200,-200,200,200,200,200,200,100
1782679568,0,4096,4096,0,0,0,0,0,0,8192,2073600,2073600,1080,11468,FULL,200,200,-200,200,200,200,200,200,100
1782679569,0,4096,4096,0,0,0,0,0,0,12288,2073600,2073600,1080,11467,FULL,200,200,-200,200,200,200,200,200,100
1782679570,0,4096,4096,0,0,0,0,0,0,16384,2073600,2073600,1080,11493,FULL,200,200,-200,200,200,200,200,200,100
1782679571,0,4096,4096,0,0,0,0,0,0,24576,2073600,2073600,1080,11467,FULL,200,200,-200,200,200,200,200,200,100
1782679580,0,4096,4096,0,0,0,0,0,0,4096,2073600,2073600,1080,11127,FULL,-200,-200,200,200,200,200,200,200,100
1782679581,0,4096,4096,0,0,0,0,0,0,6144,2073600,2073600,1080,11127,FULL,-200,-200,200,200,200,200,200,200,100
1782679582,0,4096,4096,0,0,0,0,0,0,8192,2073600,2073600,1080,11127,FULL,-200,-200,200,200,200,200,200,200,100
1782679583,0,4096,4096,0,0,0,0,0,0,12288,2073600,2073600,1080,11127,FULL,-200,-200,200,200,200,200,200,200,100
1782679584,0,4096,4096,0,0,0,0,0,0,16384,2073600,2073600,1080,11127,FULL,-200,-200,200,200,200,200,200,200,100
1782679585,0,4096,4096,0,0,0,0,0,0,24576,2073600,2073600,1080,11127,FULL,-200,-200,200,200,200,200,200,200,100
1782679594,0,4096,4096,0,0,0,0,0,0,4096,2073600,2073600,1080,11127,FULL,200,-200,200,200,200,200,200,200,100
1782679595,0,4096,4096,0,0,0,0,0,0,6144,2073600,2073600,1080,11127,FULL,200,-200,200,200,200,200,200,200,100
1782679596,0,4096,4096,0,0,0,0,0,0,8192,2073600,2073600,1080,11127,FULL,200,-200,200,200,200,200,200,200,100
1782679597,0,4096,4096,0,0,0,0,0,0,12288,2073600,2073600,1080,11127,FULL,200,-200,200,200,200,200,200,200,100
1782679598,0,4096,4096,0,0,0,0,0,0,16384,2073600,2073600,1080,11127,FULL,200,-200,200,200,200,200,200,200,100
1782679600,0,4096,4096,0,0,0,0,0,0,24576,2073600,2073600,1080,11127,FULL,200,-200,200,200,200,200,200,200,100
1782679608,0,4096,4096,0,0,0,0,0,0,4096,2073600,2073600,1080,11127,FULL,-200,200,200,200,200,200,200,200,100
1782679609,0,4096,4096,0,0,0,0,0,0,6144,2073600,2073600,1080,11127,FULL,-200,200,200,200,200,200,200,200,100
1782679610,0,4096,4096,0,0,0,0,0,0,8192,2073600,2073600,1080,11127,FULL,-200,200,200,200,200,200,200,200,100
1782679611,0,4096,4096,0,0,0,0,0,0,12288,2073600,2073600,1080,11127,FULL,-200,200,200,200,200,200,200,200,100
1782679612,0,4096,4096,0,0,0,0,0,0,16384,2073600,2073600,1080,11127,FULL,-200,200,200,200,200,200,200,200,100
1782679614,0,4096,4096,0,0,0,0,0,0,24576,2073600,2073600,1080,11127,FULL,-200,200,200,200,200,200,200,200,100
1782679623,0,4096,4096,0,0,0,0,0,0,4096,2073600,2073600,1080,11275,FULL,200,200,200,200,200,200,200,200,100
1782679624,0,4096,4096,0,0,0,0,0,0,6144,2073600,2073600,1080,11278,FULL,200,200,200,200,200,200,200,200,100
1782679624,0,4096,4096,0,0,0,0,0,0,8192,2073600,2073600,1080,11278,FULL,200,200,200,200,200,200,200,200,100
1782679626,0,4096,4096,0,0,0,0,0,0,12288,2073600,2073600,1080,11309,FULL,200,200,200,200,200,200,200,200,100
1782679627,0,4096,4096,0,0,0,0,0,0,16384,2073600,2073600,1080,11301,FULL,200,200,200,200,200,200,200,200,100
1782679628,0,4096,4096,0,0,0,0,0,0,24576,2073600,2073600,1080,11276,FULL,200,200,200,200,200,200,200,200,100
