ts,rot,invx,invy,panx,pany,ks_h,ks_v,pin_x,pin_y,lead,opix,opix_exp,eol,starved,result,tl_x,tl_y,tr_x,tr_y,br_x,br_y,bl_x,bl_y,scale_pct
1782683428,0,4096,4096,0,0,0,0,0,0,4096,393882,921600,309,43599,short,-200,-200,-200,-200,-200,-200,-200,-200,100
1782683429,0,4096,4096,0,0,0,0,0,0,6144,921600,921600,720,10049,FULL,-200,-200,-200,-200,-200,-200,-200,-200,100
1782683430,0,4096,4096,0,0,0,0,0,0,8192,921600,921600,720,10049,FULL,-200,-200,-200,-200,-200,-200,-200,-200,100
1782683431,0,4096,4096,0,0,0,0,0,0,12288,393940,921600,309,42328,short,-200,-200,-200,-200,-200,-200,-200,-200,100
1782683433,0,4096,4096,0,0,0,0,0,0,16384,393896,921600,308,39366,short,-200,-200,-200,-200,-200,-200,-200,-200,100
1782683434,0,4096,4096,0,0,0,0,0,0,24576,396035,921600,308,40785,short,-200,-200,-200,-200,-200,-200,-200,-200,100
1782683443,0,4096,4096,0,0,0,0,0,0,4096,449410,921600,352,48231,short,200,-200,-200,-200,-200,-200,-200,-200,100
1782683444,0,4096,4096,0,0,0,0,0,0,6144,921600,921600,720,10049,FULL,200,-200,-200,-200,-200,-200,-200,-200,100
1782683445,0,4096,4096,0,0,0,0,0,0,8192,439963,921600,352,52617,short,200,-200,-200,-200,-200,-200,-200,-200,100
1782683446,0,4096,4096,0,0,0,0,0,0,12288,449410,921600,352,51617,short,200,-200,-200,-200,-200,-200,-200,-200,100
1782683447,0,4096,4096,0,0,0,0,0,0,16384,449437,921600,352,50816,short,200,-200,-200,-200,-200,-200,-200,-200,100
1782683448,0,4096,4096,0,0,0,0,0,0,24576,450769,921600,351,46667,short,200,-200,-200,-200,-200,-200,-200,-200,100
1782683457,0,4096,4096,0,0,0,0,0,0,4096,921600,921600,720,10049,FULL,-200,200,-200,-200,-200,-200,-200,-200,100
1782683458,0,4096,4096,0,0,0,0,0,0,6144,921600,921600,720,496,FULL,-200,200,-200,-200,-200,-200,-200,-200,100
1782683459,0,4096,4096,0,0,0,0,0,0,8192,921600,921600,720,10049,FULL,-200,200,-200,-200,-200,-200,-200,-200,100
1782683460,0,4096,4096,0,0,0,0,0,0,12288,236537,921600,185,26643,short,-200,200,-200,-200,-200,-200,-200,-200,100
1782683461,0,4096,4096,0,0,0,0,0,0,16384,236197,921600,185,26493,short,-200,200,-200,-200,-200,-200,-200,-200,100
1782683462,0,4096,4096,0,0,0,0,0,0,24576,236171,921600,185,29373,short,-200,200,-200,-200,-200,-200,-200,-200,100
1782683471,0,4096,4096,0,0,0,0,0,0,4096,921600,921600,720,10198,FULL,200,200,-200,-200,-200,-200,-200,-200,100
1782683472,0,4096,4096,0,0,0,0,0,0,6144,921600,921600,720,0,FULL,200,200,-200,-200,-200,-200,-200,-200,100
1782683473,0,4096,4096,0,0,0,0,0,0,8192,273544,921600,213,55888,short,200,200,-200,-200,-200,-200,-200,-200,100
1782683474,0,4096,4096,0,0,0,0,0,0,12288,273167,921600,214,56751,short,200,200,-200,-200,-200,-200,-200,-200,100
1782683475,0,4096,4096,0,0,0,0,0,0,16384,273475,921600,214,54339,short,200,200,-200,-200,-200,-200,-200,-200,100
1782683477,0,4096,4096,0,0,0,0,0,0,24576,273136,921600,214,54102,short,200,200,-200,-200,-200,-200,-200,-200,100
1782683485,0,4096,4096,0,0,0,0,0,0,4096,450493,921600,352,46577,short,-200,-200,200,-200,-200,-200,-200,-200,100
1782683486,0,4096,4096,0,0,0,0,0,0,6144,921600,921600,720,10049,FULL,-200,-200,200,-200,-200,-200,-200,-200,100
1782683487,0,4096,4096,0,0,0,0,0,0,8192,440872,921600,351,47533,short,-200,-200,200,-200,-200,-200,-200,-200,100
1782683488,0,4096,4096,0,0,0,0,0,0,12288,449675,921600,351,47956,short,-200,-200,200,-200,-200,-200,-200,-200,100
1782683489,0,4096,4096,0,0,0,0,0,0,16384,450165,921600,352,49134,short,-200,-200,200,-200,-200,-200,-200,-200,100
1782683491,0,4096,4096,0,0,0,0,0,0,24576,457692,921600,357,36560,short,-200,-200,200,-200,-200,-200,-200,-200,100
1782683500,0,4096,4096,0,0,0,0,0,0,4096,478609,921600,374,18506,short,200,-200,200,-200,-200,-200,-200,-200,100
1782683500,0,4096,4096,0,0,0,0,0,0,6144,478687,921600,374,20813,short,200,-200,200,-200,-200,-200,-200,-200,100
1782683501,0,4096,4096,0,0,0,0,0,0,8192,478641,921600,373,18831,short,200,-200,200,-200,-200,-200,-200,-200,100
1782683502,0,4096,4096,0,0,0,0,0,0,12288,478609,921600,373,18954,short,200,-200,200,-200,-200,-200,-200,-200,100
1782683504,0,4096,4096,0,0,0,0,0,0,16384,478641,921600,373,5209,short,200,-200,200,-200,-200,-200,-200,-200,100
1782683505,0,4096,4096,0,0,0,0,0,0,24576,480645,921600,374,16516,short,200,-200,200,-200,-200,-200,-200,-200,100
1782683514,0,4096,4096,0,0,0,0,0,0,4096,921600,921600,720,10049,FULL,-200,200,200,-200,-200,-200,-200,-200,100
1782683515,0,4096,4096,0,0,0,0,0,0,6144,319221,921600,249,64391,short,-200,200,200,-200,-200,-200,-200,-200,100
1782683516,0,4096,4096,0,0,0,0,0,0,8192,315036,921600,249,60773,short,-200,200,200,-200,-200,-200,-200,-200,100
1782683517,0,4096,4096,0,0,0,0,0,0,12288,284004,921600,250,64276,short,-200,200,200,-200,-200,-200,-200,-200,100
1782683518,0,4096,4096,0,0,0,0,0,0,16384,319161,921600,250,62592,short,-200,200,200,-200,-200,-200,-200,-200,100
1782683519,0,4096,4096,0,0,0,0,0,0,24576,319714,921600,249,30265,short,-200,200,200,-200,-200,-200,-200,-200,100
1782683528,0,4096,4096,0,0,0,0,0,0,4096,921600,921600,720,10195,FULL,200,200,200,-200,-200,-200,-200,-200,100
1782683529,0,4096,4096,0,0,0,0,0,0,6144,313210,921600,244,2663,short,200,200,200,-200,-200,-200,-200,-200,100
1782683530,0,4096,4096,0,0,0,0,0,0,8192,303680,921600,237,16561,short,200,200,200,-200,-200,-200,-200,-200,100
1782683531,0,4096,4096,0,0,0,0,0,0,12288,303586,921600,238,12955,short,200,200,200,-200,-200,-200,-200,-200,100
1782683532,0,4096,4096,0,0,0,0,0,0,16384,303836,921600,237,14653,short,200,200,200,-200,-200,-200,-200,-200,100
1782683533,0,4096,4096,0,0,0,0,0,0,24576,538719,921600,420,24975,short,200,200,200,-200,-200,-200,-200,-200,100
1782683542,0,4096,4096,0,0,0,0,0,0,4096,921600,921600,720,10049,FULL,-200,-200,-200,200,-200,-200,-200,-200,100
1782683543,0,4096,4096,0,0,0,0,0,0,6144,921600,921600,720,10049,FULL,-200,-200,-200,200,-200,-200,-200,-200,100
1782683544,0,4096,4096,0,0,0,0,0,0,8192,921600,921600,720,10049,FULL,-200,-200,-200,200,-200,-200,-200,-200,100
1782683545,0,4096,4096,0,0,0,0,0,0,12288,229738,921600,179,36356,short,-200,-200,-200,200,-200,-200,-200,-200,100
1782683546,0,4096,4096,0,0,0,0,0,0,16384,229669,921600,179,37394,short,-200,-200,-200,200,-200,-200,-200,-200,100
1782683548,0,4096,4096,0,0,0,0,0,0,24576,229771,921600,180,34938,short,-200,-200,-200,200,-200,-200,-200,-200,100
1782683556,0,4096,4096,0,0,0,0,0,0,4096,921600,921600,720,10049,FULL,200,-200,-200,200,-200,-200,-200,-200,100
1782683557,0,4096,4096,0,0,0,0,0,0,4096,921600,921600,720,10049,FULL,200,-200,-200,200,-200,-200,-200,-200,100
1782683558,0,4096,4096,0,0,0,0,0,0,6144,921600,921600,720,10049,FULL,200,-200,-200,200,-200,-200,-200,-200,100
1782683559,0,4096,4096,0,0,0,0,0,0,8192,263634,921600,221,37843,short,200,-200,-200,200,-200,-200,-200,-200,100
1782683560,0,4096,4096,0,0,0,0,0,0,12288,283343,921600,221,40638,short,200,-200,-200,200,-200,-200,-200,-200,100
1782683561,0,4096,4096,0,0,0,0,0,0,16384,608574,921600,475,17459,short,200,-200,-200,200,-200,-200,-200,-200,100
1782683563,0,4096,4096,0,0,0,0,0,0,24576,283408,921600,221,36830,short,200,-200,-200,200,-200,-200,-200,-200,100
1782683571,0,4096,4096,0,0,0,0,0,0,4096,921600,921600,720,10049,FULL,-200,200,-200,200,-200,-200,-200,-200,100
1782683572,0,4096,4096,0,0,0,0,0,0,6144,921600,921600,720,10049,FULL,-200,200,-200,200,-200,-200,-200,-200,100
1782683572,0,4096,4096,0,0,0,0,0,0,8192,921600,921600,720,10049,FULL,-200,200,-200,200,-200,-200,-200,-200,100
1782683574,0,4096,4096,0,0,0,0,0,0,12288,921600,921600,720,10049,FULL,-200,200,-200,200,-200,-200,-200,-200,100
1782683575,0,4096,4096,0,0,0,0,0,0,16384,921600,921600,720,10049,FULL,-200,200,-200,200,-200,-200,-200,-200,100
1782683576,0,4096,4096,0,0,0,0,0,0,24576,205221,921600,166,40901,short,-200,200,-200,200,-200,-200,-200,-200,100
1782683585,0,4096,4096,0,0,0,0,0,0,4096,921600,921600,720,10195,FULL,200,200,-200,200,-200,-200,-200,-200,100
1782683586,0,4096,4096,0,0,0,0,0,0,6144,921600,921600,720,10196,FULL,200,200,-200,200,-200,-200,-200,-200,100
1782683587,0,4096,4096,0,0,0,0,0,0,8192,921600,921600,720,10194,FULL,200,200,-200,200,-200,-200,-200,-200,100
1782683588,0,4096,4096,0,0,0,0,0,0,12288,921600,921600,720,10199,FULL,200,200,-200,200,-200,-200,-200,-200,100
1782683589,0,4096,4096,0,0,0,0,0,0,16384,234472,921600,182,18670,short,200,200,-200,200,-200,-200,-200,-200,100
1782683590,0,4096,4096,0,0,0,0,0,0,24576,234458,921600,182,17432,short,200,200,-200,200,-200,-200,-200,-200,100
1782683599,0,4096,4096,0,0,0,0,0,0,4096,921600,921600,720,10049,FULL,-200,-200,200,200,-200,-200,-200,-200,100
1782683600,0,4096,4096,0,0,0,0,0,0,6144,921600,921600,720,10049,FULL,-200,-200,200,200,-200,-200,-200,-200,100
1782683601,0,4096,4096,0,0,0,0,0,0,8192,921600,921600,720,10049,FULL,-200,-200,200,200,-200,-200,-200,-200,100
1782683602,0,4096,4096,0,0,0,0,0,0,12288,247655,921600,194,11703,short,-200,-200,200,200,-200,-200,-200,-200,100
1782683603,0,4096,4096,0,0,0,0,0,0,16384,248014,921600,194,10787,short,-200,-200,200,200,-200,-200,-200,-200,100
1782683604,0,4096,4096,0,0,0,0,0,0,24576,247696,921600,193,11979,short,-200,-200,200,200,-200,-200,-200,-200,100
1782683613,0,4096,4096,0,0,0,0,0,0,4096,921600,921600,720,10049,FULL,200,-200,200,200,-200,-200,-200,-200,100
1782683614,0,4096,4096,0,0,0,0,0,0,6144,921600,921600,720,10049,FULL,200,-200,200,200,-200,-200,-200,-200,100
1782683615,0,4096,4096,0,0,0,0,0,0,8192,270335,921600,212,48300,short,200,-200,200,200,-200,-200,-200,-200,100
1782683616,0,4096,4096,0,0,0,0,0,0,12288,270351,921600,212,50391,short,200,-200,200,200,-200,-200,-200,-200,100
1782683617,0,4096,4096,0,0,0,0,0,0,16384,598211,921600,468,26209,short,200,-200,200,200,-200,-200,-200,-200,100
1782683619,0,4096,4096,0,0,0,0,0,0,24576,270988,921600,211,46553,short,200,-200,200,200,-200,-200,-200,-200,100
1782683627,0,4096,4096,0,0,0,0,0,0,4096,921600,921600,720,10049,FULL,-200,200,200,200,-200,-200,-200,-200,100
1782683628,0,4096,4096,0,0,0,0,0,0,6144,921600,921600,720,10049,FULL,-200,200,200,200,-200,-200,-200,-200,100
1782683629,0,4096,4096,0,0,0,0,0,0,8192,921600,921600,720,10049,FULL,-200,200,200,200,-200,-200,-200,-200,100
1782683630,0,4096,4096,0,0,0,0,0,0,12288,921600,921600,720,10049,FULL,-200,200,200,200,-200,-200,-200,-200,100
1782683631,0,4096,4096,0,0,0,0,0,0,16384,201634,921600,184,16277,short,-200,200,200,200,-200,-200,-200,-200,100
1782683633,0,4096,4096,0,0,0,0,0,0,24576,234645,921600,182,17041,short,-200,200,200,200,-200,-200,-200,-200,100
1782683642,0,4096,4096,0,0,0,0,0,0,4096,921600,921600,720,10390,FULL,200,200,200,200,-200,-200,-200,-200,100
1782683643,0,4096,4096,0,0,0,0,0,0,6144,921600,921600,720,10400,FULL,200,200,200,200,-200,-200,-200,-200,100
1782683644,0,4096,4096,0,0,0,0,0,0,8192,921600,921600,720,10405,FULL,200,200,200,200,-200,-200,-200,-200,100
1782683645,0,4096,4096,0,0,0,0,0,0,12288,235313,921600,192,9312,short,200,200,200,200,-200,-200,-200,-200,100
1782683646,0,4096,4096,0,0,0,0,0,0,16384,246720,921600,192,5743,short,200,200,200,200,-200,-200,-200,-200,100
1782683647,0,4096,4096,0,0,0,0,0,0,24576,247168,921600,193,7283,short,200,200,200,200,-200,-200,-200,-200,100
1782683656,0,4096,4096,0,0,0,0,0,0,4096,393902,921600,308,39069,short,-200,-200,-200,-200,200,-200,-200,-200,100
1782683657,0,4096,4096,0,0,0,0,0,0,6144,921600,921600,720,10049,FULL,-200,-200,-200,-200,200,-200,-200,-200,100
1782683658,0,4096,4096,0,0,0,0,0,0,4096,393914,921600,308,40566,short,-200,-200,-200,-200,200,-200,-200,-200,100
1782683658,0,4096,4096,0,0,0,0,0,0,6144,921600,921600,720,10049,FULL,-200,-200,-200,-200,200,-200,-200,-200,100
1782683659,0,4096,4096,0,0,0,0,0,0,8192,393927,921600,308,43101,short,-200,-200,-200,-200,200,-200,-200,-200,100
1782683660,0,4096,4096,0,0,0,0,0,0,12288,393914,921600,307,40624,short,-200,-200,-200,-200,200,-200,-200,-200,100
1782683662,0,4096,4096,0,0,0,0,0,0,16384,396141,921600,308,40449,short,-200,-200,-200,-200,200,-200,-200,-200,100
1782683663,0,4096,4096,0,0,0,0,0,0,24576,382692,921600,298,3887,short,-200,-200,-200,-200,200,-200,-200,-200,100
1782683670,0,4096,4096,0,0,0,0,0,0,4096,921600,921600,720,10049,FULL,200,-200,-200,-200,200,-200,-200,-200,100
1782683671,0,4096,4096,0,0,0,0,0,0,6144,921600,921600,720,10049,FULL,200,-200,-200,-200,200,-200,-200,-200,100
1782683672,0,4096,4096,0,0,0,0,0,0,8192,921600,921600,720,10049,FULL,200,-200,-200,-200,200,-200,-200,-200,100
1782683673,0,4096,4096,0,0,0,0,0,0,12288,442479,921600,345,59767,short,200,-200,-200,-200,200,-200,-200,-200,100
1782683674,0,4096,4096,0,0,0,0,0,0,16384,443583,921600,345,55931,short,200,-200,-200,-200,200,-200,-200,-200,100
1782683675,0,4096,4096,0,0,0,0,0,0,24576,444720,921600,346,57122,short,200,-200,-200,-200,200,-200,-200,-200,100
1782683684,0,4096,4096,0,0,0,0,0,0,4096,141518,921600,111,19846,short,-200,200,-200,-200,200,-200,-200,-200,100
1782683685,0,4096,4096,0,0,0,0,0,0,6144,141196,921600,110,22809,short,-200,200,-200,-200,200,-200,-200,-200,100
1782683686,0,4096,4096,0,0,0,0,0,0,8192,141229,921600,111,21114,short,-200,200,-200,-200,200,-200,-200,-200,100
1782683687,0,4096,4096,0,0,0,0,0,0,12288,141349,921600,111,19705,short,-200,200,-200,-200,200,-200,-200,-200,100
1782683688,0,4096,4096,0,0,0,0,0,0,16384,154345,921600,120,11217,short,-200,200,-200,-200,200,-200,-200,-200,100
1782683690,0,4096,4096,0,0,0,0,0,0,24576,132568,921600,103,1385,short,-200,200,-200,-200,200,-200,-200,-200,100
1782683697,0,4096,4096,0,0,0,0,0,0,4096,921600,921600,720,0,FULL,200,200,-200,-200,200,-200,-200,-200,100
1782683699,0,4096,4096,0,0,0,0,0,0,4096,920916,921600,718,1885,short,200,200,-200,-200,200,-200,-200,-200,100
1782683699,0,4096,4096,0,0,0,0,0,0,6144,169555,921600,134,38074,short,200,200,-200,-200,200,-200,-200,-200,100
1782683700,0,4096,4096,0,0,0,0,0,0,8192,159183,921600,133,39095,short,200,200,-200,-200,200,-200,-200,-200,100
1782683701,0,4096,4096,0,0,0,0,0,0,12288,169564,921600,132,41075,short,200,200,-200,-200,200,-200,-200,-200,100
1782683703,0,4096,4096,0,0,0,0,0,0,16384,169542,921600,133,37700,short,200,200,-200,-200,200,-200,-200,-200,100
1782683704,0,4096,4096,0,0,0,0,0,0,24576,170780,921600,133,36482,short,200,200,-200,-200,200,-200,-200,-200,100
1782683713,0,4096,4096,0,0,0,0,0,0,4096,921600,921600,720,10049,FULL,-200,-200,200,-200,200,-200,-200,-200,100
1782683714,0,4096,4096,0,0,0,0,0,0,6144,921600,921600,720,10049,FULL,-200,-200,200,-200,200,-200,-200,-200,100
1782683715,0,4096,4096,0,0,0,0,0,0,8192,921600,921600,720,10049,FULL,-200,-200,200,-200,200,-200,-200,-200,100
1782683716,0,4096,4096,0,0,0,0,0,0,12288,513450,921600,401,48432,short,-200,-200,200,-200,200,-200,-200,-200,100
1782683717,0,4096,4096,0,0,0,0,0,0,16384,513466,921600,401,49665,short,-200,-200,200,-200,200,-200,-200,-200,100
1782683718,0,4096,4096,0,0,0,0,0,0,24576,550218,921600,430,8817,short,-200,-200,200,-200,200,-200,-200,-200,100
1782683727,0,4096,4096,0,0,0,0,0,0,4096,921600,921600,720,10049,FULL,200,-200,200,-200,200,-200,-200,-200,100
1782683728,0,4096,4096,0,0,0,0,0,0,6144,921600,921600,720,10049,FULL,200,-200,200,-200,200,-200,-200,-200,100
1782683729,0,4096,4096,0,0,0,0,0,0,8192,921600,921600,720,10049,FULL,200,-200,200,-200,200,-200,-200,-200,100
1782683730,0,4096,4096,0,0,0,0,0,0,12288,538063,921600,420,21720,short,200,-200,200,-200,200,-200,-200,-200,100
1782683731,0,4096,4096,0,0,0,0,0,0,16384,537231,921600,420,20972,short,200,-200,200,-200,200,-200,-200,-200,100
1782683732,0,4096,4096,0,0,0,0,0,0,24576,530045,921600,421,23233,short,200,-200,200,-200,200,-200,-200,-200,100
1782683741,0,4096,4096,0,0,0,0,0,0,4096,921600,921600,720,10049,FULL,-200,200,200,-200,200,-200,-200,-200,100
1782683742,0,4096,4096,0,0,0,0,0,0,6144,921600,921600,720,10049,FULL,-200,200,200,-200,200,-200,-200,-200,100
1782683743,0,4096,4096,0,0,0,0,0,0,8192,921600,921600,720,10049,FULL,-200,200,200,-200,200,-200,-200,-200,100
1782683744,0,4096,4096,0,0,0,0,0,0,12288,257208,921600,200,1489,short,-200,200,200,-200,200,-200,-200,-200,100
1782683745,0,4096,4096,0,0,0,0,0,0,16384,257259,921600,201,65513,short,-200,200,200,-200,200,-200,-200,-200,100
1782683747,0,4096,4096,0,0,0,0,0,0,24576,257230,921600,201,3569,short,-200,200,200,-200,200,-200,-200,-200,100
1782683755,0,4096,4096,0,0,0,0,0,0,4096,921600,921600,720,10194,FULL,200,200,200,-200,200,-200,-200,-200,100
1782683756,0,4096,4096,0,0,0,0,0,0,6144,921600,921600,720,10196,FULL,200,200,200,-200,200,-200,-200,-200,100
1782683757,0,4096,4096,0,0,0,0,0,0,8192,921600,921600,720,10213,FULL,200,200,200,-200,200,-200,-200,-200,100
1782683758,0,4096,4096,0,0,0,0,0,0,12288,921600,921600,720,10195,FULL,200,200,200,-200,200,-200,-200,-200,100
1782683759,0,4096,4096,0,0,0,0,0,0,16384,293504,921600,230,28057,short,200,200,200,-200,200,-200,-200,-200,100
1782683761,0,4096,4096,0,0,0,0,0,0,24576,292999,921600,229,28479,short,200,200,200,-200,200,-200,-200,-200,100
1782683770,0,4096,4096,0,0,0,0,0,0,4096,921600,921600,720,10049,FULL,-200,-200,-200,200,200,-200,-200,-200,100
1782683770,0,4096,4096,0,0,0,0,0,0,6144,199973,921600,172,44225,short,-200,-200,-200,200,200,-200,-200,-200,100
1782683771,0,4096,4096,0,0,0,0,0,0,8192,197382,921600,172,45665,short,-200,-200,-200,200,200,-200,-200,-200,100
1782683772,0,4096,4096,0,0,0,0,0,0,12288,218391,921600,172,46358,short,-200,-200,-200,200,200,-200,-200,-200,100
1782683774,0,4096,4096,0,0,0,0,0,0,16384,218391,921600,172,41498,short,-200,-200,-200,200,200,-200,-200,-200,100
1782683775,0,4096,4096,0,0,0,0,0,0,24576,218741,921600,171,46738,short,-200,-200,-200,200,200,-200,-200,-200,100
1782683784,0,4096,4096,0,0,0,0,0,0,4096,921600,921600,720,10049,FULL,200,-200,-200,200,200,-200,-200,-200,100
1782683785,0,4096,4096,0,0,0,0,0,0,6144,921600,921600,720,10049,FULL,200,-200,-200,200,200,-200,-200,-200,100
1782683786,0,4096,4096,0,0,0,0,0,0,8192,921600,921600,720,10049,FULL,200,-200,-200,200,200,-200,-200,-200,100
1782683787,0,4096,4096,0,0,0,0,0,0,12288,251226,921600,196,3338,short,200,-200,-200,200,200,-200,-200,-200,100
1782683788,0,4096,4096,0,0,0,0,0,0,16384,249191,921600,197,3065,short,200,-200,-200,200,200,-200,-200,-200,100
1782683789,0,4096,4096,0,0,0,0,0,0,24576,251291,921600,197,5274,short,200,-200,-200,200,200,-200,-200,-200,100
1782683798,0,4096,4096,0,0,0,0,0,0,4096,921600,921600,720,10049,FULL,-200,200,-200,200,200,-200,-200,-200,100
1782683799,0,4096,4096,0,0,0,0,0,0,6144,921600,921600,720,10049,FULL,-200,200,-200,200,200,-200,-200,-200,100
1782683800,0,4096,4096,0,0,0,0,0,0,8192,921600,921600,720,10049,FULL,-200,200,-200,200,200,-200,-200,-200,100
1782683801,0,4096,4096,0,0,0,0,0,0,12288,921600,921600,720,10049,FULL,-200,200,-200,200,200,-200,-200,-200,100
1782683802,0,4096,4096,0,0,0,0,0,0,16384,921600,921600,720,10049,FULL,-200,200,-200,200,200,-200,-200,-200,100
1782683803,0,4096,4096,0,0,0,0,0,0,24576,212000,921600,167,39967,short,-200,200,-200,200,200,-200,-200,-200,100
1782683812,0,4096,4096,0,0,0,0,0,0,4096,921600,921600,720,10213,FULL,200,200,-200,200,200,-200,-200,-200,100
1782683813,0,4096,4096,0,0,0,0,0,0,6144,921600,921600,720,10201,FULL,200,200,-200,200,200,-200,-200,-200,100
1782683814,0,4096,4096,0,0,0,0,0,0,8192,921600,921600,720,10195,FULL,200,200,-200,200,200,-200,-200,-200,100
1782683815,0,4096,4096,0,0,0,0,0,0,12288,921600,921600,720,10195,FULL,200,200,-200,200,200,-200,-200,-200,100
1782683816,0,4096,4096,0,0,0,0,0,0,16384,921600,921600,720,10215,FULL,200,200,-200,200,200,-200,-200,-200,100
1782683818,0,4096,4096,0,0,0,0,0,0,24576,232365,921600,180,20802,short,200,200,-200,200,200,-200,-200,-200,100
1782683826,0,4096,4096,0,0,0,0,0,0,4096,921600,921600,720,10049,FULL,-200,-200,200,200,200,-200,-200,-200,100
1782683827,0,4096,4096,0,0,0,0,0,0,6144,921600,921600,720,10049,FULL,-200,-200,200,200,200,-200,-200,-200,100
1782683828,0,4096,4096,0,0,0,0,0,0,8192,921600,921600,720,10049,FULL,-200,-200,200,200,200,-200,-200,-200,100
1782683829,0,4096,4096,0,0,0,0,0,0,12288,921600,921600,720,10049,FULL,-200,-200,200,200,200,-200,-200,-200,100
1782683830,0,4096,4096,0,0,0,0,0,0,16384,202389,921600,199,3125,short,-200,-200,200,200,200,-200,-200,-200,100
1782683832,0,4096,4096,0,0,0,0,0,0,24576,413797,921600,324,29818,short,-200,-200,200,200,200,-200,-200,-200,100
1782683841,0,4096,4096,0,0,0,0,0,0,4096,921600,921600,720,10049,FULL,200,-200,200,200,200,-200,-200,-200,100
1782683842,0,4096,4096,0,0,0,0,0,0,6144,921600,921600,720,10049,FULL,200,-200,200,200,200,-200,-200,-200,100
1782683842,0,4096,4096,0,0,0,0,0,0,8192,921600,921600,720,10049,FULL,200,-200,200,200,200,-200,-200,-200,100
1782683844,0,4096,4096,0,0,0,0,0,0,12288,263897,921600,206,54565,short,200,-200,200,200,200,-200,-200,-200,100
1782683845,0,4096,4096,0,0,0,0,0,0,16384,263804,921600,205,56451,short,200,-200,200,200,200,-200,-200,-200,100
1782683846,0,4096,4096,0,0,0,0,0,0,24576,265083,921600,206,58581,short,200,-200,200,200,200,-200,-200,-200,100
1782683855,0,4096,4096,0,0,0,0,0,0,4096,921600,921600,720,10049,FULL,-200,200,200,200,200,-200,-200,-200,100
1782683856,0,4096,4096,0,0,0,0,0,0,6144,921600,921600,720,10049,FULL,-200,200,200,200,200,-200,-200,-200,100
1782683857,0,4096,4096,0,0,0,0,0,0,8192,921600,921600,720,10049,FULL,-200,200,200,200,200,-200,-200,-200,100
1782683858,0,4096,4096,0,0,0,0,0,0,12288,921600,921600,720,10049,FULL,-200,200,200,200,200,-200,-200,-200,100
1782683859,0,4096,4096,0,0,0,0,0,0,16384,921600,921600,720,10049,FULL,-200,200,200,200,200,-200,-200,-200,100
1782683860,0,4096,4096,0,0,0,0,0,0,24576,429850,921600,335,13640,short,-200,200,200,200,200,-200,-200,-200,100
1782683869,0,4096,4096,0,0,0,0,0,0,4096,921600,921600,720,10194,FULL,200,200,200,200,200,-200,-200,-200,100
1782683870,0,4096,4096,0,0,0,0,0,0,6144,921600,921600,720,10194,FULL,200,200,200,200,200,-200,-200,-200,100
1782683871,0,4096,4096,0,0,0,0,0,0,8192,921600,921600,720,10219,FULL,200,200,200,200,200,-200,-200,-200,100
1782683872,0,4096,4096,0,0,0,0,0,0,12288,921600,921600,720,10196,FULL,200,200,200,200,200,-200,-200,-200,100
1782683873,0,4096,4096,0,0,0,0,0,0,16384,921600,921600,720,10195,FULL,200,200,200,200,200,-200,-200,-200,100
1782683874,0,4096,4096,0,0,0,0,0,0,24576,400299,921600,312,43305,short,200,200,200,200,200,-200,-200,-200,100
1782683883,0,4096,4096,0,0,0,0,0,0,4096,921600,921600,720,10049,FULL,-200,-200,-200,-200,-200,200,-200,-200,100
1782683884,0,4096,4096,0,0,0,0,0,0,6144,921600,921600,720,0,FULL,-200,-200,-200,-200,-200,200,-200,-200,100
1782683885,0,4096,4096,0,0,0,0,0,0,8192,921600,921600,720,10049,FULL,-200,-200,-200,-200,-200,200,-200,-200,100
1782683886,0,4096,4096,0,0,0,0,0,0,12288,361207,921600,282,19215,short,-200,-200,-200,-200,-200,200,-200,-200,100
1782683887,0,4096,4096,0,0,0,0,0,0,16384,361223,921600,283,19769,short,-200,-200,-200,-200,-200,200,-200,-200,100
1782683889,0,4096,4096,0,0,0,0,0,0,24576,361239,921600,282,20448,short,-200,-200,-200,-200,-200,200,-200,-200,100
1782683898,0,4096,4096,0,0,0,0,0,0,4096,446777,921600,349,63157,short,200,-200,-200,-200,-200,200,-200,-200,100
1782683898,0,4096,4096,0,0,0,0,0,0,6144,428600,921600,350,61450,short,200,-200,-200,-200,-200,200,-200,-200,100
1782683899,0,4096,4096,0,0,0,0,0,0,8192,422654,921600,350,61936,short,200,-200,-200,-200,-200,200,-200,-200,100
1782683900,0,4096,4096,0,0,0,0,0,0,12288,446759,921600,350,9517,short,200,-200,-200,-200,-200,200,-200,-200,100
1782683902,0,4096,4096,0,0,0,0,0,0,16384,446775,921600,350,63516,short,200,-200,-200,-200,-200,200,-200,-200,100
1782683903,0,4096,4096,0,0,0,0,0,0,24576,446875,921600,349,61480,short,200,-200,-200,-200,-200,200,-200,-200,100
1782683912,0,4096,4096,0,0,0,0,0,0,4096,921600,921600,720,10049,FULL,-200,200,-200,-200,-200,200,-200,-200,100
1782683913,0,4096,4096,0,0,0,0,0,0,6144,921600,921600,720,10049,FULL,-200,200,-200,-200,-200,200,-200,-200,100
1782683914,0,4096,4096,0,0,0,0,0,0,8192,921600,921600,720,10049,FULL,-200,200,-200,-200,-200,200,-200,-200,100
1782683915,0,4096,4096,0,0,0,0,0,0,12288,921600,921600,720,10049,FULL,-200,200,-200,-200,-200,200,-200,-200,100
1782683916,0,4096,4096,0,0,0,0,0,0,16384,921600,921600,720,10049,FULL,-200,200,-200,-200,-200,200,-200,-200,100
1782683917,0,4096,4096,0,0,0,0,0,0,24576,921600,921600,720,10049,FULL,-200,200,-200,-200,-200,200,-200,-200,100
1782683926,0,4096,4096,0,0,0,0,0,0,4096,921600,921600,720,10198,FULL,200,200,-200,-200,-200,200,-200,-200,100
1782683927,0,4096,4096,0,0,0,0,0,0,4096,921600,921600,720,10195,FULL,200,200,-200,-200,-200,200,-200,-200,100
1782683928,0,4096,4096,0,0,0,0,0,0,6144,921600,921600,720,10208,FULL,200,200,-200,-200,-200,200,-200,-200,100
1782683929,0,4096,4096,0,0,0,0,0,0,8192,921600,921600,720,10226,FULL,200,200,-200,-200,-200,200,-200,-200,100
1782683930,0,4096,4096,0,0,0,0,0,0,12288,227185,921600,177,35083,short,200,200,-200,-200,-200,200,-200,-200,100
1782683931,0,4096,4096,0,0,0,0,0,0,16384,227218,921600,178,35314,short,200,200,-200,-200,-200,200,-200,-200,100
1782683932,0,4096,4096,0,0,0,0,0,0,24576,227144,921600,177,36505,short,200,200,-200,-200,-200,200,-200,-200,100
1782683940,0,4096,4096,0,0,0,0,0,0,4096,921600,921600,720,10049,FULL,-200,-200,200,-200,-200,200,-200,-200,100
1782683941,0,4096,4096,0,0,0,0,0,0,6144,367108,921600,287,7417,short,-200,-200,200,-200,-200,200,-200,-200,100
1782683942,0,4096,4096,0,0,0,0,0,0,8192,367609,921600,288,10434,short,-200,-200,200,-200,-200,200,-200,-200,100
1782683943,0,4096,4096,0,0,0,0,0,0,12288,367603,921600,288,6720,short,-200,-200,200,-200,-200,200,-200,-200,100
1782683944,0,4096,4096,0,0,0,0,0,0,16384,367058,921600,287,6556,short,-200,-200,200,-200,-200,200,-200,-200,100
1782683946,0,4096,4096,0,0,0,0,0,0,24576,367190,921600,287,8795,short,-200,-200,200,-200,-200,200,-200,-200,100
1782683954,0,4096,4096,0,0,0,0,0,0,4096,823548,921600,643,52001,short,200,-200,200,-200,-200,200,-200,-200,100
1782683955,0,4096,4096,0,0,0,0,0,0,6144,448032,921600,351,59747,short,200,-200,200,-200,-200,200,-200,-200,100
1782683956,0,4096,4096,0,0,0,0,0,0,8192,448056,921600,350,60181,short,200,-200,200,-200,-200,200,-200,-200,100
1782683957,0,4096,4096,0,0,0,0,0,0,12288,448088,921600,351,64507,short,200,-200,200,-200,-200,200,-200,-200,100
1782683958,0,4096,4096,0,0,0,0,0,0,16384,448047,921600,351,59213,short,200,-200,200,-200,-200,200,-200,-200,100
1782683960,0,4096,4096,0,0,0,0,0,0,24576,577453,921600,451,64389,short,200,-200,200,-200,-200,200,-200,-200,100
1782683969,0,4096,4096,0,0,0,0,0,0,4096,921600,921600,720,10049,FULL,-200,200,200,-200,-200,200,-200,-200,100
1782683969,0,4096,4096,0,0,0,0,0,0,6144,921600,921600,720,10049,FULL,-200,200,200,-200,-200,200,-200,-200,100
1782683970,0,4096,4096,0,0,0,0,0,0,8192,921600,921600,720,10049,FULL,-200,200,200,-200,-200,200,-200,-200,100
1782683971,0,4096,4096,0,0,0,0,0,0,12288,921600,921600,720,10049,FULL,-200,200,200,-200,-200,200,-200,-200,100
1782683973,0,4096,4096,0,0,0,0,0,0,16384,210794,921600,165,51198,short,-200,200,200,-200,-200,200,-200,-200,100
1782683974,0,4096,4096,0,0,0,0,0,0,24576,210791,921600,164,51228,short,-200,200,200,-200,-200,200,-200,-200,100
1782683983,0,4096,4096,0,0,0,0,0,0,4096,921600,921600,720,10389,FULL,200,200,200,-200,-200,200,-200,-200,100
1782683984,0,4096,4096,0,0,0,0,0,0,6144,209301,921600,164,50848,short,200,200,200,-200,-200,200,-200,-200,100
1782683985,0,4096,4096,0,0,0,0,0,0,8192,209245,921600,163,50344,short,200,200,200,-200,-200,200,-200,-200,100
1782683986,0,4096,4096,0,0,0,0,0,0,12288,209402,921600,163,49675,short,200,200,200,-200,-200,200,-200,-200,100
1782683987,0,4096,4096,0,0,0,0,0,0,16384,209340,921600,163,51151,short,200,200,200,-200,-200,200,-200,-200,100
1782683988,0,4096,4096,0,0,0,0,0,0,24576,209446,921600,163,49267,short,200,200,200,-200,-200,200,-200,-200,100
1782683997,0,4096,4096,0,0,0,0,0,0,4096,921600,921600,720,10049,FULL,-200,-200,-200,200,-200,200,-200,-200,100
1782683998,0,4096,4096,0,0,0,0,0,0,6144,921600,921600,720,10049,FULL,-200,-200,-200,200,-200,200,-200,-200,100
1782683999,0,4096,4096,0,0,0,0,0,0,8192,921600,921600,720,10049,FULL,-200,-200,-200,200,-200,200,-200,-200,100
1782684000,0,4096,4096,0,0,0,0,0,0,12288,921600,921600,720,10049,FULL,-200,-200,-200,200,-200,200,-200,-200,100
1782684001,0,4096,4096,0,0,0,0,0,0,16384,921600,921600,720,10049,FULL,-200,-200,-200,200,-200,200,-200,-200,100
1782684002,0,4096,4096,0,0,0,0,0,0,24576,921600,921600,720,10049,FULL,-200,-200,-200,200,-200,200,-200,-200,100
1782684011,0,4096,4096,0,0,0,0,0,0,4096,445458,921600,348,65403,short,200,-200,-200,200,-200,200,-200,-200,100
1782684012,0,4096,4096,0,0,0,0,0,0,6144,445639,921600,349,63889,short,200,-200,-200,200,-200,200,-200,-200,100
1782684013,0,4096,4096,0,0,0,0,0,0,8192,445525,921600,348,64003,short,200,-200,-200,200,-200,200,-200,-200,100
1782684014,0,4096,4096,0,0,0,0,0,0,12288,438589,921600,347,2239,short,200,-200,-200,200,-200,200,-200,-200,100
1782684015,0,4096,4096,0,0,0,0,0,0,16384,445612,921600,348,63778,short,200,-200,-200,200,-200,200,-200,-200,100
1782684017,0,4096,4096,0,0,0,0,0,0,24576,445533,921600,347,63701,short,200,-200,-200,200,-200,200,-200,-200,100
1782684025,0,4096,4096,0,0,0,0,0,0,4096,921600,921600,720,10049,FULL,-200,200,-200,200,-200,200,-200,-200,100
1782684026,0,4096,4096,0,0,0,0,0,0,6144,921600,921600,720,10049,FULL,-200,200,-200,200,-200,200,-200,-200,100
1782684027,0,4096,4096,0,0,0,0,0,0,8192,921600,921600,720,10049,FULL,-200,200,-200,200,-200,200,-200,-200,100
1782684028,0,4096,4096,0,0,0,0,0,0,12288,921600,921600,720,10049,FULL,-200,200,-200,200,-200,200,-200,-200,100
1782684029,0,4096,4096,0,0,0,0,0,0,16384,921600,921600,720,10049,FULL,-200,200,-200,200,-200,200,-200,-200,100
1782684031,0,4096,4096,0,0,0,0,0,0,24576,139826,921600,110,29974,short,-200,200,-200,200,-200,200,-200,-200,100
1782684040,0,4096,4096,0,0,0,0,0,0,4096,921600,921600,720,10386,FULL,200,200,-200,200,-200,200,-200,-200,100
1782684041,0,4096,4096,0,0,0,0,0,0,6144,921600,921600,720,10397,FULL,200,200,-200,200,-200,200,-200,-200,100
1782684041,0,4096,4096,0,0,0,0,0,0,8192,921600,921600,720,10389,FULL,200,200,-200,200,-200,200,-200,-200,100
1782684043,0,4096,4096,0,0,0,0,0,0,12288,921600,921600,720,10413,FULL,200,200,-200,200,-200,200,-200,-200,100
1782684044,0,4096,4096,0,0,0,0,0,0,16384,150533,921600,117,44454,short,200,200,-200,200,-200,200,-200,-200,100
1782684045,0,4096,4096,0,0,0,0,0,0,24576,151135,921600,118,41331,short,200,200,-200,200,-200,200,-200,-200,100
1782684054,0,4096,4096,0,0,0,0,0,0,4096,295916,921600,231,32969,short,-200,-200,200,200,-200,200,-200,-200,100
1782684055,0,4096,4096,0,0,0,0,0,0,6144,265424,921600,232,31051,short,-200,-200,200,200,-200,200,-200,-200,100
1782684056,0,4096,4096,0,0,0,0,0,0,8192,264561,921600,231,35717,short,-200,-200,200,200,-200,200,-200,-200,100
1782684057,0,4096,4096,0,0,0,0,0,0,12288,296103,921600,231,32122,short,-200,-200,200,200,-200,200,-200,-200,100
1782684058,0,4096,4096,0,0,0,0,0,0,16384,295951,921600,232,31419,short,-200,-200,200,200,-200,200,-200,-200,100
1782684059,0,4096,4096,0,0,0,0,0,0,24576,296004,921600,231,1018,short,-200,-200,200,200,-200,200,-200,-200,100
1782684067,0,4096,4096,0,0,0,0,0,0,4096,441639,921600,345,64574,short,200,-200,200,200,-200,200,-200,-200,100
1782684068,0,4096,4096,0,0,0,0,0,0,6144,441527,921600,345,64290,short,200,-200,200,200,-200,200,-200,-200,100
1782684069,0,4096,4096,0,0,0,0,0,0,8192,441770,921600,346,62658,short,200,-200,200,200,-200,200,-200,-200,100
1782684070,0,4096,4096,0,0,0,0,0,0,12288,441653,921600,344,65440,short,200,-200,200,200,-200,200,-200,-200,100
1782684071,0,4096,4096,0,0,0,0,0,0,16384,441772,921600,346,1177,short,200,-200,200,200,-200,200,-200,-200,100
1782684073,0,4096,4096,0,0,0,0,0,0,24576,441693,921600,345,64962,short,200,-200,200,200,-200,200,-200,-200,100
1782684074,0,4096,4096,0,0,0,0,0,0,4096,842816,921600,658,27285,short,200,-200,200,200,-200,200,-200,-200,100
1782684074,0,4096,4096,0,0,0,0,0,0,6144,441636,921600,345,315,short,200,-200,200,200,-200,200,-200,-200,100
1782684075,0,4096,4096,0,0,0,0,0,0,8192,441722,921600,346,63550,short,200,-200,200,200,-200,200,-200,-200,100
1782684076,0,4096,4096,0,0,0,0,0,0,12288,441693,921600,346,230,short,200,-200,200,200,-200,200,-200,-200,100
1782684078,0,4096,4096,0,0,0,0,0,0,16384,441632,921600,345,64614,short,200,-200,200,200,-200,200,-200,-200,100
1782684079,0,4096,4096,0,0,0,0,0,0,24576,441722,921600,346,63549,short,200,-200,200,200,-200,200,-200,-200,100
1782684082,0,4096,4096,0,0,0,0,0,0,4096,921600,921600,720,10049,FULL,-200,200,200,200,-200,200,-200,-200,100
1782684083,0,4096,4096,0,0,0,0,0,0,6144,921600,921600,720,10049,FULL,-200,200,200,200,-200,200,-200,-200,100
1782684084,0,4096,4096,0,0,0,0,0,0,8192,921600,921600,720,10049,FULL,-200,200,200,200,-200,200,-200,-200,100
1782684085,0,4096,4096,0,0,0,0,0,0,12288,921600,921600,720,10049,FULL,-200,200,200,200,-200,200,-200,-200,100
1782684086,0,4096,4096,0,0,0,0,0,0,16384,921600,921600,720,10049,FULL,-200,200,200,200,-200,200,-200,-200,100
1782684088,0,4096,4096,0,0,0,0,0,0,24576,139802,921600,110,51389,short,-200,200,200,200,-200,200,-200,-200,100
1782684096,0,4096,4096,0,0,0,0,0,0,4096,921600,921600,720,10406,FULL,200,200,200,200,-200,200,-200,-200,100
1782684097,0,4096,4096,0,0,0,0,0,0,6144,921600,921600,720,10387,FULL,200,200,200,200,-200,200,-200,-200,100
1782684098,0,4096,4096,0,0,0,0,0,0,8192,921600,921600,720,0,FULL,200,200,200,200,-200,200,-200,-200,100
1782684099,0,4096,4096,0,0,0,0,0,0,12288,157516,921600,123,35496,short,200,200,200,200,-200,200,-200,-200,100
1782684100,0,4096,4096,0,0,0,0,0,0,16384,157664,921600,124,33384,short,200,200,200,200,-200,200,-200,-200,100
1782684102,0,4096,4096,0,0,0,0,0,0,24576,156839,921600,122,35648,short,200,200,200,200,-200,200,-200,-200,100
1782684111,0,4096,4096,0,0,0,0,0,0,4096,921600,921600,720,10049,FULL,-200,-200,-200,-200,200,200,-200,-200,100
1782684112,0,4096,4096,0,0,0,0,0,0,6144,921600,921600,720,10049,FULL,-200,-200,-200,-200,200,200,-200,-200,100
1782684113,0,4096,4096,0,0,0,0,0,0,8192,921600,921600,720,10049,FULL,-200,-200,-200,-200,200,200,-200,-200,100
1782684114,0,4096,4096,0,0,0,0,0,0,12288,360472,921600,281,10883,short,-200,-200,-200,-200,200,200,-200,-200,100
1782684115,0,4096,4096,0,0,0,0,0,0,16384,360426,921600,282,13886,short,-200,-200,-200,-200,200,200,-200,-200,100
1782684116,0,4096,4096,0,0,0,0,0,0,24576,360426,921600,282,11400,short,-200,-200,-200,-200,200,200,-200,-200,100
1782684125,0,4096,4096,0,0,0,0,0,0,4096,416438,921600,325,19724,short,200,-200,-200,-200,200,200,-200,-200,100
1782684126,0,4096,4096,0,0,0,0,0,0,6144,416504,921600,326,18635,short,200,-200,-200,-200,200,200,-200,-200,100
1782684127,0,4096,4096,0,0,0,0,0,0,8192,416578,921600,326,16037,short,200,-200,-200,-200,200,200,-200,-200,100
1782684128,0,4096,4096,0,0,0,0,0,0,12288,412426,921600,326,20181,short,200,-200,-200,-200,200,200,-200,-200,100
1782684129,0,4096,4096,0,0,0,0,0,0,16384,613167,921600,500,53017,short,200,-200,-200,-200,200,200,-200,-200,100
1782684130,0,4096,4096,0,0,0,0,0,0,24576,547650,921600,440,6034,short,200,-200,-200,-200,200,200,-200,-200,100
1782684131,0,4096,4096,0,0,0,0,0,0,4096,416619,921600,326,18522,short,200,-200,-200,-200,200,200,-200,-200,100
1782684132,0,4096,4096,0,0,0,0,0,0,6144,416488,921600,326,17388,short,200,-200,-200,-200,200,200,-200,-200,100
1782684133,0,4096,4096,0,0,0,0,0,0,8192,416504,921600,326,17438,short,200,-200,-200,-200,200,200,-200,-200,100
1782684134,0,4096,4096,0,0,0,0,0,0,12288,416504,921600,326,20365,short,200,-200,-200,-200,200,200,-200,-200,100
1782684135,0,4096,4096,0,0,0,0,0,0,16384,416784,921600,325,21078,short,200,-200,-200,-200,200,200,-200,-200,100
1782684137,0,4096,4096,0,0,0,0,0,0,24576,562616,921600,438,3487,short,200,-200,-200,-200,200,200,-200,-200,100
1782684139,0,4096,4096,0,0,0,0,0,0,4096,921600,921600,720,10049,FULL,-200,200,-200,-200,200,200,-200,-200,100
1782684140,0,4096,4096,0,0,0,0,0,0,6144,921600,921600,720,10049,FULL,-200,200,-200,-200,200,200,-200,-200,100
1782684141,0,4096,4096,0,0,0,0,0,0,8192,921600,921600,720,10049,FULL,-200,200,-200,-200,200,200,-200,-200,100
1782684142,0,4096,4096,0,0,0,0,0,0,12288,196829,921600,155,3807,short,-200,200,-200,-200,200,200,-200,-200,100
1782684143,0,4096,4096,0,0,0,0,0,0,16384,197497,921600,155,7090,short,-200,200,-200,-200,200,200,-200,-200,100
1782684145,0,4096,4096,0,0,0,0,0,0,24576,196811,921600,155,5636,short,-200,200,-200,-200,200,200,-200,-200,100
1782684153,0,4096,4096,0,0,0,0,0,0,4096,921600,921600,720,10385,FULL,200,200,-200,-200,200,200,-200,-200,100
1782684154,0,4096,4096,0,0,0,0,0,0,6144,921600,921600,720,10385,FULL,200,200,-200,-200,200,200,-200,-200,100
1782684155,0,4096,4096,0,0,0,0,0,0,8192,921600,921600,720,10399,FULL,200,200,-200,-200,200,200,-200,-200,100
1782684156,0,4096,4096,0,0,0,0,0,0,12288,921600,921600,720,10384,FULL,200,200,-200,-200,200,200,-200,-200,100
1782684157,0,4096,4096,0,0,0,0,0,0,16384,921600,921600,720,10385,FULL,200,200,-200,-200,200,200,-200,-200,100
1782684159,0,4096,4096,0,0,0,0,0,0,24576,921600,921600,720,10386,FULL,200,200,-200,-200,200,200,-200,-200,100
1782684168,0,4096,4096,0,0,0,0,0,0,4096,921600,921600,720,10049,FULL,-200,-200,200,-200,200,200,-200,-200,100
1782684168,0,4096,4096,0,0,0,0,0,0,6144,921600,921600,720,10049,FULL,-200,-200,200,-200,200,200,-200,-200,100
1782684169,0,4096,4096,0,0,0,0,0,0,8192,921600,921600,720,10049,FULL,-200,-200,200,-200,200,200,-200,-200,100
1782684170,0,4096,4096,0,0,0,0,0,0,12288,371454,921600,291,91,short,-200,-200,200,-200,200,200,-200,-200,100
1782684172,0,4096,4096,0,0,0,0,0,0,16384,371461,921600,291,63697,short,-200,-200,200,-200,200,200,-200,-200,100
1782684173,0,4096,4096,0,0,0,0,0,0,24576,370993,921600,290,1343,short,-200,-200,200,-200,200,200,-200,-200,100
1782684182,0,4096,4096,0,0,0,0,0,0,4096,418833,921600,327,15446,short,200,-200,200,-200,200,200,-200,-200,100
1782684183,0,4096,4096,0,0,0,0,0,0,6144,418803,921600,327,17152,short,200,-200,200,-200,200,200,-200,-200,100
1782684184,0,4096,4096,0,0,0,0,0,0,8192,418914,921600,328,17531,short,200,-200,200,-200,200,200,-200,-200,100
1782684185,0,4096,4096,0,0,0,0,0,0,12288,418837,921600,328,22662,short,200,-200,200,-200,200,200,-200,-200,100
1782684186,0,4096,4096,0,0,0,0,0,0,16384,642181,921600,501,49378,short,200,-200,200,-200,200,200,-200,-200,100
1782684187,0,4096,4096,0,0,0,0,0,0,24576,569963,921600,444,62239,short,200,-200,200,-200,200,200,-200,-200,100
1782684196,0,4096,4096,0,0,0,0,0,0,4096,921600,921600,720,10049,FULL,-200,200,200,-200,200,200,-200,-200,100
1782684197,0,4096,4096,0,0,0,0,0,0,6144,921600,921600,720,10049,FULL,-200,200,200,-200,200,200,-200,-200,100
1782684198,0,4096,4096,0,0,0,0,0,0,8192,921600,921600,720,10049,FULL,-200,200,200,-200,200,200,-200,-200,100
1782684199,0,4096,4096,0,0,0,0,0,0,12288,921600,921600,720,10049,FULL,-200,200,200,-200,200,200,-200,-200,100
1782684200,0,4096,4096,0,0,0,0,0,0,16384,921600,921600,720,10049,FULL,-200,200,200,-200,200,200,-200,-200,100
1782684201,0,4096,4096,0,0,0,0,0,0,24576,921600,921600,720,10049,FULL,-200,200,200,-200,200,200,-200,-200,100
1782684210,0,4096,4096,0,0,0,0,0,0,4096,921600,921600,720,10194,FULL,200,200,200,-200,200,200,-200,-200,100
1782684211,0,4096,4096,0,0,0,0,0,0,6144,921600,921600,720,10195,FULL,200,200,200,-200,200,200,-200,-200,100
1782684212,0,4096,4096,0,0,0,0,0,0,8192,921600,921600,720,10194,FULL,200,200,200,-200,200,200,-200,-200,100
1782684213,0,4096,4096,0,0,0,0,0,0,12288,921600,921600,720,10194,FULL,200,200,200,-200,200,200,-200,-200,100
1782684214,0,4096,4096,0,0,0,0,0,0,16384,921600,921600,720,10223,FULL,200,200,200,-200,200,200,-200,-200,100
1782684216,0,4096,4096,0,0,0,0,0,0,24576,226870,921600,177,33640,short,200,200,200,-200,200,200,-200,-200,100
1782684224,0,4096,4096,0,0,0,0,0,0,4096,921600,921600,720,10049,FULL,-200,-200,-200,200,200,200,-200,-200,100
1782684225,0,4096,4096,0,0,0,0,0,0,6144,921600,921600,720,10049,FULL,-200,-200,-200,200,200,200,-200,-200,100
1782684226,0,4096,4096,0,0,0,0,0,0,8192,921600,921600,720,10049,FULL,-200,-200,-200,200,200,200,-200,-200,100
1782684227,0,4096,4096,0,0,0,0,0,0,12288,921600,921600,720,10049,FULL,-200,-200,-200,200,200,200,-200,-200,100
1782684228,0,4096,4096,0,0,0,0,0,0,16384,921600,921600,720,10049,FULL,-200,-200,-200,200,200,200,-200,-200,100
1782684230,0,4096,4096,0,0,0,0,0,0,24576,921600,921600,720,10049,FULL,-200,-200,-200,200,200,200,-200,-200,100
1782684239,0,4096,4096,0,0,0,0,0,0,4096,921600,921600,720,10049,FULL,200,-200,-200,200,200,200,-200,-200,100
1782684239,0,4096,4096,0,0,0,0,0,0,6144,388033,921600,304,48960,short,200,-200,-200,200,200,200,-200,-200,100
1782684240,0,4096,4096,0,0,0,0,0,0,8192,387890,921600,304,52592,short,200,-200,-200,200,200,200,-200,-200,100
1782684241,0,4096,4096,0,0,0,0,0,0,12288,361621,921600,303,50943,short,200,-200,-200,200,200,200,-200,-200,100
1782684243,0,4096,4096,0,0,0,0,0,0,16384,356456,921600,304,51492,short,200,-200,-200,200,200,200,-200,-200,100
1782684244,0,4096,4096,0,0,0,0,0,0,24576,388073,921600,303,51967,short,200,-200,-200,200,200,200,-200,-200,100
1782684253,0,4096,4096,0,0,0,0,0,0,4096,921600,921600,720,10049,FULL,-200,200,-200,200,200,200,-200,-200,100
1782684254,0,4096,4096,0,0,0,0,0,0,6144,921600,921600,720,10049,FULL,-200,200,-200,200,200,200,-200,-200,100
1782684255,0,4096,4096,0,0,0,0,0,0,8192,921600,921600,720,10049,FULL,-200,200,-200,200,200,200,-200,-200,100
1782684256,0,4096,4096,0,0,0,0,0,0,12288,921600,921600,720,10049,FULL,-200,200,-200,200,200,200,-200,-200,100
1782684257,0,4096,4096,0,0,0,0,0,0,16384,921600,921600,720,0,FULL,-200,200,-200,200,200,200,-200,-200,100
1782684258,0,4096,4096,0,0,0,0,0,0,24576,154428,921600,120,40119,short,-200,200,-200,200,200,200,-200,-200,100
1782684267,0,4096,4096,0,0,0,0,0,0,4096,921600,921600,720,10388,FULL,200,200,-200,200,200,200,-200,-200,100
1782684268,0,4096,4096,0,0,0,0,0,0,6144,921600,921600,720,10389,FULL,200,200,-200,200,200,200,-200,-200,100
1782684269,0,4096,4096,0,0,0,0,0,0,8192,921600,921600,720,10393,FULL,200,200,-200,200,200,200,-200,-200,100
1782684270,0,4096,4096,0,0,0,0,0,0,12288,921600,921600,720,10397,FULL,200,200,-200,200,200,200,-200,-200,100
1782684271,0,4096,4096,0,0,0,0,0,0,16384,148448,921600,117,44720,short,200,200,-200,200,200,200,-200,-200,100
1782684272,0,4096,4096,0,0,0,0,0,0,24576,148039,921600,116,44614,short,200,200,-200,200,200,200,-200,-200,100
1782684281,0,4096,4096,0,0,0,0,0,0,4096,921600,921600,720,10049,FULL,-200,-200,200,200,200,200,-200,-200,100
1782684282,0,4096,4096,0,0,0,0,0,0,6144,287157,921600,225,36313,short,-200,-200,200,200,200,200,-200,-200,100
1782684283,0,4096,4096,0,0,0,0,0,0,8192,920823,921600,718,2498,short,-200,-200,200,200,200,200,-200,-200,100
1782684284,0,4096,4096,0,0,0,0,0,0,12288,265973,921600,225,32950,short,-200,-200,200,200,200,200,-200,-200,100
1782684285,0,4096,4096,0,0,0,0,0,0,16384,287194,921600,224,37629,short,-200,-200,200,200,200,200,-200,-200,100
1782684287,0,4096,4096,0,0,0,0,0,0,24576,287185,921600,225,35014,short,-200,-200,200,200,200,200,-200,-200,100
1782684295,0,4096,4096,0,0,0,0,0,0,4096,400519,921600,313,37133,short,200,-200,200,200,200,200,-200,-200,100
1782684296,0,4096,4096,0,0,0,0,0,0,6144,400397,921600,312,36132,short,200,-200,200,200,200,200,-200,-200,100
1782684297,0,4096,4096,0,0,0,0,0,0,8192,400410,921600,314,33512,short,200,-200,200,200,200,200,-200,-200,100
1782684298,0,4096,4096,0,0,0,0,0,0,12288,400004,921600,313,38138,short,200,-200,200,200,200,200,-200,-200,100
1782684299,0,4096,4096,0,0,0,0,0,0,16384,399882,921600,312,35752,short,200,-200,200,200,200,200,-200,-200,100
1782684301,0,4096,4096,0,0,0,0,0,0,24576,400578,921600,314,35080,short,200,-200,200,200,200,200,-200,-200,100
1782684310,0,4096,4096,0,0,0,0,0,0,4096,921600,921600,720,10049,FULL,-200,200,200,200,200,200,-200,-200,100
1782684311,0,4096,4096,0,0,0,0,0,0,6144,921600,921600,720,10049,FULL,-200,200,200,200,200,200,-200,-200,100
1782684311,0,4096,4096,0,0,0,0,0,0,8192,921600,921600,720,10049,FULL,-200,200,200,200,200,200,-200,-200,100
1782684313,0,4096,4096,0,0,0,0,0,0,12288,921600,921600,720,10049,FULL,-200,200,200,200,200,200,-200,-200,100
1782684314,0,4096,4096,0,0,0,0,0,0,16384,921600,921600,720,10049,FULL,-200,200,200,200,200,200,-200,-200,100
1782684315,0,4096,4096,0,0,0,0,0,0,24576,921600,921600,720,10049,FULL,-200,200,200,200,200,200,-200,-200,100
1782684324,0,4096,4096,0,0,0,0,0,0,4096,921600,921600,720,10195,FULL,200,200,200,200,200,200,-200,-200,100
1782684325,0,4096,4096,0,0,0,0,0,0,6144,921600,921600,720,10213,FULL,200,200,200,200,200,200,-200,-200,100
1782684326,0,4096,4096,0,0,0,0,0,0,8192,921600,921600,720,10194,FULL,200,200,200,200,200,200,-200,-200,100
1782684327,0,4096,4096,0,0,0,0,0,0,12288,921600,921600,720,10195,FULL,200,200,200,200,200,200,-200,-200,100
1782684328,0,4096,4096,0,0,0,0,0,0,16384,921600,921600,720,10195,FULL,200,200,200,200,200,200,-200,-200,100
1782684329,0,4096,4096,0,0,0,0,0,0,24576,161222,921600,126,32417,short,200,200,200,200,200,200,-200,-200,100
1782684338,0,4096,4096,0,0,0,0,0,0,4096,393805,921600,307,39390,short,-200,-200,-200,-200,-200,-200,200,-200,100
1782684339,0,4096,4096,0,0,0,0,0,0,6144,921600,921600,720,10049,FULL,-200,-200,-200,-200,-200,-200,200,-200,100
1782684340,0,4096,4096,0,0,0,0,0,0,8192,393793,921600,308,40880,short,-200,-200,-200,-200,-200,-200,200,-200,100
1782684341,0,4096,4096,0,0,0,0,0,0,12288,393805,921600,307,1282,short,-200,-200,-200,-200,-200,-200,200,-200,100
1782684342,0,4096,4096,0,0,0,0,0,0,16384,394425,921600,308,39181,short,-200,-200,-200,-200,-200,-200,200,-200,100
1782684343,0,4096,4096,0,0,0,0,0,0,24576,403700,921600,314,32412,short,-200,-200,-200,-200,-200,-200,200,-200,100
1782684352,0,4096,4096,0,0,0,0,0,0,4096,921600,921600,720,10049,FULL,200,-200,-200,-200,-200,-200,200,-200,100
1782684353,0,4096,4096,0,0,0,0,0,0,6144,921600,921600,720,10049,FULL,200,-200,-200,-200,-200,-200,200,-200,100
1782684354,0,4096,4096,0,0,0,0,0,0,8192,921600,921600,720,10049,FULL,200,-200,-200,-200,-200,-200,200,-200,100
1782684355,0,4096,4096,0,0,0,0,0,0,12288,511623,921600,399,48568,short,200,-200,-200,-200,-200,-200,200,-200,100
1782684356,0,4096,4096,0,0,0,0,0,0,16384,513322,921600,401,50738,short,200,-200,-200,-200,-200,-200,200,-200,100
1782684358,0,4096,4096,0,0,0,0,0,0,24576,541210,921600,423,17969,short,200,-200,-200,-200,-200,-200,200,-200,100
1782684366,0,4096,4096,0,0,0,0,0,0,4096,921600,921600,720,0,FULL,-200,200,-200,-200,-200,-200,200,-200,100
1782684367,0,4096,4096,0,0,0,0,0,0,6144,175884,921600,137,29575,short,-200,200,-200,-200,-200,-200,200,-200,100
1782684368,0,4096,4096,0,0,0,0,0,0,8192,175884,921600,137,28663,short,-200,200,-200,-200,-200,-200,200,-200,100
1782684369,0,4096,4096,0,0,0,0,0,0,12288,175894,921600,137,30335,short,-200,200,-200,-200,-200,-200,200,-200,100
1782684371,0,4096,4096,0,0,0,0,0,0,16384,175858,921600,137,26011,short,-200,200,-200,-200,-200,-200,200,-200,100
1782684372,0,4096,4096,0,0,0,0,0,0,24576,176149,921600,138,27035,short,-200,200,-200,-200,-200,-200,200,-200,100
1782684381,0,4096,4096,0,0,0,0,0,0,4096,921600,921600,720,10196,FULL,200,200,-200,-200,-200,-200,200,-200,100
1782684382,0,4096,4096,0,0,0,0,0,0,6144,921600,921600,720,10196,FULL,200,200,-200,-200,-200,-200,200,-200,100
1782684383,0,4096,4096,0,0,0,0,0,0,8192,921600,921600,720,10194,FULL,200,200,-200,-200,-200,-200,200,-200,100
1782684384,0,4096,4096,0,0,0,0,0,0,12288,258255,921600,201,4484,short,200,200,-200,-200,-200,-200,200,-200,100
1782684385,0,4096,4096,0,0,0,0,0,0,16384,258264,921600,202,65490,short,200,200,-200,-200,-200,-200,200,-200,100
1782684386,0,4096,4096,0,0,0,0,0,0,24576,257778,921600,202,1460,short,200,200,-200,-200,-200,-200,200,-200,100
1782684395,0,4096,4096,0,0,0,0,0,0,4096,921600,921600,720,10049,FULL,-200,-200,200,-200,-200,-200,200,-200,100
1782684396,0,4096,4096,0,0,0,0,0,0,6144,921600,921600,720,10049,FULL,-200,-200,200,-200,-200,-200,200,-200,100
1782684397,0,4096,4096,0,0,0,0,0,0,8192,921600,921600,720,10049,FULL,-200,-200,200,-200,-200,-200,200,-200,100
1782684398,0,4096,4096,0,0,0,0,0,0,12288,442555,921600,346,54632,short,-200,-200,200,-200,-200,-200,200,-200,100
1782684399,0,4096,4096,0,0,0,0,0,0,16384,442550,921600,346,56749,short,-200,-200,200,-200,-200,-200,200,-200,100
1782684400,0,4096,4096,0,0,0,0,0,0,24576,447949,921600,350,60457,short,-200,-200,200,-200,-200,-200,200,-200,100
1782684409,0,4096,4096,0,0,0,0,0,0,4096,921600,921600,720,10049,FULL,200,-200,200,-200,-200,-200,200,-200,100
1782684410,0,4096,4096,0,0,0,0,0,0,4096,921600,921600,720,10049,FULL,200,-200,200,-200,-200,-200,200,-200,100
1782684411,0,4096,4096,0,0,0,0,0,0,6144,921600,921600,720,10049,FULL,200,-200,200,-200,-200,-200,200,-200,100
1782684412,0,4096,4096,0,0,0,0,0,0,8192,921600,921600,720,10049,FULL,200,-200,200,-200,-200,-200,200,-200,100
1782684413,0,4096,4096,0,0,0,0,0,0,12288,539710,921600,422,20848,short,200,-200,200,-200,-200,-200,200,-200,100
1782684414,0,4096,4096,0,0,0,0,0,0,16384,537276,921600,419,22881,short,200,-200,200,-200,-200,-200,200,-200,100
1782684415,0,4096,4096,0,0,0,0,0,0,24576,537293,921600,420,23683,short,200,-200,200,-200,-200,-200,200,-200,100
1782684423,0,4096,4096,0,0,0,0,0,0,4096,921600,921600,720,10049,FULL,-200,200,200,-200,-200,-200,200,-200,100
1782684424,0,4096,4096,0,0,0,0,0,0,6144,921600,921600,720,10049,FULL,-200,200,200,-200,-200,-200,200,-200,100
1782684425,0,4096,4096,0,0,0,0,0,0,8192,921600,921600,720,10049,FULL,-200,200,200,-200,-200,-200,200,-200,100
1782684426,0,4096,4096,0,0,0,0,0,0,12288,299397,921600,234,21769,short,-200,200,200,-200,-200,-200,200,-200,100
1782684427,0,4096,4096,0,0,0,0,0,0,16384,299880,921600,234,24067,short,-200,200,200,-200,-200,-200,200,-200,100
1782684429,0,4096,4096,0,0,0,0,0,0,24576,475088,921600,372,28900,short,-200,200,200,-200,-200,-200,200,-200,100
1782684438,0,4096,4096,0,0,0,0,0,0,4096,921600,921600,720,10200,FULL,200,200,200,-200,-200,-200,200,-200,100
1782684438,0,4096,4096,0,0,0,0,0,0,6144,921600,921600,720,10203,FULL,200,200,200,-200,-200,-200,200,-200,100
1782684439,0,4096,4096,0,0,0,0,0,0,8192,921600,921600,720,10202,FULL,200,200,200,-200,-200,-200,200,-200,100
1782684440,0,4096,4096,0,0,0,0,0,0,12288,337800,921600,264,37281,short,200,200,200,-200,-200,-200,200,-200,100
1782684442,0,4096,4096,0,0,0,0,0,0,16384,337814,921600,264,45842,short,200,200,200,-200,-200,-200,200,-200,100
1782684443,0,4096,4096,0,0,0,0,0,0,24576,337130,921600,264,45468,short,200,200,200,-200,-200,-200,200,-200,100
1782684452,0,4096,4096,0,0,0,0,0,0,4096,921600,921600,720,10049,FULL,-200,-200,-200,200,-200,-200,200,-200,100
1782684453,0,4096,4096,0,0,0,0,0,0,6144,921600,921600,720,10049,FULL,-200,-200,-200,200,-200,-200,200,-200,100
1782684454,0,4096,4096,0,0,0,0,0,0,8192,921600,921600,720,10049,FULL,-200,-200,-200,200,-200,-200,200,-200,100
1782684455,0,4096,4096,0,0,0,0,0,0,12288,921600,921600,720,10049,FULL,-200,-200,-200,200,-200,-200,200,-200,100
1782684456,0,4096,4096,0,0,0,0,0,0,16384,921600,921600,720,10049,FULL,-200,-200,-200,200,-200,-200,200,-200,100
1782684457,0,4096,4096,0,0,0,0,0,0,24576,921600,921600,720,10049,FULL,-200,-200,-200,200,-200,-200,200,-200,100
1782684466,0,4096,4096,0,0,0,0,0,0,4096,921600,921600,720,10049,FULL,200,-200,-200,200,-200,-200,200,-200,100
1782684467,0,4096,4096,0,0,0,0,0,0,6144,921600,921600,720,10049,FULL,200,-200,-200,200,-200,-200,200,-200,100
1782684468,0,4096,4096,0,0,0,0,0,0,8192,921600,921600,720,10049,FULL,200,-200,-200,200,-200,-200,200,-200,100
1782684469,0,4096,4096,0,0,0,0,0,0,12288,921600,921600,720,10049,FULL,200,-200,-200,200,-200,-200,200,-200,100
1782684470,0,4096,4096,0,0,0,0,0,0,16384,921600,921600,720,10049,FULL,200,-200,-200,200,-200,-200,200,-200,100
1782684471,0,4096,4096,0,0,0,0,0,0,24576,223514,921600,190,18301,short,200,-200,-200,200,-200,-200,200,-200,100
1782684480,0,4096,4096,0,0,0,0,0,0,4096,921600,921600,720,10049,FULL,-200,200,-200,200,-200,-200,200,-200,100
1782684481,0,4096,4096,0,0,0,0,0,0,6144,921600,921600,720,10049,FULL,-200,200,-200,200,-200,-200,200,-200,100
1782684482,0,4096,4096,0,0,0,0,0,0,8192,921600,921600,720,10049,FULL,-200,200,-200,200,-200,-200,200,-200,100
1782684483,0,4096,4096,0,0,0,0,0,0,12288,921600,921600,720,10049,FULL,-200,200,-200,200,-200,-200,200,-200,100
1782684484,0,4096,4096,0,0,0,0,0,0,16384,921600,921600,720,10049,FULL,-200,200,-200,200,-200,-200,200,-200,100
1782684486,0,4096,4096,0,0,0,0,0,0,24576,211852,921600,167,34886,short,-200,200,-200,200,-200,-200,200,-200,100
1782684494,0,4096,4096,0,0,0,0,0,0,4096,921600,921600,720,10195,FULL,200,200,-200,200,-200,-200,200,-200,100
1782684495,0,4096,4096,0,0,0,0,0,0,6144,921600,921600,720,10194,FULL,200,200,-200,200,-200,-200,200,-200,100
1782684496,0,4096,4096,0,0,0,0,0,0,8192,921600,921600,720,10195,FULL,200,200,-200,200,-200,-200,200,-200,100
1782684497,0,4096,4096,0,0,0,0,0,0,12288,921600,921600,720,10194,FULL,200,200,-200,200,-200,-200,200,-200,100
1782684498,0,4096,4096,0,0,0,0,0,0,16384,921600,921600,720,10194,FULL,200,200,-200,200,-200,-200,200,-200,100
1782684500,0,4096,4096,0,0,0,0,0,0,24576,422128,921600,330,19803,short,200,200,-200,200,-200,-200,200,-200,100
1782684509,0,4096,4096,0,0,0,0,0,0,4096,921600,921600,720,10049,FULL,-200,-200,200,200,-200,-200,200,-200,100
1782684510,0,4096,4096,0,0,0,0,0,0,6144,921600,921600,720,10049,FULL,-200,-200,200,200,-200,-200,200,-200,100
1782684510,0,4096,4096,0,0,0,0,0,0,8192,921600,921600,720,10049,FULL,-200,-200,200,200,-200,-200,200,-200,100
1782684512,0,4096,4096,0,0,0,0,0,0,12288,921600,921600,720,10049,FULL,-200,-200,200,200,-200,-200,200,-200,100
1782684513,0,4096,4096,0,0,0,0,0,0,16384,921600,921600,720,10049,FULL,-200,-200,200,200,-200,-200,200,-200,100
1782684514,0,4096,4096,0,0,0,0,0,0,24576,921600,921600,720,10049,FULL,-200,-200,200,200,-200,-200,200,-200,100
1782684523,0,4096,4096,0,0,0,0,0,0,4096,921600,921600,720,10049,FULL,200,-200,200,200,-200,-200,200,-200,100
1782684524,0,4096,4096,0,0,0,0,0,0,6144,921600,921600,720,10049,FULL,200,-200,200,200,-200,-200,200,-200,100
1782684525,0,4096,4096,0,0,0,0,0,0,8192,921600,921600,720,10049,FULL,200,-200,200,200,-200,-200,200,-200,100
1782684526,0,4096,4096,0,0,0,0,0,0,12288,921600,921600,720,10049,FULL,200,-200,200,200,-200,-200,200,-200,100
1782684527,0,4096,4096,0,0,0,0,0,0,16384,250391,921600,195,7248,short,200,-200,200,200,-200,-200,200,-200,100
1782684528,0,4096,4096,0,0,0,0,0,0,24576,233941,921600,197,7557,short,200,-200,200,200,-200,-200,200,-200,100
1782684537,0,4096,4096,0,0,0,0,0,0,4096,921600,921600,720,10049,FULL,-200,200,200,200,-200,-200,200,-200,100
1782684538,0,4096,4096,0,0,0,0,0,0,6144,921600,921600,720,10049,FULL,-200,200,200,200,-200,-200,200,-200,100
1782684539,0,4096,4096,0,0,0,0,0,0,8192,921600,921600,720,10049,FULL,-200,200,200,200,-200,-200,200,-200,100
1782684540,0,4096,4096,0,0,0,0,0,0,12288,921600,921600,720,10049,FULL,-200,200,200,200,-200,-200,200,-200,100
1782684541,0,4096,4096,0,0,0,0,0,0,16384,921600,921600,720,10049,FULL,-200,200,200,200,-200,-200,200,-200,100
1782684542,0,4096,4096,0,0,0,0,0,0,24576,231304,921600,180,22002,short,-200,200,200,200,-200,-200,200,-200,100
1782684551,0,4096,4096,0,0,0,0,0,0,4096,921600,921600,720,10201,FULL,200,200,200,200,-200,-200,200,-200,100
1782684552,0,4096,4096,0,0,0,0,0,0,6144,921600,921600,720,10196,FULL,200,200,200,200,-200,-200,200,-200,100
1782684553,0,4096,4096,0,0,0,0,0,0,8192,921600,921600,720,10209,FULL,200,200,200,200,-200,-200,200,-200,100
1782684554,0,4096,4096,0,0,0,0,0,0,12288,921600,921600,720,10194,FULL,200,200,200,200,-200,-200,200,-200,100
1782684555,0,4096,4096,0,0,0,0,0,0,16384,921600,921600,720,10195,FULL,200,200,200,200,-200,-200,200,-200,100
1782684557,0,4096,4096,0,0,0,0,0,0,24576,402784,921600,315,41580,short,200,200,200,200,-200,-200,200,-200,100
1782684565,0,4096,4096,0,0,0,0,0,0,4096,391330,921600,306,45606,short,-200,-200,-200,-200,200,-200,200,-200,100
1782684566,0,4096,4096,0,0,0,0,0,0,6144,391330,921600,305,44565,short,-200,-200,-200,-200,200,-200,200,-200,100
1782684567,0,4096,4096,0,0,0,0,0,0,8192,328767,921600,305,40991,short,-200,-200,-200,-200,200,-200,200,-200,100
1782684568,0,4096,4096,0,0,0,0,0,0,12288,391888,921600,306,53095,short,-200,-200,-200,-200,200,-200,200,-200,100
1782684570,0,4096,4096,0,0,0,0,0,0,16384,392398,921600,305,44014,short,-200,-200,-200,-200,200,-200,200,-200,100
1782684571,0,4096,4096,0,0,0,0,0,0,24576,396291,921600,310,41458,short,-200,-200,-200,-200,200,-200,200,-200,100
1782684579,0,4096,4096,0,0,0,0,0,0,4096,921600,921600,720,10049,FULL,200,-200,-200,-200,200,-200,200,-200,100
1782684580,0,4096,4096,0,0,0,0,0,0,4096,921600,921600,720,10049,FULL,200,-200,-200,-200,200,-200,200,-200,100
1782684581,0,4096,4096,0,0,0,0,0,0,6144,921600,921600,720,10049,FULL,200,-200,-200,-200,200,-200,200,-200,100
1782684582,0,4096,4096,0,0,0,0,0,0,8192,921600,921600,720,10049,FULL,200,-200,-200,-200,200,-200,200,-200,100
1782684583,0,4096,4096,0,0,0,0,0,0,12288,491032,921600,383,7609,short,200,-200,-200,-200,200,-200,200,-200,100
1782684584,0,4096,4096,0,0,0,0,0,0,16384,493557,921600,385,193,short,200,-200,-200,-200,200,-200,200,-200,100
1782684585,0,4096,4096,0,0,0,0,0,0,24576,491087,921600,384,25507,short,200,-200,-200,-200,200,-200,200,-200,100
1782684594,0,4096,4096,0,0,0,0,0,0,4096,136354,921600,106,26544,short,-200,200,-200,-200,200,-200,200,-200,100
1782684595,0,4096,4096,0,0,0,0,0,0,6144,140264,921600,110,23753,short,-200,200,-200,-200,200,-200,200,-200,100
1782684596,0,4096,4096,0,0,0,0,0,0,8192,156802,921600,121,41477,short,-200,200,-200,-200,200,-200,200,-200,100
1782684597,0,4096,4096,0,0,0,0,0,0,12288,135279,921600,106,3535,short,-200,200,-200,-200,200,-200,200,-200,100
1782684598,0,4096,4096,0,0,0,0,0,0,16384,126257,921600,98,13971,short,-200,200,-200,-200,200,-200,200,-200,100
1782684599,0,4096,4096,0,0,0,0,0,0,24576,118541,921600,91,20715,short,-200,200,-200,-200,200,-200,200,-200,100
1782684608,0,4096,4096,0,0,0,0,0,0,4096,163367,921600,127,44728,short,200,200,-200,-200,200,-200,200,-200,100
1782684609,0,4096,4096,0,0,0,0,0,0,6144,164195,921600,129,16600,short,200,200,-200,-200,200,-200,200,-200,100
1782684610,0,4096,4096,0,0,0,0,0,0,8192,163725,921600,129,42910,short,200,200,-200,-200,200,-200,200,-200,100
1782684611,0,4096,4096,0,0,0,0,0,0,12288,163407,921600,129,44102,short,200,200,-200,-200,200,-200,200,-200,100
1782684612,0,4096,4096,0,0,0,0,0,0,16384,164167,921600,129,45216,short,200,200,-200,-200,200,-200,200,-200,100
1782684613,0,4096,4096,0,0,0,0,0,0,24576,250213,921600,196,29126,short,200,200,-200,-200,200,-200,200,-200,100
1782684622,0,4096,4096,0,0,0,0,0,0,4096,921600,921600,720,10049,FULL,-200,-200,200,-200,200,-200,200,-200,100
1782684622,0,4096,4096,0,0,0,0,0,0,4096,921600,921600,720,10049,FULL,-200,-200,200,-200,200,-200,200,-200,100
1782684623,0,4096,4096,0,0,0,0,0,0,6144,921600,921600,720,10049,FULL,-200,-200,200,-200,200,-200,200,-200,100
1782684624,0,4096,4096,0,0,0,0,0,0,8192,921600,921600,720,10049,FULL,-200,-200,200,-200,200,-200,200,-200,100
1782684625,0,4096,4096,0,0,0,0,0,0,12288,490998,921600,382,6608,short,-200,-200,200,-200,200,-200,200,-200,100
1782684627,0,4096,4096,0,0,0,0,0,0,16384,493197,921600,385,2728,short,-200,-200,200,-200,200,-200,200,-200,100
1782684628,0,4096,4096,0,0,0,0,0,0,24576,507356,921600,396,55651,short,-200,-200,200,-200,200,-200,200,-200,100
1782684637,0,4096,4096,0,0,0,0,0,0,4096,921600,921600,720,10049,FULL,200,-200,200,-200,200,-200,200,-200,100
1782684637,0,4096,4096,0,0,0,0,0,0,6144,921600,921600,720,10049,FULL,200,-200,200,-200,200,-200,200,-200,100
1782684638,0,4096,4096,0,0,0,0,0,0,8192,921600,921600,720,10049,FULL,200,-200,200,-200,200,-200,200,-200,100
1782684639,0,4096,4096,0,0,0,0,0,0,12288,921600,921600,720,10049,FULL,200,-200,200,-200,200,-200,200,-200,100
1782684641,0,4096,4096,0,0,0,0,0,0,16384,921600,921600,720,10049,FULL,200,-200,200,-200,200,-200,200,-200,100
1782684642,0,4096,4096,0,0,0,0,0,0,24576,921600,921600,720,10049,FULL,200,-200,200,-200,200,-200,200,-200,100
1782684651,0,4096,4096,0,0,0,0,0,0,4096,921600,921600,720,10049,FULL,-200,200,200,-200,200,-200,200,-200,100
1782684652,0,4096,4096,0,0,0,0,0,0,6144,921600,921600,720,10049,FULL,-200,200,200,-200,200,-200,200,-200,100
1782684653,0,4096,4096,0,0,0,0,0,0,8192,921600,921600,720,10049,FULL,-200,200,200,-200,200,-200,200,-200,100
1782684654,0,4096,4096,0,0,0,0,0,0,12288,190253,921600,149,11520,short,-200,200,200,-200,200,-200,200,-200,100
1782684655,0,4096,4096,0,0,0,0,0,0,16384,190406,921600,148,8066,short,-200,200,200,-200,200,-200,200,-200,100
1782684656,0,4096,4096,0,0,0,0,0,0,24576,190309,921600,149,10905,short,-200,200,200,-200,200,-200,200,-200,100
1782684665,0,4096,4096,0,0,0,0,0,0,4096,921600,921600,720,10196,FULL,200,200,200,-200,200,-200,200,-200,100
1782684666,0,4096,4096,0,0,0,0,0,0,6144,921600,921600,720,10218,FULL,200,200,200,-200,200,-200,200,-200,100
1782684667,0,4096,4096,0,0,0,0,0,0,8192,921600,921600,720,10199,FULL,200,200,200,-200,200,-200,200,-200,100
1782684668,0,4096,4096,0,0,0,0,0,0,12288,274622,921600,214,50808,short,200,200,200,-200,200,-200,200,-200,100
1782684669,0,4096,4096,0,0,0,0,0,0,16384,274262,921600,213,51691,short,200,200,200,-200,200,-200,200,-200,100
1782684670,0,4096,4096,0,0,0,0,0,0,24576,274365,921600,213,47977,short,200,200,200,-200,200,-200,200,-200,100
1782684679,0,4096,4096,0,0,0,0,0,0,4096,921600,921600,720,10049,FULL,-200,-200,-200,200,200,-200,200,-200,100
1782684680,0,4096,4096,0,0,0,0,0,0,6144,921600,921600,720,10049,FULL,-200,-200,-200,200,200,-200,200,-200,100
1782684681,0,4096,4096,0,0,0,0,0,0,8192,921600,921600,720,10049,FULL,-200,-200,-200,200,200,-200,200,-200,100
1782684682,0,4096,4096,0,0,0,0,0,0,12288,921600,921600,720,10049,FULL,-200,-200,-200,200,200,-200,200,-200,100
1782684683,0,4096,4096,0,0,0,0,0,0,16384,921600,921600,720,10049,FULL,-200,-200,-200,200,200,-200,200,-200,100
1782684685,0,4096,4096,0,0,0,0,0,0,24576,921600,921600,720,10049,FULL,-200,-200,-200,200,200,-200,200,-200,100
1782684693,0,4096,4096,0,0,0,0,0,0,4096,921600,921600,720,10049,FULL,200,-200,-200,200,200,-200,200,-200,100
1782684694,0,4096,4096,0,0,0,0,0,0,6144,921600,921600,720,10049,FULL,200,-200,-200,200,200,-200,200,-200,100
1782684695,0,4096,4096,0,0,0,0,0,0,8192,921600,921600,720,10049,FULL,200,-200,-200,200,200,-200,200,-200,100
1782684696,0,4096,4096,0,0,0,0,0,0,12288,921600,921600,720,10049,FULL,200,-200,-200,200,200,-200,200,-200,100
1782684697,0,4096,4096,0,0,0,0,0,0,16384,921600,921600,720,10049,FULL,200,-200,-200,200,200,-200,200,-200,100
1782684699,0,4096,4096,0,0,0,0,0,0,24576,220628,921600,173,42350,short,200,-200,-200,200,200,-200,200,-200,100
1782684708,0,4096,4096,0,0,0,0,0,0,4096,921600,921600,720,10049,FULL,-200,200,-200,200,200,-200,200,-200,100
1782684709,0,4096,4096,0,0,0,0,0,0,6144,921600,921600,720,10049,FULL,-200,200,-200,200,200,-200,200,-200,100
1782684709,0,4096,4096,0,0,0,0,0,0,8192,921600,921600,720,10049,FULL,-200,200,-200,200,200,-200,200,-200,100
1782684711,0,4096,4096,0,0,0,0,0,0,12288,921600,921600,720,10049,FULL,-200,200,-200,200,200,-200,200,-200,100
1782684712,0,4096,4096,0,0,0,0,0,0,16384,921600,921600,720,10049,FULL,-200,200,-200,200,200,-200,200,-200,100
1782684713,0,4096,4096,0,0,0,0,0,0,24576,213440,921600,166,38605,short,-200,200,-200,200,200,-200,200,-200,100
1782684722,0,4096,4096,0,0,0,0,0,0,4096,921600,921600,720,10195,FULL,200,200,-200,200,200,-200,200,-200,100
1782684723,0,4096,4096,0,0,0,0,0,0,6144,921600,921600,720,10196,FULL,200,200,-200,200,200,-200,200,-200,100
1782684724,0,4096,4096,0,0,0,0,0,0,8192,921600,921600,720,10194,FULL,200,200,-200,200,200,-200,200,-200,100
1782684725,0,4096,4096,0,0,0,0,0,0,12288,921600,921600,720,10216,FULL,200,200,-200,200,200,-200,200,-200,100
1782684726,0,4096,4096,0,0,0,0,0,0,16384,921600,921600,720,10197,FULL,200,200,-200,200,200,-200,200,-200,100
1782684727,0,4096,4096,0,0,0,0,0,0,24576,398137,921600,310,47972,short,200,200,-200,200,200,-200,200,-200,100
1782684736,0,4096,4096,0,0,0,0,0,0,4096,921600,921600,720,10049,FULL,-200,-200,200,200,200,-200,200,-200,100
1782684737,0,4096,4096,0,0,0,0,0,0,6144,921600,921600,720,10049,FULL,-200,-200,200,200,200,-200,200,-200,100
1782684738,0,4096,4096,0,0,0,0,0,0,8192,921600,921600,720,10049,FULL,-200,-200,200,200,200,-200,200,-200,100
1782684739,0,4096,4096,0,0,0,0,0,0,12288,921600,921600,720,10049,FULL,-200,-200,200,200,200,-200,200,-200,100
1782684740,0,4096,4096,0,0,0,0,0,0,16384,921600,921600,720,10049,FULL,-200,-200,200,200,200,-200,200,-200,100
1782684741,0,4096,4096,0,0,0,0,0,0,24576,921600,921600,720,10049,FULL,-200,-200,200,200,200,-200,200,-200,100
1782684750,0,4096,4096,0,0,0,0,0,0,4096,921600,921600,720,10049,FULL,200,-200,200,200,200,-200,200,-200,100
1782684751,0,4096,4096,0,0,0,0,0,0,6144,921600,921600,720,10049,FULL,200,-200,200,200,200,-200,200,-200,100
1782684752,0,4096,4096,0,0,0,0,0,0,8192,921600,921600,720,10049,FULL,200,-200,200,200,200,-200,200,-200,100
1782684753,0,4096,4096,0,0,0,0,0,0,12288,921600,921600,720,10049,FULL,200,-200,200,200,200,-200,200,-200,100
1782684754,0,4096,4096,0,0,0,0,0,0,16384,921600,921600,720,10049,FULL,200,-200,200,200,200,-200,200,-200,100
1782684756,0,4096,4096,0,0,0,0,0,0,24576,262294,921600,204,32286,short,200,-200,200,200,200,-200,200,-200,100
1782684764,0,4096,4096,0,0,0,0,0,0,4096,921600,921600,720,10049,FULL,-200,200,200,200,200,-200,200,-200,100
1782684765,0,4096,4096,0,0,0,0,0,0,6144,921600,921600,720,10049,FULL,-200,200,200,200,200,-200,200,-200,100
1782684766,0,4096,4096,0,0,0,0,0,0,8192,921600,921600,720,10049,FULL,-200,200,200,200,200,-200,200,-200,100
1782684767,0,4096,4096,0,0,0,0,0,0,12288,921600,921600,720,10049,FULL,-200,200,200,200,200,-200,200,-200,100
1782684768,0,4096,4096,0,0,0,0,0,0,16384,921600,921600,720,10049,FULL,-200,200,200,200,200,-200,200,-200,100
1782684770,0,4096,4096,0,0,0,0,0,0,24576,395869,921600,311,44464,short,-200,200,200,200,200,-200,200,-200,100
1782684779,0,4096,4096,0,0,0,0,0,0,4096,921600,921600,720,10195,FULL,200,200,200,200,200,-200,200,-200,100
1782684780,0,4096,4096,0,0,0,0,0,0,6144,921600,921600,720,10194,FULL,200,200,200,200,200,-200,200,-200,100
1782684781,0,4096,4096,0,0,0,0,0,0,8192,921600,921600,720,10195,FULL,200,200,200,200,200,-200,200,-200,100
1782684782,0,4096,4096,0,0,0,0,0,0,12288,921600,921600,720,10196,FULL,200,200,200,200,200,-200,200,-200,100
1782684783,0,4096,4096,0,0,0,0,0,0,16384,921600,921600,720,10194,FULL,200,200,200,200,200,-200,200,-200,100
1782684784,0,4096,4096,0,0,0,0,0,0,24576,921600,921600,720,10194,FULL,200,200,200,200,200,-200,200,-200,100
1782684793,0,4096,4096,0,0,0,0,0,0,4096,921600,921600,720,10049,FULL,-200,-200,-200,-200,-200,200,200,-200,100
1782684794,0,4096,4096,0,0,0,0,0,0,6144,921600,921600,720,10049,FULL,-200,-200,-200,-200,-200,200,200,-200,100
1782684795,0,4096,4096,0,0,0,0,0,0,8192,921600,921600,720,10049,FULL,-200,-200,-200,-200,-200,200,200,-200,100
1782684796,0,4096,4096,0,0,0,0,0,0,12288,921600,921600,720,10049,FULL,-200,-200,-200,-200,-200,200,200,-200,100
1782684797,0,4096,4096,0,0,0,0,0,0,16384,921600,921600,720,10049,FULL,-200,-200,-200,-200,-200,200,200,-200,100
1782684798,0,4096,4096,0,0,0,0,0,0,24576,921600,921600,720,10049,FULL,-200,-200,-200,-200,-200,200,200,-200,100
1782684807,0,4096,4096,0,0,0,0,0,0,4096,921600,921600,720,10049,FULL,200,-200,-200,-200,-200,200,200,-200,100
1782684808,0,4096,4096,0,0,0,0,0,0,6144,921600,921600,720,10049,FULL,200,-200,-200,-200,-200,200,200,-200,100
1782684809,0,4096,4096,0,0,0,0,0,0,8192,921600,921600,720,10049,FULL,200,-200,-200,-200,-200,200,200,-200,100
1782684810,0,4096,4096,0,0,0,0,0,0,12288,921600,921600,720,0,FULL,200,-200,-200,-200,-200,200,200,-200,100
1782684811,0,4096,4096,0,0,0,0,0,0,16384,433494,921600,338,1058,short,200,-200,-200,-200,-200,200,200,-200,100
1782684812,0,4096,4096,0,0,0,0,0,0,24576,434032,921600,340,65376,short,200,-200,-200,-200,-200,200,200,-200,100
1782684821,0,4096,4096,0,0,0,0,0,0,4096,921600,921600,720,10049,FULL,-200,200,-200,-200,-200,200,200,-200,100
1782684822,0,4096,4096,0,0,0,0,0,0,6144,921600,921600,720,10049,FULL,-200,200,-200,-200,-200,200,200,-200,100
1782684823,0,4096,4096,0,0,0,0,0,0,8192,921600,921600,720,10049,FULL,-200,200,-200,-200,-200,200,200,-200,100
1782684824,0,4096,4096,0,0,0,0,0,0,12288,921600,921600,720,10049,FULL,-200,200,-200,-200,-200,200,200,-200,100
1782684825,0,4096,4096,0,0,0,0,0,0,16384,207035,921600,162,53453,short,-200,200,-200,-200,-200,200,200,-200,100
1782684827,0,4096,4096,0,0,0,0,0,0,24576,207055,921600,162,56451,short,-200,200,-200,-200,-200,200,200,-200,100
1782684836,0,4096,4096,0,0,0,0,0,0,4096,921600,921600,720,10195,FULL,200,200,-200,-200,-200,200,200,-200,100
1782684836,0,4096,4096,0,0,0,0,0,0,6144,921600,921600,720,10201,FULL,200,200,-200,-200,-200,200,200,-200,100
1782684837,0,4096,4096,0,0,0,0,0,0,8192,921600,921600,720,10199,FULL,200,200,-200,-200,-200,200,200,-200,100
1782684838,0,4096,4096,0,0,0,0,0,0,12288,921600,921600,720,10206,FULL,200,200,-200,-200,-200,200,200,-200,100
1782684840,0,4096,4096,0,0,0,0,0,0,16384,921600,921600,720,10194,FULL,200,200,-200,-200,-200,200,200,-200,100
1782684841,0,4096,4096,0,0,0,0,0,0,24576,921600,921600,720,10194,FULL,200,200,-200,-200,-200,200,200,-200,100
1782684850,0,4096,4096,0,0,0,0,0,0,4096,921600,921600,720,10049,FULL,-200,-200,200,-200,-200,200,200,-200,100
1782684851,0,4096,4096,0,0,0,0,0,0,6144,921600,921600,720,10049,FULL,-200,-200,200,-200,-200,200,200,-200,100
1782684852,0,4096,4096,0,0,0,0,0,0,8192,921600,921600,720,10049,FULL,-200,-200,200,-200,-200,200,200,-200,100
1782684853,0,4096,4096,0,0,0,0,0,0,12288,370349,921600,289,1597,short,-200,-200,200,-200,-200,200,200,-200,100
1782684854,0,4096,4096,0,0,0,0,0,0,16384,370324,921600,289,701,short,-200,-200,200,-200,-200,200,200,-200,100
1782684855,0,4096,4096,0,0,0,0,0,0,24576,370582,921600,290,64904,short,-200,-200,200,-200,-200,200,200,-200,100
1782684864,0,4096,4096,0,0,0,0,0,0,4096,921600,921600,720,10049,FULL,200,-200,200,-200,-200,200,200,-200,100
1782684865,0,4096,4096,0,0,0,0,0,0,6144,921600,921600,720,10049,FULL,200,-200,200,-200,-200,200,200,-200,100
1782684866,0,4096,4096,0,0,0,0,0,0,8192,435831,921600,340,64269,short,200,-200,200,-200,-200,200,200,-200,100
1782684867,0,4096,4096,0,0,0,0,0,0,12288,396354,921600,340,24,short,200,-200,200,-200,-200,200,200,-200,100
1782684868,0,4096,4096,0,0,0,0,0,0,16384,435290,921600,339,173,short,200,-200,200,-200,-200,200,200,-200,100
1782684869,0,4096,4096,0,0,0,0,0,0,24576,435267,921600,340,214,short,200,-200,200,-200,-200,200,200,-200,100
1782684878,0,4096,4096,0,0,0,0,0,0,4096,921600,921600,720,10049,FULL,-200,200,200,-200,-200,200,200,-200,100
1782684879,0,4096,4096,0,0,0,0,0,0,6144,921600,921600,720,10049,FULL,-200,200,200,-200,-200,200,200,-200,100
1782684880,0,4096,4096,0,0,0,0,0,0,8192,921600,921600,720,10049,FULL,-200,200,200,-200,-200,200,200,-200,100
1782684881,0,4096,4096,0,0,0,0,0,0,12288,921600,921600,720,10049,FULL,-200,200,200,-200,-200,200,200,-200,100
1782684882,0,4096,4096,0,0,0,0,0,0,16384,921600,921600,720,10049,FULL,-200,200,200,-200,-200,200,200,-200,100
1782684883,0,4096,4096,0,0,0,0,0,0,24576,921600,921600,720,0,FULL,-200,200,200,-200,-200,200,200,-200,100
1782684892,0,4096,4096,0,0,0,0,0,0,4096,921600,921600,720,10194,FULL,200,200,200,-200,-200,200,200,-200,100
1782684893,0,4096,4096,0,0,0,0,0,0,6144,921600,921600,720,10196,FULL,200,200,200,-200,-200,200,200,-200,100
1782684894,0,4096,4096,0,0,0,0,0,0,8192,921600,921600,720,10195,FULL,200,200,200,-200,-200,200,200,-200,100
1782684895,0,4096,4096,0,0,0,0,0,0,12288,921600,921600,720,10194,FULL,200,200,200,-200,-200,200,200,-200,100
1782684896,0,4096,4096,0,0,0,0,0,0,16384,921600,921600,720,10197,FULL,200,200,200,-200,-200,200,200,-200,100
1782684898,0,4096,4096,0,0,0,0,0,0,24576,306049,921600,239,15920,short,200,200,200,-200,-200,200,200,-200,100
1782684907,0,4096,4096,0,0,0,0,0,0,4096,921600,921600,720,10049,FULL,-200,-200,-200,200,-200,200,200,-200,100
1782684907,0,4096,4096,0,0,0,0,0,0,6144,921600,921600,720,10049,FULL,-200,-200,-200,200,-200,200,200,-200,100
1782684908,0,4096,4096,0,0,0,0,0,0,8192,921600,921600,720,10049,FULL,-200,-200,-200,200,-200,200,200,-200,100
1782684909,0,4096,4096,0,0,0,0,0,0,12288,921600,921600,720,10049,FULL,-200,-200,-200,200,-200,200,200,-200,100
1782684911,0,4096,4096,0,0,0,0,0,0,16384,921600,921600,720,10049,FULL,-200,-200,-200,200,-200,200,200,-200,100
1782684912,0,4096,4096,0,0,0,0,0,0,24576,921600,921600,720,10049,FULL,-200,-200,-200,200,-200,200,200,-200,100
1782684921,0,4096,4096,0,0,0,0,0,0,4096,921600,921600,720,10049,FULL,200,-200,-200,200,-200,200,200,-200,100
1782684922,0,4096,4096,0,0,0,0,0,0,6144,921600,921600,720,10049,FULL,200,-200,-200,200,-200,200,200,-200,100
1782684923,0,4096,4096,0,0,0,0,0,0,8192,921600,921600,720,10049,FULL,200,-200,-200,200,-200,200,200,-200,100
1782684924,0,4096,4096,0,0,0,0,0,0,12288,921600,921600,720,10049,FULL,200,-200,-200,200,-200,200,200,-200,100
1782684925,0,4096,4096,0,0,0,0,0,0,16384,921600,921600,720,10049,FULL,200,-200,-200,200,-200,200,200,-200,100
1782684926,0,4096,4096,0,0,0,0,0,0,24576,341764,921600,266,37411,short,200,-200,-200,200,-200,200,200,-200,100
1782684935,0,4096,4096,0,0,0,0,0,0,4096,921600,921600,720,10049,FULL,-200,200,-200,200,-200,200,200,-200,100
1782684936,0,4096,4096,0,0,0,0,0,0,6144,921600,921600,720,10049,FULL,-200,200,-200,200,-200,200,200,-200,100
1782684937,0,4096,4096,0,0,0,0,0,0,8192,921600,921600,720,10049,FULL,-200,200,-200,200,-200,200,200,-200,100
1782684938,0,4096,4096,0,0,0,0,0,0,12288,921600,921600,720,10049,FULL,-200,200,-200,200,-200,200,200,-200,100
1782684939,0,4096,4096,0,0,0,0,0,0,16384,921600,921600,720,10049,FULL,-200,200,-200,200,-200,200,200,-200,100
1782684940,0,4096,4096,0,0,0,0,0,0,24576,161073,921600,127,32183,short,-200,200,-200,200,-200,200,200,-200,100
1782684949,0,4096,4096,0,0,0,0,0,0,4096,921600,921600,720,10388,FULL,200,200,-200,200,-200,200,200,-200,100
1782684950,0,4096,4096,0,0,0,0,0,0,6144,921600,921600,720,10396,FULL,200,200,-200,200,-200,200,200,-200,100
1782684951,0,4096,4096,0,0,0,0,0,0,8192,921600,921600,720,10401,FULL,200,200,-200,200,-200,200,200,-200,100
1782684952,0,4096,4096,0,0,0,0,0,0,12288,921600,921600,720,10389,FULL,200,200,-200,200,-200,200,200,-200,100
1782684953,0,4096,4096,0,0,0,0,0,0,16384,921600,921600,720,10388,FULL,200,200,-200,200,-200,200,200,-200,100
1782684955,0,4096,4096,0,0,0,0,0,0,24576,921600,921600,720,10390,FULL,200,200,-200,200,-200,200,200,-200,100
1782684963,0,4096,4096,0,0,0,0,0,0,4096,921600,921600,720,10049,FULL,-200,-200,200,200,-200,200,200,-200,100
1782684964,0,4096,4096,0,0,0,0,0,0,6144,921600,921600,720,10049,FULL,-200,-200,200,200,-200,200,200,-200,100
1782684965,0,4096,4096,0,0,0,0,0,0,8192,921600,921600,720,10049,FULL,-200,-200,200,200,-200,200,200,-200,100
1782684966,0,4096,4096,0,0,0,0,0,0,12288,921600,921600,720,10049,FULL,-200,-200,200,200,-200,200,200,-200,100
1782684967,0,4096,4096,0,0,0,0,0,0,16384,921600,921600,720,10049,FULL,-200,-200,200,200,-200,200,200,-200,100
1782684969,0,4096,4096,0,0,0,0,0,0,24576,921600,921600,720,10049,FULL,-200,-200,200,200,-200,200,200,-200,100
1782684978,0,4096,4096,0,0,0,0,0,0,4096,921600,921600,720,10049,FULL,200,-200,200,200,-200,200,200,-200,100
1782684979,0,4096,4096,0,0,0,0,0,0,6144,921600,921600,720,10049,FULL,200,-200,200,200,-200,200,200,-200,100
1782684979,0,4096,4096,0,0,0,0,0,0,8192,921600,921600,720,10049,FULL,200,-200,200,200,-200,200,200,-200,100
1782684981,0,4096,4096,0,0,0,0,0,0,12288,921600,921600,720,10049,FULL,200,-200,200,200,-200,200,200,-200,100
1782684982,0,4096,4096,0,0,0,0,0,0,16384,921600,921600,720,10049,FULL,200,-200,200,200,-200,200,200,-200,100
1782684983,0,4096,4096,0,0,0,0,0,0,24576,341515,921600,266,40382,short,200,-200,200,200,-200,200,200,-200,100
1782684992,0,4096,4096,0,0,0,0,0,0,4096,921600,921600,720,10049,FULL,-200,200,200,200,-200,200,200,-200,100
1782684993,0,4096,4096,0,0,0,0,0,0,6144,921600,921600,720,10049,FULL,-200,200,200,200,-200,200,200,-200,100
1782684994,0,4096,4096,0,0,0,0,0,0,8192,921600,921600,720,10049,FULL,-200,200,200,200,-200,200,200,-200,100
1782684995,0,4096,4096,0,0,0,0,0,0,12288,921600,921600,720,10049,FULL,-200,200,200,200,-200,200,200,-200,100
1782684996,0,4096,4096,0,0,0,0,0,0,16384,921600,921600,720,10049,FULL,-200,200,200,200,-200,200,200,-200,100
1782684997,0,4096,4096,0,0,0,0,0,0,24576,154905,921600,121,39487,short,-200,200,200,200,-200,200,200,-200,100
1782685006,0,4096,4096,0,0,0,0,0,0,4096,921600,921600,720,10394,FULL,200,200,200,200,-200,200,200,-200,100
1782685007,0,4096,4096,0,0,0,0,0,0,6144,921600,921600,720,10386,FULL,200,200,200,200,-200,200,200,-200,100
1782685008,0,4096,4096,0,0,0,0,0,0,8192,921600,921600,720,10386,FULL,200,200,200,200,-200,200,200,-200,100
1782685009,0,4096,4096,0,0,0,0,0,0,12288,921600,921600,720,10385,FULL,200,200,200,200,-200,200,200,-200,100
1782685010,0,4096,4096,0,0,0,0,0,0,16384,921600,921600,720,10396,FULL,200,200,200,200,-200,200,200,-200,100
1782685011,0,4096,4096,0,0,0,0,0,0,24576,921600,921600,720,10409,FULL,200,200,200,200,-200,200,200,-200,100
1782685020,0,4096,4096,0,0,0,0,0,0,4096,921600,921600,720,10049,FULL,-200,-200,-200,-200,200,200,200,-200,100
1782685021,0,4096,4096,0,0,0,0,0,0,6144,921600,921600,720,10049,FULL,-200,-200,-200,-200,200,200,200,-200,100
1782685022,0,4096,4096,0,0,0,0,0,0,8192,921600,921600,720,10049,FULL,-200,-200,-200,-200,200,200,200,-200,100
1782685023,0,4096,4096,0,0,0,0,0,0,12288,921600,921600,720,10049,FULL,-200,-200,-200,-200,200,200,200,-200,100
1782685024,0,4096,4096,0,0,0,0,0,0,16384,921600,921600,720,10049,FULL,-200,-200,-200,-200,200,200,200,-200,100
1782685026,0,4096,4096,0,0,0,0,0,0,24576,921600,921600,720,10049,FULL,-200,-200,-200,-200,200,200,200,-200,100
1782685034,0,4096,4096,0,0,0,0,0,0,4096,921600,921600,720,10049,FULL,200,-200,-200,-200,200,200,200,-200,100
1782685035,0,4096,4096,0,0,0,0,0,0,6144,921600,921600,720,10049,FULL,200,-200,-200,-200,200,200,200,-200,100
1782685036,0,4096,4096,0,0,0,0,0,0,8192,921600,921600,720,10049,FULL,200,-200,-200,-200,200,200,200,-200,100
1782685037,0,4096,4096,0,0,0,0,0,0,12288,921600,921600,720,10049,FULL,200,-200,-200,-200,200,200,200,-200,100
1782685038,0,4096,4096,0,0,0,0,0,0,16384,421525,921600,328,14972,short,200,-200,-200,-200,200,200,200,-200,100
1782685040,0,4096,4096,0,0,0,0,0,0,24576,421525,921600,328,15049,short,200,-200,-200,-200,200,200,200,-200,100
1782685049,0,4096,4096,0,0,0,0,0,0,4096,921600,921600,720,10049,FULL,-200,200,-200,-200,200,200,200,-200,100
1782685050,0,4096,4096,0,0,0,0,0,0,6144,150305,921600,118,60374,short,-200,200,-200,-200,200,200,200,-200,100
1782685051,0,4096,4096,0,0,0,0,0,0,8192,150339,921600,118,57093,short,-200,200,-200,-200,200,200,200,-200,100
1782685052,0,4096,4096,0,0,0,0,0,0,12288,150308,921600,118,64185,short,-200,200,-200,-200,200,200,200,-200,100
1782685053,0,4096,4096,0,0,0,0,0,0,16384,149991,921600,118,59215,short,-200,200,-200,-200,200,200,200,-200,100
1782685054,0,4096,4096,0,0,0,0,0,0,24576,149906,921600,118,57665,short,-200,200,-200,-200,200,200,200,-200,100
1782685063,0,4096,4096,0,0,0,0,0,0,4096,921600,921600,720,10198,FULL,200,200,-200,-200,200,200,200,-200,100
1782685064,0,4096,4096,0,0,0,0,0,0,6144,921600,921600,720,10210,FULL,200,200,-200,-200,200,200,200,-200,100
1782685065,0,4096,4096,0,0,0,0,0,0,8192,921600,921600,720,10196,FULL,200,200,-200,-200,200,200,200,-200,100
1782685066,0,4096,4096,0,0,0,0,0,0,12288,921600,921600,720,10208,FULL,200,200,-200,-200,200,200,200,-200,100
1782685067,0,4096,4096,0,0,0,0,0,0,16384,921600,921600,720,0,FULL,200,200,-200,-200,200,200,200,-200,100
1782685068,0,4096,4096,0,0,0,0,0,0,24576,254317,921600,198,3896,short,200,200,-200,-200,200,200,200,-200,100
1782685077,0,4096,4096,0,0,0,0,0,0,4096,921600,921600,720,10049,FULL,-200,-200,200,-200,200,200,200,-200,100
1782685078,0,4096,4096,0,0,0,0,0,0,6144,921600,921600,720,10049,FULL,-200,-200,200,-200,200,200,200,-200,100
1782685079,0,4096,4096,0,0,0,0,0,0,8192,921600,921600,720,10049,FULL,-200,-200,200,-200,200,200,200,-200,100
1782685080,0,4096,4096,0,0,0,0,0,0,12288,365634,921600,293,62637,short,-200,-200,200,-200,200,200,200,-200,100
1782685081,0,4096,4096,0,0,0,0,0,0,16384,373950,921600,293,61860,short,-200,-200,200,-200,200,200,200,-200,100
1782685082,0,4096,4096,0,0,0,0,0,0,24576,373972,921600,292,63180,short,-200,-200,200,-200,200,200,200,-200,100
1782685091,0,4096,4096,0,0,0,0,0,0,4096,921600,921600,720,10049,FULL,200,-200,200,-200,200,200,200,-200,100
1782685092,0,4096,4096,0,0,0,0,0,0,6144,921600,921600,720,10049,FULL,200,-200,200,-200,200,200,200,-200,100
1782685093,0,4096,4096,0,0,0,0,0,0,8192,921600,921600,720,10049,FULL,200,-200,200,-200,200,200,200,-200,100
1782685094,0,4096,4096,0,0,0,0,0,0,12288,921600,921600,720,10049,FULL,200,-200,200,-200,200,200,200,-200,100
1782685095,0,4096,4096,0,0,0,0,0,0,16384,429000,921600,335,9185,short,200,-200,200,-200,200,200,200,-200,100
1782685097,0,4096,4096,0,0,0,0,0,0,24576,428848,921600,335,6457,short,200,-200,200,-200,200,200,200,-200,100
1782685106,0,4096,4096,0,0,0,0,0,0,4096,921600,921600,720,10049,FULL,-200,200,200,-200,200,200,200,-200,100
1782685106,0,4096,4096,0,0,0,0,0,0,6144,921600,921600,720,10049,FULL,-200,200,200,-200,200,200,200,-200,100
1782685107,0,4096,4096,0,0,0,0,0,0,8192,921600,921600,720,10049,FULL,-200,200,200,-200,200,200,200,-200,100
1782685108,0,4096,4096,0,0,0,0,0,0,12288,921600,921600,720,10049,FULL,-200,200,200,-200,200,200,200,-200,100
1782685110,0,4096,4096,0,0,0,0,0,0,16384,921600,921600,720,0,FULL,-200,200,200,-200,200,200,200,-200,100
1782685111,0,4096,4096,0,0,0,0,0,0,24576,220078,921600,172,37752,short,-200,200,200,-200,200,200,200,-200,100
1782685120,0,4096,4096,0,0,0,0,0,0,4096,921600,921600,720,10194,FULL,200,200,200,-200,200,200,200,-200,100
1782685121,0,4096,4096,0,0,0,0,0,0,6144,921600,921600,720,10195,FULL,200,200,200,-200,200,200,200,-200,100
1782685122,0,4096,4096,0,0,0,0,0,0,8192,921600,921600,720,10194,FULL,200,200,200,-200,200,200,200,-200,100
1782685123,0,4096,4096,0,0,0,0,0,0,12288,921600,921600,720,10196,FULL,200,200,200,-200,200,200,200,-200,100
1782685124,0,4096,4096,0,0,0,0,0,0,16384,921600,921600,720,10194,FULL,200,200,200,-200,200,200,200,-200,100
1782685125,0,4096,4096,0,0,0,0,0,0,24576,921600,921600,720,10201,FULL,200,200,200,-200,200,200,200,-200,100
1782685134,0,4096,4096,0,0,0,0,0,0,4096,921600,921600,720,10049,FULL,-200,-200,-200,200,200,200,200,-200,100
1782685135,0,4096,4096,0,0,0,0,0,0,6144,921600,921600,720,10049,FULL,-200,-200,-200,200,200,200,200,-200,100
1782685136,0,4096,4096,0,0,0,0,0,0,8192,921600,921600,720,10049,FULL,-200,-200,-200,200,200,200,200,-200,100
1782685137,0,4096,4096,0,0,0,0,0,0,12288,921600,921600,720,10049,FULL,-200,-200,-200,200,200,200,200,-200,100
1782685138,0,4096,4096,0,0,0,0,0,0,16384,921600,921600,720,10049,FULL,-200,-200,-200,200,200,200,200,-200,100
1782685139,0,4096,4096,0,0,0,0,0,0,24576,921600,921600,720,10049,FULL,-200,-200,-200,200,200,200,200,-200,100
1782685148,0,4096,4096,0,0,0,0,0,0,4096,921600,921600,720,10049,FULL,200,-200,-200,200,200,200,200,-200,100
1782685149,0,4096,4096,0,0,0,0,0,0,6144,921600,921600,720,10049,FULL,200,-200,-200,200,200,200,200,-200,100
1782685150,0,4096,4096,0,0,0,0,0,0,8192,921600,921600,720,10049,FULL,200,-200,-200,200,200,200,200,-200,100
1782685151,0,4096,4096,0,0,0,0,0,0,12288,921600,921600,720,10049,FULL,200,-200,-200,200,200,200,200,-200,100
1782685152,0,4096,4096,0,0,0,0,0,0,16384,921600,921600,720,10049,FULL,200,-200,-200,200,200,200,200,-200,100
1782685154,0,4096,4096,0,0,0,0,0,0,24576,305203,921600,238,12416,short,200,-200,-200,200,200,200,200,-200,100
1782685162,0,4096,4096,0,0,0,0,0,0,4096,921600,921600,720,10049,FULL,-200,200,-200,200,200,200,200,-200,100
1782685163,0,4096,4096,0,0,0,0,0,0,6144,921600,921600,720,10049,FULL,-200,200,-200,200,200,200,200,-200,100
1782685164,0,4096,4096,0,0,0,0,0,0,8192,921600,921600,720,10049,FULL,-200,200,-200,200,200,200,200,-200,100
1782685165,0,4096,4096,0,0,0,0,0,0,12288,921600,921600,720,10049,FULL,-200,200,-200,200,200,200,200,-200,100
1782685166,0,4096,4096,0,0,0,0,0,0,16384,921600,921600,720,10049,FULL,-200,200,-200,200,200,200,200,-200,100
1782685168,0,4096,4096,0,0,0,0,0,0,24576,168747,921600,132,26939,short,-200,200,-200,200,200,200,200,-200,100
1782685177,0,4096,4096,0,0,0,0,0,0,4096,921600,921600,720,10387,FULL,200,200,-200,200,200,200,200,-200,100
1782685178,0,4096,4096,0,0,0,0,0,0,6144,921600,921600,720,10409,FULL,200,200,-200,200,200,200,200,-200,100
1782685178,0,4096,4096,0,0,0,0,0,0,8192,921600,921600,720,10400,FULL,200,200,-200,200,200,200,200,-200,100
1782685180,0,4096,4096,0,0,0,0,0,0,12288,921600,921600,720,10387,FULL,200,200,-200,200,200,200,200,-200,100
1782685181,0,4096,4096,0,0,0,0,0,0,16384,921600,921600,720,10389,FULL,200,200,-200,200,200,200,200,-200,100
1782685182,0,4096,4096,0,0,0,0,0,0,24576,921600,921600,720,10389,FULL,200,200,-200,200,200,200,200,-200,100
1782685191,0,4096,4096,0,0,0,0,0,0,4096,921600,921600,720,10049,FULL,-200,-200,200,200,200,200,200,-200,100
1782685192,0,4096,4096,0,0,0,0,0,0,6144,921600,921600,720,10049,FULL,-200,-200,200,200,200,200,200,-200,100
1782685193,0,4096,4096,0,0,0,0,0,0,8192,921600,921600,720,10049,FULL,-200,-200,200,200,200,200,200,-200,100
1782685194,0,4096,4096,0,0,0,0,0,0,12288,921600,921600,720,10049,FULL,-200,-200,200,200,200,200,200,-200,100
1782685195,0,4096,4096,0,0,0,0,0,0,16384,921600,921600,720,10049,FULL,-200,-200,200,200,200,200,200,-200,100
1782685196,0,4096,4096,0,0,0,0,0,0,24576,921600,921600,720,10049,FULL,-200,-200,200,200,200,200,200,-200,100
1782685205,0,4096,4096,0,0,0,0,0,0,4096,921600,921600,720,10049,FULL,200,-200,200,200,200,200,200,-200,100
1782685206,0,4096,4096,0,0,0,0,0,0,6144,921600,921600,720,10049,FULL,200,-200,200,200,200,200,200,-200,100
1782685207,0,4096,4096,0,0,0,0,0,0,8192,921600,921600,720,10049,FULL,200,-200,200,200,200,200,200,-200,100
1782685208,0,4096,4096,0,0,0,0,0,0,12288,921600,921600,720,10049,FULL,200,-200,200,200,200,200,200,-200,100
1782685209,0,4096,4096,0,0,0,0,0,0,16384,921600,921600,720,0,FULL,200,-200,200,200,200,200,200,-200,100
1782685210,0,4096,4096,0,0,0,0,0,0,24576,335378,921600,261,43718,short,200,-200,200,200,200,200,200,-200,100
1782685219,0,4096,4096,0,0,0,0,0,0,4096,921600,921600,720,10049,FULL,-200,200,200,200,200,200,200,-200,100
1782685220,0,4096,4096,0,0,0,0,0,0,6144,921600,921600,720,10049,FULL,-200,200,200,200,200,200,200,-200,100
1782685221,0,4096,4096,0,0,0,0,0,0,8192,921600,921600,720,10049,FULL,-200,200,200,200,200,200,200,-200,100
1782685222,0,4096,4096,0,0,0,0,0,0,12288,921600,921600,720,10049,FULL,-200,200,200,200,200,200,200,-200,100
1782685223,0,4096,4096,0,0,0,0,0,0,16384,921600,921600,720,10049,FULL,-200,200,200,200,200,200,200,-200,100
1782685225,0,4096,4096,0,0,0,0,0,0,24576,182726,921600,143,4906,short,-200,200,200,200,200,200,200,-200,100
1782685233,0,4096,4096,0,0,0,0,0,0,4096,921600,921600,720,10401,FULL,200,200,200,200,200,200,200,-200,100
1782685234,0,4096,4096,0,0,0,0,0,0,6144,921600,921600,720,10387,FULL,200,200,200,200,200,200,200,-200,100
1782685235,0,4096,4096,0,0,0,0,0,0,8192,921600,921600,720,10406,FULL,200,200,200,200,200,200,200,-200,100
1782685236,0,4096,4096,0,0,0,0,0,0,12288,921600,921600,720,10409,FULL,200,200,200,200,200,200,200,-200,100
1782685238,0,4096,4096,0,0,0,0,0,0,16384,921600,921600,720,10423,FULL,200,200,200,200,200,200,200,-200,100
1782685239,0,4096,4096,0,0,0,0,0,0,24576,921600,921600,720,10401,FULL,200,200,200,200,200,200,200,-200,100
1782685248,0,4096,4096,0,0,0,0,0,0,4096,921600,921600,720,10049,FULL,-200,-200,-200,-200,-200,-200,-200,200,100
1782685249,0,4096,4096,0,0,0,0,0,0,6144,921600,921600,720,10049,FULL,-200,-200,-200,-200,-200,-200,-200,200,100
1782685250,0,4096,4096,0,0,0,0,0,0,8192,921600,921600,720,10049,FULL,-200,-200,-200,-200,-200,-200,-200,200,100
1782685251,0,4096,4096,0,0,0,0,0,0,12288,363228,921600,283,4223,short,-200,-200,-200,-200,-200,-200,-200,200,100
1782685252,0,4096,4096,0,0,0,0,0,0,16384,362989,921600,284,19697,short,-200,-200,-200,-200,-200,-200,-200,200,100
1782685253,0,4096,4096,0,0,0,0,0,0,24576,363134,921600,283,17432,short,-200,-200,-200,-200,-200,-200,-200,200,100
1782685262,0,4096,4096,0,0,0,0,0,0,4096,921600,921600,720,10049,FULL,200,-200,-200,-200,-200,-200,-200,200,100
1782685263,0,4096,4096,0,0,0,0,0,0,6144,371541,921600,291,3783,short,200,-200,-200,-200,-200,-200,-200,200,100
1782685264,0,4096,4096,0,0,0,0,0,0,8192,371566,921600,291,3273,short,200,-200,-200,-200,-200,-200,-200,200,100
1782685265,0,4096,4096,0,0,0,0,0,0,12288,371884,921600,291,4229,short,200,-200,-200,-200,-200,-200,-200,200,100
1782685266,0,4096,4096,0,0,0,0,0,0,16384,371823,921600,290,3369,short,200,-200,-200,-200,-200,-200,-200,200,100
1782685267,0,4096,4096,0,0,0,0,0,0,24576,358612,921600,291,4500,short,200,-200,-200,-200,-200,-200,-200,200,100
1782685276,0,4096,4096,0,0,0,0,0,0,4096,297680,921600,233,34267,short,-200,200,-200,-200,-200,-200,-200,200,100
1782685277,0,4096,4096,0,0,0,0,0,0,6144,294947,921600,231,39952,short,-200,200,-200,-200,-200,-200,-200,200,100
1782685278,0,4096,4096,0,0,0,0,0,0,8192,294874,921600,231,40108,short,-200,200,-200,-200,-200,-200,-200,200,100
1782685279,0,4096,4096,0,0,0,0,0,0,12288,292749,921600,229,41266,short,-200,200,-200,-200,-200,-200,-200,200,100
1782685280,0,4096,4096,0,0,0,0,0,0,16384,291476,921600,227,48535,short,-200,200,-200,-200,-200,-200,-200,200,100
1782685281,0,4096,4096,0,0,0,0,0,0,24576,292204,921600,228,43342,short,-200,200,-200,-200,-200,-200,-200,200,100
1782685290,0,4096,4096,0,0,0,0,0,0,4096,324709,921600,253,65210,short,200,200,-200,-200,-200,-200,-200,200,100
1782685291,0,4096,4096,0,0,0,0,0,0,6144,321731,921600,252,3489,short,200,200,-200,-200,-200,-200,-200,200,100
1782685292,0,4096,4096,0,0,0,0,0,0,8192,324663,921600,253,3770,short,200,200,-200,-200,-200,-200,-200,200,100
1782685293,0,4096,4096,0,0,0,0,0,0,12288,324593,921600,253,3959,short,200,200,-200,-200,-200,-200,-200,200,100
1782685294,0,4096,4096,0,0,0,0,0,0,16384,290549,921600,247,9398,short,200,200,-200,-200,-200,-200,-200,200,100
1782685296,0,4096,4096,0,0,0,0,0,0,24576,315674,921600,247,10975,short,200,200,-200,-200,-200,-200,-200,200,100
1782685305,0,4096,4096,0,0,0,0,0,0,4096,611321,921600,477,45300,short,-200,-200,200,-200,-200,-200,-200,200,100
1782685305,0,4096,4096,0,0,0,0,0,0,6144,595216,921600,465,46101,short,-200,-200,200,-200,-200,-200,-200,200,100
1782685306,0,4096,4096,0,0,0,0,0,0,8192,452915,921600,353,56953,short,-200,-200,200,-200,-200,-200,-200,200,100
1782685307,0,4096,4096,0,0,0,0,0,0,12288,574686,921600,449,17028,short,-200,-200,200,-200,-200,-200,-200,200,100
1782685309,0,4096,4096,0,0,0,0,0,0,16384,561806,921600,439,24615,short,-200,-200,200,-200,-200,-200,-200,200,100
1782685310,0,4096,4096,0,0,0,0,0,0,24576,537135,921600,418,49648,short,-200,-200,200,-200,-200,-200,-200,200,100
1782685318,0,4096,4096,0,0,0,0,0,0,4096,620805,921600,485,26735,short,200,-200,200,-200,-200,-200,-200,200,100
1782685319,0,4096,4096,0,0,0,0,0,0,6144,600724,921600,469,39259,short,200,-200,200,-200,-200,-200,-200,200,100
1782685320,0,4096,4096,0,0,0,0,0,0,8192,599027,921600,468,51230,short,200,-200,200,-200,-200,-200,-200,200,100
1782685321,0,4096,4096,0,0,0,0,0,0,12288,579736,921600,452,2245,short,200,-200,200,-200,-200,-200,-200,200,100
1782685322,0,4096,4096,0,0,0,0,0,0,16384,563869,921600,439,17693,short,200,-200,200,-200,-200,-200,-200,200,100
1782685323,0,4096,4096,0,0,0,0,0,0,24576,542185,921600,423,47461,short,200,-200,200,-200,-200,-200,-200,200,100
1782685324,0,4096,4096,0,0,0,0,0,0,4096,454399,921600,355,52575,short,200,-200,200,-200,-200,-200,-200,200,100
1782685325,0,4096,4096,0,0,0,0,0,0,6144,451598,921600,353,57126,short,200,-200,200,-200,-200,-200,-200,200,100
1782685326,0,4096,4096,0,0,0,0,0,0,8192,599590,921600,468,48090,short,200,-200,200,-200,-200,-200,-200,200,100
1782685327,0,4096,4096,0,0,0,0,0,0,12288,579808,921600,453,7179,short,200,-200,200,-200,-200,-200,-200,200,100
1782685328,0,4096,4096,0,0,0,0,0,0,16384,563205,921600,440,19873,short,200,-200,200,-200,-200,-200,-200,200,100
1782685329,0,4096,4096,0,0,0,0,0,0,24576,455680,921600,356,50589,short,200,-200,200,-200,-200,-200,-200,200,100
1782685333,0,4096,4096,0,0,0,0,0,0,4096,600258,921600,469,62385,short,-200,200,200,-200,-200,-200,-200,200,100
1782685334,0,4096,4096,0,0,0,0,0,0,6144,587325,921600,459,59951,short,-200,200,200,-200,-200,-200,-200,200,100
1782685335,0,4096,4096,0,0,0,0,0,0,8192,471042,921600,366,35115,short,-200,200,200,-200,-200,-200,-200,200,100
1782685336,0,4096,4096,0,0,0,0,0,0,12288,570826,921600,446,19526,short,-200,200,200,-200,-200,-200,-200,200,100
1782685337,0,4096,4096,0,0,0,0,0,0,16384,558035,921600,436,27241,short,-200,200,200,-200,-200,-200,-200,200,100
1782685338,0,4096,4096,0,0,0,0,0,0,24576,538873,921600,421,53380,short,-200,200,200,-200,-200,-200,-200,200,100
1782685347,0,4096,4096,0,0,0,0,0,0,4096,604104,921600,471,59473,short,200,200,200,-200,-200,-200,-200,200,100
1782685348,0,4096,4096,0,0,0,0,0,0,6144,588630,921600,459,52946,short,200,200,200,-200,-200,-200,-200,200,100
1782685349,0,4096,4096,0,0,0,0,0,0,8192,464620,921600,363,41456,short,200,200,200,-200,-200,-200,-200,200,100
1782685350,0,4096,4096,0,0,0,0,0,0,12288,461372,921600,359,45588,short,200,200,200,-200,-200,-200,-200,200,100
1782685351,0,4096,4096,0,0,0,0,0,0,16384,560507,921600,437,23670,short,200,200,200,-200,-200,-200,-200,200,100
1782685352,0,4096,4096,0,0,0,0,0,0,24576,539926,921600,422,53499,short,200,200,200,-200,-200,-200,-200,200,100
1782685353,0,4096,4096,0,0,0,0,0,0,4096,604060,921600,471,57569,short,200,200,200,-200,-200,-200,-200,200,100
1782685354,0,4096,4096,0,0,0,0,0,0,6144,463780,921600,362,44619,short,200,200,200,-200,-200,-200,-200,200,100
1782685355,0,4096,4096,0,0,0,0,0,0,8192,458253,921600,358,50879,short,200,200,200,-200,-200,-200,-200,200,100
1782685356,0,4096,4096,0,0,0,0,0,0,12288,573291,921600,448,19335,short,200,200,200,-200,-200,-200,-200,200,100
1782685357,0,4096,4096,0,0,0,0,0,0,16384,462734,921600,361,48422,short,200,200,200,-200,-200,-200,-200,200,100
1782685359,0,4096,4096,0,0,0,0,0,0,24576,540042,921600,422,55684,short,200,200,200,-200,-200,-200,-200,200,100
1782685361,0,4096,4096,0,0,0,0,0,0,4096,921600,921600,720,10049,FULL,-200,-200,-200,200,-200,-200,-200,200,100
1782685362,0,4096,4096,0,0,0,0,0,0,6144,921600,921600,720,10049,FULL,-200,-200,-200,200,-200,-200,-200,200,100
1782685363,0,4096,4096,0,0,0,0,0,0,8192,921600,921600,720,10049,FULL,-200,-200,-200,200,-200,-200,-200,200,100
1782685364,0,4096,4096,0,0,0,0,0,0,12288,921600,921600,720,10049,FULL,-200,-200,-200,200,-200,-200,-200,200,100
1782685365,0,4096,4096,0,0,0,0,0,0,16384,921600,921600,720,10049,FULL,-200,-200,-200,200,-200,-200,-200,200,100
1782685367,0,4096,4096,0,0,0,0,0,0,24576,921600,921600,720,10049,FULL,-200,-200,-200,200,-200,-200,-200,200,100
1782685376,0,4096,4096,0,0,0,0,0,0,4096,921600,921600,720,10049,FULL,200,-200,-200,200,-200,-200,-200,200,100
1782685376,0,4096,4096,0,0,0,0,0,0,6144,921600,921600,720,10049,FULL,200,-200,-200,200,-200,-200,-200,200,100
1782685377,0,4096,4096,0,0,0,0,0,0,8192,921600,921600,720,10049,FULL,200,-200,-200,200,-200,-200,-200,200,100
1782685378,0,4096,4096,0,0,0,0,0,0,12288,921600,921600,720,10049,FULL,200,-200,-200,200,-200,-200,-200,200,100
1782685380,0,4096,4096,0,0,0,0,0,0,16384,921600,921600,720,0,FULL,200,-200,-200,200,-200,-200,-200,200,100
1782685381,0,4096,4096,0,0,0,0,0,0,24576,224953,921600,176,39092,short,200,-200,-200,200,-200,-200,-200,200,100
1782685390,0,4096,4096,0,0,0,0,0,0,4096,921600,921600,720,10049,FULL,-200,200,-200,200,-200,-200,-200,200,100
1782685391,0,4096,4096,0,0,0,0,0,0,6144,921600,921600,720,10049,FULL,-200,200,-200,200,-200,-200,-200,200,100
1782685392,0,4096,4096,0,0,0,0,0,0,8192,921600,921600,720,10049,FULL,-200,200,-200,200,-200,-200,-200,200,100
1782685393,0,4096,4096,0,0,0,0,0,0,12288,921600,921600,720,10049,FULL,-200,200,-200,200,-200,-200,-200,200,100
1782685394,0,4096,4096,0,0,0,0,0,0,16384,921600,921600,720,10049,FULL,-200,200,-200,200,-200,-200,-200,200,100
1782685395,0,4096,4096,0,0,0,0,0,0,24576,921600,921600,720,10049,FULL,-200,200,-200,200,-200,-200,-200,200,100
1782685404,0,4096,4096,0,0,0,0,0,0,4096,921600,921600,720,10438,FULL,200,200,-200,200,-200,-200,-200,200,100
1782685405,0,4096,4096,0,0,0,0,0,0,6144,921600,921600,720,10391,FULL,200,200,-200,200,-200,-200,-200,200,100
1782685406,0,4096,4096,0,0,0,0,0,0,8192,921600,921600,720,10389,FULL,200,200,-200,200,-200,-200,-200,200,100
1782685407,0,4096,4096,0,0,0,0,0,0,12288,921600,921600,720,10399,FULL,200,200,-200,200,-200,-200,-200,200,100
1782685408,0,4096,4096,0,0,0,0,0,0,16384,921600,921600,720,10392,FULL,200,200,-200,200,-200,-200,-200,200,100
1782685409,0,4096,4096,0,0,0,0,0,0,24576,159541,921600,125,36422,short,200,200,-200,200,-200,-200,-200,200,100
1782685418,0,4096,4096,0,0,0,0,0,0,4096,921600,921600,720,10049,FULL,-200,-200,200,200,-200,-200,-200,200,100
1782685419,0,4096,4096,0,0,0,0,0,0,6144,921600,921600,720,10049,FULL,-200,-200,200,200,-200,-200,-200,200,100
1782685420,0,4096,4096,0,0,0,0,0,0,8192,921600,921600,720,10049,FULL,-200,-200,200,200,-200,-200,-200,200,100
1782685421,0,4096,4096,0,0,0,0,0,0,12288,921600,921600,720,10049,FULL,-200,-200,200,200,-200,-200,-200,200,100
1782685422,0,4096,4096,0,0,0,0,0,0,16384,234828,921600,183,32854,short,-200,-200,200,200,-200,-200,-200,200,100
1782685424,0,4096,4096,0,0,0,0,0,0,24576,234939,921600,184,31739,short,-200,-200,200,200,-200,-200,-200,200,100
1782685432,0,4096,4096,0,0,0,0,0,0,4096,921600,921600,720,10049,FULL,200,-200,200,200,-200,-200,-200,200,100
1782685433,0,4096,4096,0,0,0,0,0,0,6144,921600,921600,720,10049,FULL,200,-200,200,200,-200,-200,-200,200,100
1782685434,0,4096,4096,0,0,0,0,0,0,8192,921600,921600,720,0,FULL,200,-200,200,200,-200,-200,-200,200,100
1782685435,0,4096,4096,0,0,0,0,0,0,12288,165744,921600,129,28778,short,200,-200,200,200,-200,-200,-200,200,100
1782685436,0,4096,4096,0,0,0,0,0,0,16384,165561,921600,129,29695,short,200,-200,200,200,-200,-200,-200,200,100
1782685438,0,4096,4096,0,0,0,0,0,0,24576,165519,921600,129,28174,short,200,-200,200,200,-200,-200,-200,200,100
1782685447,0,4096,4096,0,0,0,0,0,0,4096,921600,921600,720,10049,FULL,-200,200,200,200,-200,-200,-200,200,100
1782685448,0,4096,4096,0,0,0,0,0,0,6144,921600,921600,720,10049,FULL,-200,200,200,200,-200,-200,-200,200,100
1782685449,0,4096,4096,0,0,0,0,0,0,8192,921600,921600,720,10049,FULL,-200,200,200,200,-200,-200,-200,200,100
1782685450,0,4096,4096,0,0,0,0,0,0,12288,921600,921600,720,10049,FULL,-200,200,200,200,-200,-200,-200,200,100
1782685451,0,4096,4096,0,0,0,0,0,0,16384,921600,921600,720,10049,FULL,-200,200,200,200,-200,-200,-200,200,100
1782685452,0,4096,4096,0,0,0,0,0,0,24576,162847,921600,128,27285,short,-200,200,200,200,-200,-200,-200,200,100
1782685461,0,4096,4096,0,0,0,0,0,0,4096,921600,921600,720,10195,FULL,200,200,200,200,-200,-200,-200,200,100
1782685462,0,4096,4096,0,0,0,0,0,0,6144,166380,921600,131,27870,short,200,200,200,200,-200,-200,-200,200,100
1782685463,0,4096,4096,0,0,0,0,0,0,8192,921600,921600,720,0,FULL,200,200,200,200,-200,-200,-200,200,100
1782685464,0,4096,4096,0,0,0,0,0,0,12288,134400,921600,131,26434,short,200,200,200,200,-200,-200,-200,200,100
1782685465,0,4096,4096,0,0,0,0,0,0,16384,166380,921600,130,25537,short,200,200,200,200,-200,-200,-200,200,100
1782685466,0,4096,4096,0,0,0,0,0,0,24576,160383,921600,127,37032,short,200,200,200,200,-200,-200,-200,200,100
1782685475,0,4096,4096,0,0,0,0,0,0,4096,921600,921600,720,10049,FULL,-200,-200,-200,-200,200,-200,-200,200,100
1782685476,0,4096,4096,0,0,0,0,0,0,6144,921600,921600,720,10049,FULL,-200,-200,-200,-200,200,-200,-200,200,100
1782685477,0,4096,4096,0,0,0,0,0,0,8192,921600,921600,720,10049,FULL,-200,-200,-200,-200,200,-200,-200,200,100
1782685478,0,4096,4096,0,0,0,0,0,0,12288,359445,921600,281,12116,short,-200,-200,-200,-200,200,-200,-200,200,100
1782685479,0,4096,4096,0,0,0,0,0,0,16384,359407,921600,281,17022,short,-200,-200,-200,-200,200,-200,-200,200,100
1782685480,0,4096,4096,0,0,0,0,0,0,24576,360850,921600,281,12405,short,-200,-200,-200,-200,200,-200,-200,200,100
1782685489,0,4096,4096,0,0,0,0,0,0,4096,921600,921600,720,10049,FULL,200,-200,-200,-200,200,-200,-200,200,100
1782685490,0,4096,4096,0,0,0,0,0,0,6144,921600,921600,720,10049,FULL,200,-200,-200,-200,200,-200,-200,200,100
1782685491,0,4096,4096,0,0,0,0,0,0,8192,921600,921600,720,10049,FULL,200,-200,-200,-200,200,-200,-200,200,100
1782685492,0,4096,4096,0,0,0,0,0,0,12288,375316,921600,294,64508,short,200,-200,-200,-200,200,-200,-200,200,100
1782685493,0,4096,4096,0,0,0,0,0,0,16384,356059,921600,294,60936,short,200,-200,-200,-200,200,-200,-200,200,100
1782685495,0,4096,4096,0,0,0,0,0,0,24576,369403,921600,293,62700,short,200,-200,-200,-200,200,-200,-200,200,100
1782685503,0,4096,4096,0,0,0,0,0,0,4096,150638,921600,118,12328,short,-200,200,-200,-200,200,-200,-200,200,100
1782685504,0,4096,4096,0,0,0,0,0,0,6144,150628,921600,117,7147,short,-200,200,-200,-200,200,-200,-200,200,100
1782685505,0,4096,4096,0,0,0,0,0,0,8192,150468,921600,118,8408,short,-200,200,-200,-200,200,-200,-200,200,100
1782685506,0,4096,4096,0,0,0,0,0,0,12288,150468,921600,118,9265,short,-200,200,-200,-200,200,-200,-200,200,100
1782685508,0,4096,4096,0,0,0,0,0,0,16384,147298,921600,118,7957,short,-200,200,-200,-200,200,-200,-200,200,100
1782685509,0,4096,4096,0,0,0,0,0,0,24576,174451,921600,136,50881,short,-200,200,-200,-200,200,-200,-200,200,100
1782685517,0,4096,4096,0,0,0,0,0,0,4096,209133,921600,164,59941,short,200,200,-200,-200,200,-200,-200,200,100
1782685518,0,4096,4096,0,0,0,0,0,0,6144,209318,921600,163,63897,short,200,200,-200,-200,200,-200,-200,200,100
1782685519,0,4096,4096,0,0,0,0,0,0,8192,209419,921600,164,60552,short,200,200,-200,-200,200,-200,-200,200,100
1782685520,0,4096,4096,0,0,0,0,0,0,12288,208990,921600,163,62447,short,200,200,-200,-200,200,-200,-200,200,100
1782685521,0,4096,4096,0,0,0,0,0,0,16384,209179,921600,164,61664,short,200,200,-200,-200,200,-200,-200,200,100
1782685522,0,4096,4096,0,0,0,0,0,0,24576,209059,921600,163,54510,short,200,200,-200,-200,200,-200,-200,200,100
1782685523,0,4096,4096,0,0,0,0,0,0,4096,921600,921600,720,48,FULL,200,200,-200,-200,200,-200,-200,200,100
1782685524,0,4096,4096,0,0,0,0,0,0,6144,209130,921600,164,57398,short,200,200,-200,-200,200,-200,-200,200,100
1782685525,0,4096,4096,0,0,0,0,0,0,8192,209237,921600,164,62489,short,200,200,-200,-200,200,-200,-200,200,100
1782685526,0,4096,4096,0,0,0,0,0,0,12288,209237,921600,163,59829,short,200,200,-200,-200,200,-200,-200,200,100
1782685527,0,4096,4096,0,0,0,0,0,0,16384,209130,921600,163,56050,short,200,200,-200,-200,200,-200,-200,200,100
1782685529,0,4096,4096,0,0,0,0,0,0,24576,209358,921600,164,60153,short,200,200,-200,-200,200,-200,-200,200,100
1782685532,0,4096,4096,0,0,0,0,0,0,4096,921600,921600,720,10049,FULL,-200,-200,200,-200,200,-200,-200,200,100
1782685533,0,4096,4096,0,0,0,0,0,0,6144,921600,921600,720,10049,FULL,-200,-200,200,-200,200,-200,-200,200,100
1782685534,0,4096,4096,0,0,0,0,0,0,8192,921600,921600,720,10049,FULL,-200,-200,200,-200,200,-200,-200,200,100
1782685535,0,4096,4096,0,0,0,0,0,0,12288,921600,921600,720,10049,FULL,-200,-200,200,-200,200,-200,-200,200,100
1782685536,0,4096,4096,0,0,0,0,0,0,16384,921600,921600,720,10049,FULL,-200,-200,200,-200,200,-200,-200,200,100
1782685537,0,4096,4096,0,0,0,0,0,0,24576,420083,921600,327,16796,short,-200,-200,200,-200,200,-200,-200,200,100
1782685546,0,4096,4096,0,0,0,0,0,0,4096,921600,921600,720,10049,FULL,200,-200,200,-200,200,-200,-200,200,100
1782685547,0,4096,4096,0,0,0,0,0,0,6144,921600,921600,720,10049,FULL,200,-200,200,-200,200,-200,-200,200,100
1782685548,0,4096,4096,0,0,0,0,0,0,8192,921600,921600,720,10049,FULL,200,-200,200,-200,200,-200,-200,200,100
1782685549,0,4096,4096,0,0,0,0,0,0,12288,921600,921600,720,10049,FULL,200,-200,200,-200,200,-200,-200,200,100
1782685550,0,4096,4096,0,0,0,0,0,0,16384,921600,921600,720,10049,FULL,200,-200,200,-200,200,-200,-200,200,100
1782685551,0,4096,4096,0,0,0,0,0,0,24576,424447,921600,332,7702,short,200,-200,200,-200,200,-200,-200,200,100
1782685560,0,4096,4096,0,0,0,0,0,0,4096,921600,921600,720,10049,FULL,-200,200,200,-200,200,-200,-200,200,100
1782685561,0,4096,4096,0,0,0,0,0,0,6144,921600,921600,720,10049,FULL,-200,200,200,-200,200,-200,-200,200,100
1782685562,0,4096,4096,0,0,0,0,0,0,8192,921600,921600,720,10049,FULL,-200,200,200,-200,200,-200,-200,200,100
1782685563,0,4096,4096,0,0,0,0,0,0,12288,921600,921600,720,10049,FULL,-200,200,200,-200,200,-200,-200,200,100
1782685564,0,4096,4096,0,0,0,0,0,0,16384,921600,921600,720,10049,FULL,-200,200,200,-200,200,-200,-200,200,100
1782685566,0,4096,4096,0,0,0,0,0,0,24576,423005,921600,330,16636,short,-200,200,200,-200,200,-200,-200,200,100
1782685575,0,4096,4096,0,0,0,0,0,0,4096,921600,921600,720,10386,FULL,200,200,200,-200,200,-200,-200,200,100
1782685575,0,4096,4096,0,0,0,0,0,0,6144,921600,921600,720,10388,FULL,200,200,200,-200,200,-200,-200,200,100
1782685576,0,4096,4096,0,0,0,0,0,0,8192,921600,921600,720,10386,FULL,200,200,200,-200,200,-200,-200,200,100
1782685577,0,4096,4096,0,0,0,0,0,0,12288,921600,921600,720,10393,FULL,200,200,200,-200,200,-200,-200,200,100
1782685579,0,4096,4096,0,0,0,0,0,0,16384,921600,921600,720,10386,FULL,200,200,200,-200,200,-200,-200,200,100
1782685580,0,4096,4096,0,0,0,0,0,0,24576,407532,921600,319,35617,short,200,200,200,-200,200,-200,-200,200,100
1782685589,0,4096,4096,0,0,0,0,0,0,4096,921600,921600,720,10049,FULL,-200,-200,-200,200,200,-200,-200,200,100
1782685590,0,4096,4096,0,0,0,0,0,0,6144,921600,921600,720,10049,FULL,-200,-200,-200,200,200,-200,-200,200,100
1782685591,0,4096,4096,0,0,0,0,0,0,8192,921600,921600,720,10049,FULL,-200,-200,-200,200,200,-200,-200,200,100
1782685592,0,4096,4096,0,0,0,0,0,0,12288,921600,921600,720,10049,FULL,-200,-200,-200,200,200,-200,-200,200,100
1782685593,0,4096,4096,0,0,0,0,0,0,16384,921600,921600,720,10049,FULL,-200,-200,-200,200,200,-200,-200,200,100
1782685594,0,4096,4096,0,0,0,0,0,0,24576,164706,921600,128,37499,short,-200,-200,-200,200,200,-200,-200,200,100
1782685603,0,4096,4096,0,0,0,0,0,0,4096,921600,921600,720,10049,FULL,200,-200,-200,200,200,-200,-200,200,100
1782685604,0,4096,4096,0,0,0,0,0,0,6144,921600,921600,720,10049,FULL,200,-200,-200,200,200,-200,-200,200,100
1782685605,0,4096,4096,0,0,0,0,0,0,8192,921600,921600,720,10049,FULL,200,-200,-200,200,200,-200,-200,200,100
1782685606,0,4096,4096,0,0,0,0,0,0,12288,921600,921600,720,10049,FULL,200,-200,-200,200,200,-200,-200,200,100
1782685607,0,4096,4096,0,0,0,0,0,0,16384,921600,921600,720,10049,FULL,200,-200,-200,200,200,-200,-200,200,100
1782685608,0,4096,4096,0,0,0,0,0,0,24576,921600,921600,720,10049,FULL,200,-200,-200,200,200,-200,-200,200,100
1782685617,0,4096,4096,0,0,0,0,0,0,4096,921600,921600,720,10049,FULL,-200,200,-200,200,200,-200,-200,200,100
1782685618,0,4096,4096,0,0,0,0,0,0,6144,921600,921600,720,10049,FULL,-200,200,-200,200,200,-200,-200,200,100
1782685619,0,4096,4096,0,0,0,0,0,0,8192,921600,921600,720,10049,FULL,-200,200,-200,200,200,-200,-200,200,100
1782685620,0,4096,4096,0,0,0,0,0,0,12288,921600,921600,720,10049,FULL,-200,200,-200,200,200,-200,-200,200,100
1782685621,0,4096,4096,0,0,0,0,0,0,16384,921600,921600,720,10049,FULL,-200,200,-200,200,200,-200,-200,200,100
1782685623,0,4096,4096,0,0,0,0,0,0,24576,160739,921600,126,36726,short,-200,200,-200,200,200,-200,-200,200,100
1782685631,0,4096,4096,0,0,0,0,0,0,4096,921600,921600,720,10217,FULL,200,200,-200,200,200,-200,-200,200,100
1782685632,0,4096,4096,0,0,0,0,0,0,6144,921600,921600,720,10195,FULL,200,200,-200,200,200,-200,-200,200,100
1782685633,0,4096,4096,0,0,0,0,0,0,8192,921600,921600,720,10199,FULL,200,200,-200,200,200,-200,-200,200,100
1782685634,0,4096,4096,0,0,0,0,0,0,12288,921600,921600,720,10198,FULL,200,200,-200,200,200,-200,-200,200,100
1782685635,0,4096,4096,0,0,0,0,0,0,16384,921600,921600,720,10196,FULL,200,200,-200,200,200,-200,-200,200,100
1782685637,0,4096,4096,0,0,0,0,0,0,24576,921600,921600,720,10233,FULL,200,200,-200,200,200,-200,-200,200,100
1782685646,0,4096,4096,0,0,0,0,0,0,4096,921600,921600,720,10049,FULL,-200,-200,200,200,200,-200,-200,200,100
1782685646,0,4096,4096,0,0,0,0,0,0,6144,921600,921600,720,10049,FULL,-200,-200,200,200,200,-200,-200,200,100
1782685647,0,4096,4096,0,0,0,0,0,0,8192,921600,921600,720,10049,FULL,-200,-200,200,200,200,-200,-200,200,100
1782685648,0,4096,4096,0,0,0,0,0,0,12288,921600,921600,720,10049,FULL,-200,-200,200,200,200,-200,-200,200,100
1782685650,0,4096,4096,0,0,0,0,0,0,16384,921600,921600,720,10049,FULL,-200,-200,200,200,200,-200,-200,200,100
1782685651,0,4096,4096,0,0,0,0,0,0,24576,921600,921600,720,10049,FULL,-200,-200,200,200,200,-200,-200,200,100
1782685660,0,4096,4096,0,0,0,0,0,0,4096,921600,921600,720,10049,FULL,200,-200,200,200,200,-200,-200,200,100
1782685661,0,4096,4096,0,0,0,0,0,0,6144,921600,921600,720,10049,FULL,200,-200,200,200,200,-200,-200,200,100
1782685662,0,4096,4096,0,0,0,0,0,0,8192,921600,921600,720,10049,FULL,200,-200,200,200,200,-200,-200,200,100
1782685663,0,4096,4096,0,0,0,0,0,0,12288,921600,921600,720,10049,FULL,200,-200,200,200,200,-200,-200,200,100
1782685664,0,4096,4096,0,0,0,0,0,0,16384,921600,921600,720,10049,FULL,200,-200,200,200,200,-200,-200,200,100
1782685665,0,4096,4096,0,0,0,0,0,0,24576,921600,921600,720,10049,FULL,200,-200,200,200,200,-200,-200,200,100
1782685674,0,4096,4096,0,0,0,0,0,0,4096,921600,921600,720,10049,FULL,-200,200,200,200,200,-200,-200,200,100
1782685675,0,4096,4096,0,0,0,0,0,0,6144,921600,921600,720,10049,FULL,-200,200,200,200,200,-200,-200,200,100
1782685676,0,4096,4096,0,0,0,0,0,0,8192,921600,921600,720,10049,FULL,-200,200,200,200,200,-200,-200,200,100
1782685677,0,4096,4096,0,0,0,0,0,0,12288,921600,921600,720,10049,FULL,-200,200,200,200,200,-200,-200,200,100
1782685678,0,4096,4096,0,0,0,0,0,0,16384,921600,921600,720,10049,FULL,-200,200,200,200,200,-200,-200,200,100
1782685679,0,4096,4096,0,0,0,0,0,0,24576,921600,921600,720,10049,FULL,-200,200,200,200,200,-200,-200,200,100
1782685688,0,4096,4096,0,0,0,0,0,0,4096,921600,921600,720,10384,FULL,200,200,200,200,200,-200,-200,200,100
1782685689,0,4096,4096,0,0,0,0,0,0,6144,921600,921600,720,10384,FULL,200,200,200,200,200,-200,-200,200,100
1782685690,0,4096,4096,0,0,0,0,0,0,8192,921600,921600,720,10396,FULL,200,200,200,200,200,-200,-200,200,100
1782685691,0,4096,4096,0,0,0,0,0,0,12288,921600,921600,720,10389,FULL,200,200,200,200,200,-200,-200,200,100
1782685692,0,4096,4096,0,0,0,0,0,0,16384,921600,921600,720,10386,FULL,200,200,200,200,200,-200,-200,200,100
1782685694,0,4096,4096,0,0,0,0,0,0,24576,921600,921600,720,10391,FULL,200,200,200,200,200,-200,-200,200,100
1782685702,0,4096,4096,0,0,0,0,0,0,4096,921600,921600,720,10049,FULL,-200,-200,-200,-200,-200,200,-200,200,100
1782685703,0,4096,4096,0,0,0,0,0,0,6144,921600,921600,720,10049,FULL,-200,-200,-200,-200,-200,200,-200,200,100
1782685704,0,4096,4096,0,0,0,0,0,0,8192,921600,921600,720,10049,FULL,-200,-200,-200,-200,-200,200,-200,200,100
1782685705,0,4096,4096,0,0,0,0,0,0,12288,921600,921600,720,10049,FULL,-200,-200,-200,-200,-200,200,-200,200,100
1782685707,0,4096,4096,0,0,0,0,0,0,16384,921600,921600,720,10049,FULL,-200,-200,-200,-200,-200,200,-200,200,100
1782685708,0,4096,4096,0,0,0,0,0,0,24576,412653,921600,321,20668,short,-200,-200,-200,-200,-200,200,-200,200,100
1782685717,0,4096,4096,0,0,0,0,0,0,4096,921600,921600,720,10049,FULL,200,-200,-200,-200,-200,200,-200,200,100
1782685718,0,4096,4096,0,0,0,0,0,0,6144,921600,921600,720,10049,FULL,200,-200,-200,-200,-200,200,-200,200,100
1782685718,0,4096,4096,0,0,0,0,0,0,8192,921600,921600,720,10049,FULL,200,-200,-200,-200,-200,200,-200,200,100
1782685720,0,4096,4096,0,0,0,0,0,0,12288,921600,921600,720,10049,FULL,200,-200,-200,-200,-200,200,-200,200,100
1782685721,0,4096,4096,0,0,0,0,0,0,16384,921600,921600,720,10049,FULL,200,-200,-200,-200,-200,200,-200,200,100
1782685722,0,4096,4096,0,0,0,0,0,0,24576,497228,921600,388,1732,short,200,-200,-200,-200,-200,200,-200,200,100
1782685731,0,4096,4096,0,0,0,0,0,0,4096,921600,921600,720,10049,FULL,-200,200,-200,-200,-200,200,-200,200,100
1782685732,0,4096,4096,0,0,0,0,0,0,6144,921600,921600,720,10049,FULL,-200,200,-200,-200,-200,200,-200,200,100
1782685733,0,4096,4096,0,0,0,0,0,0,8192,921600,921600,720,10049,FULL,-200,200,-200,-200,-200,200,-200,200,100
1782685734,0,4096,4096,0,0,0,0,0,0,12288,921600,921600,720,10049,FULL,-200,200,-200,-200,-200,200,-200,200,100
1782685735,0,4096,4096,0,0,0,0,0,0,16384,921600,921600,720,10049,FULL,-200,200,-200,-200,-200,200,-200,200,100
1782685736,0,4096,4096,0,0,0,0,0,0,24576,263313,921600,206,61294,short,-200,200,-200,-200,-200,200,-200,200,100
1782685745,0,4096,4096,0,0,0,0,0,0,4096,921600,921600,720,10212,FULL,200,200,-200,-200,-200,200,-200,200,100
1782685746,0,4096,4096,0,0,0,0,0,0,6144,921600,921600,720,10194,FULL,200,200,-200,-200,-200,200,-200,200,100
1782685747,0,4096,4096,0,0,0,0,0,0,8192,921600,921600,720,10197,FULL,200,200,-200,-200,-200,200,-200,200,100
1782685748,0,4096,4096,0,0,0,0,0,0,12288,921600,921600,720,10204,FULL,200,200,-200,-200,-200,200,-200,200,100
1782685749,0,4096,4096,0,0,0,0,0,0,16384,921600,921600,720,10199,FULL,200,200,-200,-200,-200,200,-200,200,100
1782685750,0,4096,4096,0,0,0,0,0,0,24576,296579,921600,232,12841,short,200,200,-200,-200,-200,200,-200,200,100
1782685759,0,4096,4096,0,0,0,0,0,0,4096,921600,921600,720,10049,FULL,-200,-200,200,-200,-200,200,-200,200,100
1782685760,0,4096,4096,0,0,0,0,0,0,6144,921600,921600,720,10049,FULL,-200,-200,200,-200,-200,200,-200,200,100
1782685761,0,4096,4096,0,0,0,0,0,0,8192,921600,921600,720,10049,FULL,-200,-200,200,-200,-200,200,-200,200,100
1782685762,0,4096,4096,0,0,0,0,0,0,12288,921600,921600,720,10049,FULL,-200,-200,200,-200,-200,200,-200,200,100
1782685763,0,4096,4096,0,0,0,0,0,0,16384,921600,921600,720,10049,FULL,-200,-200,200,-200,-200,200,-200,200,100
1782685765,0,4096,4096,0,0,0,0,0,0,24576,497421,921600,389,2813,short,-200,-200,200,-200,-200,200,-200,200,100
1782685774,0,4096,4096,0,0,0,0,0,0,4096,921600,921600,720,10049,FULL,200,-200,200,-200,-200,200,-200,200,100
1782685774,0,4096,4096,0,0,0,0,0,0,6144,921600,921600,720,10049,FULL,200,-200,200,-200,-200,200,-200,200,100
1782685775,0,4096,4096,0,0,0,0,0,0,8192,921600,921600,720,10049,FULL,200,-200,200,-200,-200,200,-200,200,100
1782685776,0,4096,4096,0,0,0,0,0,0,12288,921600,921600,720,10049,FULL,200,-200,200,-200,-200,200,-200,200,100
1782685778,0,4096,4096,0,0,0,0,0,0,16384,921600,921600,720,10049,FULL,200,-200,200,-200,-200,200,-200,200,100
1782685779,0,4096,4096,0,0,0,0,0,0,24576,573793,921600,447,52730,short,200,-200,200,-200,-200,200,-200,200,100
1782685788,0,4096,4096,0,0,0,0,0,0,4096,921600,921600,720,10049,FULL,-200,200,200,-200,-200,200,-200,200,100
1782685789,0,4096,4096,0,0,0,0,0,0,6144,921600,921600,720,10049,FULL,-200,200,200,-200,-200,200,-200,200,100
1782685790,0,4096,4096,0,0,0,0,0,0,8192,921600,921600,720,10049,FULL,-200,200,200,-200,-200,200,-200,200,100
1782685791,0,4096,4096,0,0,0,0,0,0,12288,921600,921600,720,10049,FULL,-200,200,200,-200,-200,200,-200,200,100
1782685792,0,4096,4096,0,0,0,0,0,0,16384,274954,921600,215,42502,short,-200,200,200,-200,-200,200,-200,200,100
1782685793,0,4096,4096,0,0,0,0,0,0,24576,274830,921600,215,41548,short,-200,200,200,-200,-200,200,-200,200,100
1782685802,0,4096,4096,0,0,0,0,0,0,4096,921600,921600,720,10409,FULL,200,200,200,-200,-200,200,-200,200,100
1782685803,0,4096,4096,0,0,0,0,0,0,6144,921600,921600,720,10384,FULL,200,200,200,-200,-200,200,-200,200,100
1782685804,0,4096,4096,0,0,0,0,0,0,8192,921600,921600,720,10384,FULL,200,200,200,-200,-200,200,-200,200,100
1782685805,0,4096,4096,0,0,0,0,0,0,12288,921600,921600,720,10384,FULL,200,200,200,-200,-200,200,-200,200,100
1782685806,0,4096,4096,0,0,0,0,0,0,16384,921600,921600,720,10388,FULL,200,200,200,-200,-200,200,-200,200,100
1782685807,0,4096,4096,0,0,0,0,0,0,24576,337633,921600,263,44401,short,200,200,200,-200,-200,200,-200,200,100
1782685816,0,4096,4096,0,0,0,0,0,0,4096,921600,921600,720,10049,FULL,-200,-200,-200,200,-200,200,-200,200,100
1782685817,0,4096,4096,0,0,0,0,0,0,6144,921600,921600,720,10049,FULL,-200,-200,-200,200,-200,200,-200,200,100
1782685818,0,4096,4096,0,0,0,0,0,0,8192,921600,921600,720,10049,FULL,-200,-200,-200,200,-200,200,-200,200,100
1782685819,0,4096,4096,0,0,0,0,0,0,12288,921600,921600,720,10049,FULL,-200,-200,-200,200,-200,200,-200,200,100
1782685820,0,4096,4096,0,0,0,0,0,0,16384,921600,921600,720,10049,FULL,-200,-200,-200,200,-200,200,-200,200,100
1782685822,0,4096,4096,0,0,0,0,0,0,24576,265199,921600,207,57510,short,-200,-200,-200,200,-200,200,-200,200,100
1782685830,0,4096,4096,0,0,0,0,0,0,4096,921600,921600,720,10049,FULL,200,-200,-200,200,-200,200,-200,200,100
1782685831,0,4096,4096,0,0,0,0,0,0,6144,921600,921600,720,10049,FULL,200,-200,-200,200,-200,200,-200,200,100
1782685832,0,4096,4096,0,0,0,0,0,0,8192,921600,921600,720,10049,FULL,200,-200,-200,200,-200,200,-200,200,100
1782685833,0,4096,4096,0,0,0,0,0,0,12288,921600,921600,720,10049,FULL,200,-200,-200,200,-200,200,-200,200,100
1782685834,0,4096,4096,0,0,0,0,0,0,16384,921600,921600,720,10049,FULL,200,-200,-200,200,-200,200,-200,200,100
1782685836,0,4096,4096,0,0,0,0,0,0,24576,921600,921600,720,10049,FULL,200,-200,-200,200,-200,200,-200,200,100
1782685845,0,4096,4096,0,0,0,0,0,0,4096,921600,921600,720,10049,FULL,-200,200,-200,200,-200,200,-200,200,100
1782685845,0,4096,4096,0,0,0,0,0,0,6144,921600,921600,720,10049,FULL,-200,200,-200,200,-200,200,-200,200,100
1782685846,0,4096,4096,0,0,0,0,0,0,8192,921600,921600,720,10049,FULL,-200,200,-200,200,-200,200,-200,200,100
1782685847,0,4096,4096,0,0,0,0,0,0,12288,921600,921600,720,10049,FULL,-200,200,-200,200,-200,200,-200,200,100
1782685849,0,4096,4096,0,0,0,0,0,0,16384,921600,921600,720,10049,FULL,-200,200,-200,200,-200,200,-200,200,100
1782685850,0,4096,4096,0,0,0,0,0,0,24576,921600,921600,720,10049,FULL,-200,200,-200,200,-200,200,-200,200,100
1782685859,0,4096,4096,0,0,0,0,0,0,4096,921600,921600,720,10195,FULL,200,200,-200,200,-200,200,-200,200,100
1782685860,0,4096,4096,0,0,0,0,0,0,6144,921600,921600,720,10195,FULL,200,200,-200,200,-200,200,-200,200,100
1782685861,0,4096,4096,0,0,0,0,0,0,8192,921600,921600,720,10194,FULL,200,200,-200,200,-200,200,-200,200,100
1782685862,0,4096,4096,0,0,0,0,0,0,12288,921600,921600,720,10205,FULL,200,200,-200,200,-200,200,-200,200,100
1782685863,0,4096,4096,0,0,0,0,0,0,16384,921600,921600,720,10194,FULL,200,200,-200,200,-200,200,-200,200,100
1782685864,0,4096,4096,0,0,0,0,0,0,24576,921600,921600,720,10202,FULL,200,200,-200,200,-200,200,-200,200,100
1782685873,0,4096,4096,0,0,0,0,0,0,4096,921600,921600,720,10049,FULL,-200,-200,200,200,-200,200,-200,200,100
1782685874,0,4096,4096,0,0,0,0,0,0,6144,921600,921600,720,10049,FULL,-200,-200,200,200,-200,200,-200,200,100
1782685875,0,4096,4096,0,0,0,0,0,0,8192,921600,921600,720,10049,FULL,-200,-200,200,200,-200,200,-200,200,100
1782685876,0,4096,4096,0,0,0,0,0,0,12288,921600,921600,720,10049,FULL,-200,-200,200,200,-200,200,-200,200,100
1782685877,0,4096,4096,0,0,0,0,0,0,16384,921600,921600,720,10049,FULL,-200,-200,200,200,-200,200,-200,200,100
1782685878,0,4096,4096,0,0,0,0,0,0,24576,251175,921600,197,4823,short,-200,-200,200,200,-200,200,-200,200,100
1782685887,0,4096,4096,0,0,0,0,0,0,4096,921600,921600,720,10049,FULL,200,-200,200,200,-200,200,-200,200,100
1782685888,0,4096,4096,0,0,0,0,0,0,6144,921600,921600,720,10049,FULL,200,-200,200,200,-200,200,-200,200,100
1782685889,0,4096,4096,0,0,0,0,0,0,8192,921600,921600,720,10049,FULL,200,-200,200,200,-200,200,-200,200,100
1782685890,0,4096,4096,0,0,0,0,0,0,12288,921600,921600,720,10049,FULL,200,-200,200,200,-200,200,-200,200,100
1782685891,0,4096,4096,0,0,0,0,0,0,16384,921600,921600,720,10049,FULL,200,-200,200,200,-200,200,-200,200,100
1782685893,0,4096,4096,0,0,0,0,0,0,24576,921600,921600,720,10049,FULL,200,-200,200,200,-200,200,-200,200,100
1782685901,0,4096,4096,0,0,0,0,0,0,4096,921600,921600,720,10049,FULL,-200,200,200,200,-200,200,-200,200,100
1782685902,0,4096,4096,0,0,0,0,0,0,6144,921600,921600,720,10049,FULL,-200,200,200,200,-200,200,-200,200,100
1782685903,0,4096,4096,0,0,0,0,0,0,8192,921600,921600,720,10049,FULL,-200,200,200,200,-200,200,-200,200,100
1782685904,0,4096,4096,0,0,0,0,0,0,12288,921600,921600,720,10049,FULL,-200,200,200,200,-200,200,-200,200,100
1782685905,0,4096,4096,0,0,0,0,0,0,16384,921600,921600,720,10049,FULL,-200,200,200,200,-200,200,-200,200,100
1782685907,0,4096,4096,0,0,0,0,0,0,24576,921600,921600,720,10049,FULL,-200,200,200,200,-200,200,-200,200,100
1782685916,0,4096,4096,0,0,0,0,0,0,4096,921600,921600,720,10404,FULL,200,200,200,200,-200,200,-200,200,100
1782685917,0,4096,4096,0,0,0,0,0,0,6144,921600,921600,720,10384,FULL,200,200,200,200,-200,200,-200,200,100
1782685918,0,4096,4096,0,0,0,0,0,0,8192,921600,921600,720,10383,FULL,200,200,200,200,-200,200,-200,200,100
1782685919,0,4096,4096,0,0,0,0,0,0,12288,921600,921600,720,10385,FULL,200,200,200,200,-200,200,-200,200,100
1782685920,0,4096,4096,0,0,0,0,0,0,16384,921600,921600,720,10387,FULL,200,200,200,200,-200,200,-200,200,100
1782685921,0,4096,4096,0,0,0,0,0,0,24576,329919,921600,258,50497,short,200,200,200,200,-200,200,-200,200,100
1782685930,0,4096,4096,0,0,0,0,0,0,4096,921600,921600,720,10049,FULL,-200,-200,-200,-200,200,200,-200,200,100
1782685931,0,4096,4096,0,0,0,0,0,0,6144,921600,921600,720,10049,FULL,-200,-200,-200,-200,200,200,-200,200,100
1782685932,0,4096,4096,0,0,0,0,0,0,8192,921600,921600,720,10049,FULL,-200,-200,-200,-200,200,200,-200,200,100
1782685933,0,4096,4096,0,0,0,0,0,0,12288,921600,921600,720,10049,FULL,-200,-200,-200,-200,200,200,-200,200,100
1782685934,0,4096,4096,0,0,0,0,0,0,16384,407331,921600,317,26310,short,-200,-200,-200,-200,200,200,-200,200,100
1782685935,0,4096,4096,0,0,0,0,0,0,24576,407307,921600,318,30074,short,-200,-200,-200,-200,200,200,-200,200,100
1782685944,0,4096,4096,0,0,0,0,0,0,4096,921600,921600,720,10049,FULL,200,-200,-200,-200,200,200,-200,200,100
1782685945,0,4096,4096,0,0,0,0,0,0,6144,921600,921600,720,10049,FULL,200,-200,-200,-200,200,200,-200,200,100
1782685946,0,4096,4096,0,0,0,0,0,0,8192,921600,921600,720,10049,FULL,200,-200,-200,-200,200,200,-200,200,100
1782685947,0,4096,4096,0,0,0,0,0,0,12288,921600,921600,720,10049,FULL,200,-200,-200,-200,200,200,-200,200,100
1782685948,0,4096,4096,0,0,0,0,0,0,16384,921600,921600,720,10049,FULL,200,-200,-200,-200,200,200,-200,200,100
1782685949,0,4096,4096,0,0,0,0,0,0,24576,499689,921600,391,63917,short,200,-200,-200,-200,200,200,-200,200,100
1782685958,0,4096,4096,0,0,0,0,0,0,4096,921600,921600,720,10049,FULL,-200,200,-200,-200,200,200,-200,200,100
1782685959,0,4096,4096,0,0,0,0,0,0,6144,921600,921600,720,10049,FULL,-200,200,-200,-200,200,200,-200,200,100
1782685960,0,4096,4096,0,0,0,0,0,0,8192,921600,921600,720,10049,FULL,-200,200,-200,-200,200,200,-200,200,100
1782685961,0,4096,4096,0,0,0,0,0,0,12288,242601,921600,189,20593,short,-200,200,-200,-200,200,200,-200,200,100
1782685962,0,4096,4096,0,0,0,0,0,0,16384,242346,921600,190,20613,short,-200,200,-200,-200,200,200,-200,200,100
1782685964,0,4096,4096,0,0,0,0,0,0,24576,242435,921600,190,20946,short,-200,200,-200,-200,200,200,-200,200,100
1782685972,0,4096,4096,0,0,0,0,0,0,4096,921600,921600,720,10394,FULL,200,200,-200,-200,200,200,-200,200,100
1782685973,0,4096,4096,0,0,0,0,0,0,6144,921600,921600,720,10393,FULL,200,200,-200,-200,200,200,-200,200,100
1782685974,0,4096,4096,0,0,0,0,0,0,8192,921600,921600,720,10423,FULL,200,200,-200,-200,200,200,-200,200,100
1782685975,0,4096,4096,0,0,0,0,0,0,12288,921600,921600,720,0,FULL,200,200,-200,-200,200,200,-200,200,100
1782685977,0,4096,4096,0,0,0,0,0,0,16384,921600,921600,720,0,FULL,200,200,-200,-200,200,200,-200,200,100
1782685978,0,4096,4096,0,0,0,0,0,0,24576,276120,921600,216,44834,short,200,200,-200,-200,200,200,-200,200,100
1782685987,0,4096,4096,0,0,0,0,0,0,4096,921600,921600,720,10049,FULL,-200,-200,200,-200,200,200,-200,200,100
1782685988,0,4096,4096,0,0,0,0,0,0,6144,921600,921600,720,10049,FULL,-200,-200,200,-200,200,200,-200,200,100
1782685989,0,4096,4096,0,0,0,0,0,0,8192,921600,921600,720,10049,FULL,-200,-200,200,-200,200,200,-200,200,100
1782685990,0,4096,4096,0,0,0,0,0,0,12288,921600,921600,720,10049,FULL,-200,-200,200,-200,200,200,-200,200,100
1782685991,0,4096,4096,0,0,0,0,0,0,16384,921600,921600,720,10049,FULL,-200,-200,200,-200,200,200,-200,200,100
1782685992,0,4096,4096,0,0,0,0,0,0,24576,576653,921600,450,47840,short,-200,-200,200,-200,200,200,-200,200,100
1782686001,0,4096,4096,0,0,0,0,0,0,4096,921600,921600,720,10049,FULL,200,-200,200,-200,200,200,-200,200,100
1782686002,0,4096,4096,0,0,0,0,0,0,6144,921600,921600,720,10049,FULL,200,-200,200,-200,200,200,-200,200,100
1782686003,0,4096,4096,0,0,0,0,0,0,8192,921600,921600,720,10049,FULL,200,-200,200,-200,200,200,-200,200,100
1782686004,0,4096,4096,0,0,0,0,0,0,12288,921600,921600,720,10049,FULL,200,-200,200,-200,200,200,-200,200,100
1782686005,0,4096,4096,0,0,0,0,0,0,16384,921600,921600,720,10049,FULL,200,-200,200,-200,200,200,-200,200,100
1782686006,0,4096,4096,0,0,0,0,0,0,24576,643580,921600,503,41473,short,200,-200,200,-200,200,200,-200,200,100
1782686015,0,4096,4096,0,0,0,0,0,0,4096,921600,921600,720,10049,FULL,-200,200,200,-200,200,200,-200,200,100
1782686016,0,4096,4096,0,0,0,0,0,0,6144,921600,921600,720,10049,FULL,-200,200,200,-200,200,200,-200,200,100
1782686017,0,4096,4096,0,0,0,0,0,0,8192,921600,921600,720,10049,FULL,-200,200,200,-200,200,200,-200,200,100
1782686018,0,4096,4096,0,0,0,0,0,0,12288,921600,921600,720,10049,FULL,-200,200,200,-200,200,200,-200,200,100
1782686019,0,4096,4096,0,0,0,0,0,0,16384,921600,921600,720,10049,FULL,-200,200,200,-200,200,200,-200,200,100
1782686021,0,4096,4096,0,0,0,0,0,0,24576,921600,921600,720,10049,FULL,-200,200,200,-200,200,200,-200,200,100
1782686029,0,4096,4096,0,0,0,0,0,0,4096,921600,921600,720,10198,FULL,200,200,200,-200,200,200,-200,200,100
1782686030,0,4096,4096,0,0,0,0,0,0,6144,921600,921600,720,10194,FULL,200,200,200,-200,200,200,-200,200,100
1782686031,0,4096,4096,0,0,0,0,0,0,8192,921600,921600,720,10195,FULL,200,200,200,-200,200,200,-200,200,100
1782686032,0,4096,4096,0,0,0,0,0,0,12288,921600,921600,720,10194,FULL,200,200,200,-200,200,200,-200,200,100
1782686033,0,4096,4096,0,0,0,0,0,0,16384,921600,921600,720,10195,FULL,200,200,200,-200,200,200,-200,200,100
1782686035,0,4096,4096,0,0,0,0,0,0,24576,921600,921600,720,10195,FULL,200,200,200,-200,200,200,-200,200,100
1782686044,0,4096,4096,0,0,0,0,0,0,4096,921600,921600,720,10049,FULL,-200,-200,-200,200,200,200,-200,200,100
1782686044,0,4096,4096,0,0,0,0,0,0,6144,921600,921600,720,10049,FULL,-200,-200,-200,200,200,200,-200,200,100
1782686045,0,4096,4096,0,0,0,0,0,0,8192,921600,921600,720,10049,FULL,-200,-200,-200,200,200,200,-200,200,100
1782686046,0,4096,4096,0,0,0,0,0,0,12288,921600,921600,720,10049,FULL,-200,-200,-200,200,200,200,-200,200,100
1782686048,0,4096,4096,0,0,0,0,0,0,16384,921600,921600,720,10049,FULL,-200,-200,-200,200,200,200,-200,200,100
1782686049,0,4096,4096,0,0,0,0,0,0,24576,209075,921600,164,50527,short,-200,-200,-200,200,200,200,-200,200,100
1782686058,0,4096,4096,0,0,0,0,0,0,4096,921600,921600,720,10049,FULL,200,-200,-200,200,200,200,-200,200,100
1782686059,0,4096,4096,0,0,0,0,0,0,6144,921600,921600,720,10049,FULL,200,-200,-200,200,200,200,-200,200,100
1782686060,0,4096,4096,0,0,0,0,0,0,8192,921600,921600,720,10049,FULL,200,-200,-200,200,200,200,-200,200,100
1782686061,0,4096,4096,0,0,0,0,0,0,12288,921600,921600,720,10049,FULL,200,-200,-200,200,200,200,-200,200,100
1782686062,0,4096,4096,0,0,0,0,0,0,16384,921600,921600,720,10049,FULL,200,-200,-200,200,200,200,-200,200,100
1782686063,0,4096,4096,0,0,0,0,0,0,24576,219947,921600,173,35717,short,200,-200,-200,200,200,200,-200,200,100
1782686072,0,4096,4096,0,0,0,0,0,0,4096,921600,921600,720,10049,FULL,-200,200,-200,200,200,200,-200,200,100
1782686073,0,4096,4096,0,0,0,0,0,0,6144,921600,921600,720,10049,FULL,-200,200,-200,200,200,200,-200,200,100
1782686074,0,4096,4096,0,0,0,0,0,0,8192,921600,921600,720,10049,FULL,-200,200,-200,200,200,200,-200,200,100
1782686075,0,4096,4096,0,0,0,0,0,0,12288,921600,921600,720,10049,FULL,-200,200,-200,200,200,200,-200,200,100
1782686076,0,4096,4096,0,0,0,0,0,0,16384,921600,921600,720,10049,FULL,-200,200,-200,200,200,200,-200,200,100
1782686077,0,4096,4096,0,0,0,0,0,0,24576,921600,921600,720,10049,FULL,-200,200,-200,200,200,200,-200,200,100
1782686086,0,4096,4096,0,0,0,0,0,0,4096,921600,921600,720,10195,FULL,200,200,-200,200,200,200,-200,200,100
1782686087,0,4096,4096,0,0,0,0,0,0,6144,921600,921600,720,10206,FULL,200,200,-200,200,200,200,-200,200,100
1782686088,0,4096,4096,0,0,0,0,0,0,8192,921600,921600,720,10195,FULL,200,200,-200,200,200,200,-200,200,100
1782686089,0,4096,4096,0,0,0,0,0,0,12288,921600,921600,720,10194,FULL,200,200,-200,200,200,200,-200,200,100
1782686090,0,4096,4096,0,0,0,0,0,0,16384,921600,921600,720,10194,FULL,200,200,-200,200,200,200,-200,200,100
1782686092,0,4096,4096,0,0,0,0,0,0,24576,921600,921600,720,10194,FULL,200,200,-200,200,200,200,-200,200,100
1782686100,0,4096,4096,0,0,0,0,0,0,4096,921600,921600,720,10049,FULL,-200,-200,200,200,200,200,-200,200,100
1782686101,0,4096,4096,0,0,0,0,0,0,6144,921600,921600,720,10049,FULL,-200,-200,200,200,200,200,-200,200,100
1782686102,0,4096,4096,0,0,0,0,0,0,8192,921600,921600,720,10049,FULL,-200,-200,200,200,200,200,-200,200,100
1782686103,0,4096,4096,0,0,0,0,0,0,12288,921600,921600,720,10049,FULL,-200,-200,200,200,200,200,-200,200,100
1782686104,0,4096,4096,0,0,0,0,0,0,16384,921600,921600,720,10049,FULL,-200,-200,200,200,200,200,-200,200,100
1782686106,0,4096,4096,0,0,0,0,0,0,24576,291648,921600,227,29095,short,-200,-200,200,200,200,200,-200,200,100
1782686115,0,4096,4096,0,0,0,0,0,0,4096,921600,921600,720,10049,FULL,200,-200,200,200,200,200,-200,200,100
1782686115,0,4096,4096,0,0,0,0,0,0,6144,921600,921600,720,10049,FULL,200,-200,200,200,200,200,-200,200,100
1782686116,0,4096,4096,0,0,0,0,0,0,8192,921600,921600,720,10049,FULL,200,-200,200,200,200,200,-200,200,100
1782686117,0,4096,4096,0,0,0,0,0,0,12288,921600,921600,720,10049,FULL,200,-200,200,200,200,200,-200,200,100
1782686119,0,4096,4096,0,0,0,0,0,0,16384,921600,921600,720,10049,FULL,200,-200,200,200,200,200,-200,200,100
1782686120,0,4096,4096,0,0,0,0,0,0,24576,921600,921600,720,10049,FULL,200,-200,200,200,200,200,-200,200,100
1782686129,0,4096,4096,0,0,0,0,0,0,4096,921600,921600,720,10049,FULL,-200,200,200,200,200,200,-200,200,100
1782686130,0,4096,4096,0,0,0,0,0,0,6144,921600,921600,720,10049,FULL,-200,200,200,200,200,200,-200,200,100
1782686131,0,4096,4096,0,0,0,0,0,0,8192,921600,921600,720,10049,FULL,-200,200,200,200,200,200,-200,200,100
1782686132,0,4096,4096,0,0,0,0,0,0,12288,921600,921600,720,10049,FULL,-200,200,200,200,200,200,-200,200,100
1782686133,0,4096,4096,0,0,0,0,0,0,16384,921600,921600,720,10049,FULL,-200,200,200,200,200,200,-200,200,100
1782686134,0,4096,4096,0,0,0,0,0,0,24576,921600,921600,720,10049,FULL,-200,200,200,200,200,200,-200,200,100
1782686143,0,4096,4096,0,0,0,0,0,0,4096,921600,921600,720,10199,FULL,200,200,200,200,200,200,-200,200,100
1782686144,0,4096,4096,0,0,0,0,0,0,6144,921600,921600,720,10195,FULL,200,200,200,200,200,200,-200,200,100
1782686145,0,4096,4096,0,0,0,0,0,0,8192,921600,921600,720,10197,FULL,200,200,200,200,200,200,-200,200,100
1782686146,0,4096,4096,0,0,0,0,0,0,12288,921600,921600,720,10196,FULL,200,200,200,200,200,200,-200,200,100
1782686147,0,4096,4096,0,0,0,0,0,0,16384,921600,921600,720,10195,FULL,200,200,200,200,200,200,-200,200,100
1782686148,0,4096,4096,0,0,0,0,0,0,24576,921600,921600,720,10199,FULL,200,200,200,200,200,200,-200,200,100
1782686157,0,4096,4096,0,0,0,0,0,0,4096,921600,921600,720,10049,FULL,-200,-200,-200,-200,-200,-200,200,200,100
1782686158,0,4096,4096,0,0,0,0,0,0,6144,921600,921600,720,10049,FULL,-200,-200,-200,-200,-200,-200,200,200,100
1782686159,0,4096,4096,0,0,0,0,0,0,8192,921600,921600,720,10049,FULL,-200,-200,-200,-200,-200,-200,200,200,100
1782686160,0,4096,4096,0,0,0,0,0,0,12288,361185,921600,282,12760,short,-200,-200,-200,-200,-200,-200,200,200,100
1782686161,0,4096,4096,0,0,0,0,0,0,16384,361248,921600,283,13199,short,-200,-200,-200,-200,-200,-200,200,200,100
1782686163,0,4096,4096,0,0,0,0,0,0,24576,397795,921600,309,51745,short,-200,-200,-200,-200,-200,-200,200,200,100
1782686171,0,4096,4096,0,0,0,0,0,0,4096,921600,921600,720,10049,FULL,200,-200,-200,-200,-200,-200,200,200,100
1782686172,0,4096,4096,0,0,0,0,0,0,6144,921600,921600,720,10049,FULL,200,-200,-200,-200,-200,-200,200,200,100
1782686173,0,4096,4096,0,0,0,0,0,0,8192,921600,921600,720,10049,FULL,200,-200,-200,-200,-200,-200,200,200,100
1782686174,0,4096,4096,0,0,0,0,0,0,12288,921600,921600,720,10049,FULL,200,-200,-200,-200,-200,-200,200,200,100
1782686175,0,4096,4096,0,0,0,0,0,0,16384,377116,921600,295,59164,short,200,-200,-200,-200,-200,-200,200,200,100
1782686177,0,4096,4096,0,0,0,0,0,0,24576,474074,921600,370,32088,short,200,-200,-200,-200,-200,-200,200,200,100
1782686186,0,4096,4096,0,0,0,0,0,0,4096,921600,921600,720,10049,FULL,-200,200,-200,-200,-200,-200,200,200,100
1782686187,0,4096,4096,0,0,0,0,0,0,6144,257873,921600,201,4904,short,-200,200,-200,-200,-200,-200,200,200,100
1782686188,0,4096,4096,0,0,0,0,0,0,8192,257097,921600,201,6607,short,-200,200,-200,-200,-200,-200,200,200,100
1782686189,0,4096,4096,0,0,0,0,0,0,12288,257368,921600,202,7122,short,-200,200,-200,-200,-200,-200,200,200,100
1782686190,0,4096,4096,0,0,0,0,0,0,16384,232330,921600,201,9353,short,-200,200,-200,-200,-200,-200,200,200,100
1782686191,0,4096,4096,0,0,0,0,0,0,24576,257077,921600,202,8194,short,-200,200,-200,-200,-200,-200,200,200,100
1782686200,0,4096,4096,0,0,0,0,0,0,4096,921600,921600,720,10196,FULL,200,200,-200,-200,-200,-200,200,200,100
1782686201,0,4096,4096,0,0,0,0,0,0,6144,306724,921600,239,18135,short,200,200,-200,-200,-200,-200,200,200,100
1782686202,0,4096,4096,0,0,0,0,0,0,8192,306713,921600,239,17707,short,200,200,-200,-200,-200,-200,200,200,100
1782686203,0,4096,4096,0,0,0,0,0,0,12288,265828,921600,239,17137,short,200,200,-200,-200,-200,-200,200,200,100
1782686204,0,4096,4096,0,0,0,0,0,0,16384,306697,921600,240,17584,short,200,200,-200,-200,-200,-200,200,200,100
1782686205,0,4096,4096,0,0,0,0,0,0,24576,300465,921600,240,20477,short,200,200,-200,-200,-200,-200,200,200,100
1782686214,0,4096,4096,0,0,0,0,0,0,4096,411841,921600,321,25237,short,-200,-200,200,-200,-200,-200,200,200,100
1782686215,0,4096,4096,0,0,0,0,0,0,6144,751386,921600,587,59324,short,-200,-200,200,-200,-200,-200,200,200,100
1782686216,0,4096,4096,0,0,0,0,0,0,8192,428233,921600,325,20640,short,-200,-200,200,-200,-200,-200,200,200,100
1782686217,0,4096,4096,0,0,0,0,0,0,12288,416679,921600,326,20267,short,-200,-200,200,-200,-200,-200,200,200,100
1782686218,0,4096,4096,0,0,0,0,0,0,16384,420602,921600,328,16597,short,-200,-200,200,-200,-200,-200,200,200,100
1782686219,0,4096,4096,0,0,0,0,0,0,24576,409353,921600,320,27635,short,-200,-200,200,-200,-200,-200,200,200,100
1782686228,0,4096,4096,0,0,0,0,0,0,4096,418162,921600,327,16057,short,200,-200,200,-200,-200,-200,200,200,100
1782686229,0,4096,4096,0,0,0,0,0,0,6144,716824,921600,560,41542,short,200,-200,200,-200,-200,-200,200,200,100
1782686230,0,4096,4096,0,0,0,0,0,0,8192,715007,921600,558,44942,short,200,-200,200,-200,-200,-200,200,200,100
1782686231,0,4096,4096,0,0,0,0,0,0,12288,697856,921600,545,64429,short,200,-200,200,-200,-200,-200,200,200,100
1782686232,0,4096,4096,0,0,0,0,0,0,16384,417080,921600,326,19324,short,200,-200,200,-200,-200,-200,200,200,100
1782686234,0,4096,4096,0,0,0,0,0,0,24576,414004,921600,324,20371,short,200,-200,200,-200,-200,-200,200,200,100
1782686241,0,4096,4096,0,0,0,0,0,0,4096,680862,921600,532,29537,short,-200,200,200,-200,-200,-200,200,200,100
1782686242,0,4096,4096,0,0,0,0,0,0,6144,421507,921600,329,15614,short,-200,200,200,-200,-200,-200,200,200,100
1782686243,0,4096,4096,0,0,0,0,0,0,8192,419752,921600,328,17430,short,-200,200,200,-200,-200,-200,200,200,100
1782686244,0,4096,4096,0,0,0,0,0,0,12288,646238,921600,505,59069,short,-200,200,200,-200,-200,-200,200,200,100
1782686246,0,4096,4096,0,0,0,0,0,0,16384,630550,921600,491,6138,short,-200,200,200,-200,-200,-200,200,200,100
1782686247,0,4096,4096,0,0,0,0,0,0,24576,445707,921600,324,18991,short,-200,200,200,-200,-200,-200,200,200,100
1782686248,0,4096,4096,0,0,0,0,0,0,4096,419592,921600,328,15250,short,-200,200,200,-200,-200,-200,200,200,100
1782686249,0,4096,4096,0,0,0,0,0,0,6144,661775,921600,516,36266,short,-200,200,200,-200,-200,-200,200,200,100
1782686250,0,4096,4096,0,0,0,0,0,0,8192,419610,921600,326,18612,short,-200,200,200,-200,-200,-200,200,200,100
1782686251,0,4096,4096,0,0,0,0,0,0,12288,646178,921600,504,63667,short,-200,200,200,-200,-200,-200,200,200,100
1782686252,0,4096,4096,0,0,0,0,0,0,16384,615619,921600,494,8489,short,-200,200,200,-200,-200,-200,200,200,100
1782686253,0,4096,4096,0,0,0,0,0,0,24576,415599,921600,324,21462,short,-200,200,200,-200,-200,-200,200,200,100
1782686256,0,4096,4096,0,0,0,0,0,0,4096,423069,921600,329,14395,short,200,200,200,-200,-200,-200,200,200,100
1782686257,0,4096,4096,0,0,0,0,0,0,6144,418542,921600,325,20143,short,200,200,200,-200,-200,-200,200,200,100
1782686258,0,4096,4096,0,0,0,0,0,0,8192,420889,921600,328,16718,short,200,200,200,-200,-200,-200,200,200,100
1782686259,0,4096,4096,0,0,0,0,0,0,12288,650238,921600,508,52176,short,200,200,200,-200,-200,-200,200,200,100
1782686260,0,4096,4096,0,0,0,0,0,0,16384,421865,921600,327,13849,short,200,200,200,-200,-200,-200,200,200,100
1782686261,0,4096,4096,0,0,0,0,0,0,24576,416551,921600,325,21014,short,200,200,200,-200,-200,-200,200,200,100
1782686262,0,4096,4096,0,0,0,0,0,0,4096,423110,921600,329,12219,short,200,200,200,-200,-200,-200,200,200,100
1782686263,0,4096,4096,0,0,0,0,0,0,6144,418888,921600,325,18272,short,200,200,200,-200,-200,-200,200,200,100
1782686264,0,4096,4096,0,0,0,0,0,0,8192,422068,921600,329,13370,short,200,200,200,-200,-200,-200,200,200,100
1782686265,0,4096,4096,0,0,0,0,0,0,12288,427064,921600,333,8746,short,200,200,200,-200,-200,-200,200,200,100
1782686266,0,4096,4096,0,0,0,0,0,0,16384,634733,921600,496,1041,short,200,200,200,-200,-200,-200,200,200,100
1782686268,0,4096,4096,0,0,0,0,0,0,24576,524474,921600,456,48155,short,200,200,200,-200,-200,-200,200,200,100
1782686271,0,4096,4096,0,0,0,0,0,0,4096,921600,921600,720,10049,FULL,-200,-200,-200,200,-200,-200,200,200,100
1782686272,0,4096,4096,0,0,0,0,0,0,6144,921600,921600,720,10049,FULL,-200,-200,-200,200,-200,-200,200,200,100
1782686273,0,4096,4096,0,0,0,0,0,0,8192,921600,921600,720,10049,FULL,-200,-200,-200,200,-200,-200,200,200,100
1782686274,0,4096,4096,0,0,0,0,0,0,12288,921600,921600,720,0,FULL,-200,-200,-200,200,-200,-200,200,200,100
1782686275,0,4096,4096,0,0,0,0,0,0,16384,199187,921600,157,560,short,-200,-200,-200,200,-200,-200,200,200,100
1782686276,0,4096,4096,0,0,0,0,0,0,24576,199174,921600,157,1681,short,-200,-200,-200,200,-200,-200,200,200,100
1782686285,0,4096,4096,0,0,0,0,0,0,4096,921600,921600,720,10049,FULL,200,-200,-200,200,-200,-200,200,200,100
1782686286,0,4096,4096,0,0,0,0,0,0,6144,921600,921600,720,10049,FULL,200,-200,-200,200,-200,-200,200,200,100
1782686287,0,4096,4096,0,0,0,0,0,0,8192,921600,921600,720,10049,FULL,200,-200,-200,200,-200,-200,200,200,100
1782686288,0,4096,4096,0,0,0,0,0,0,12288,921600,921600,720,10049,FULL,200,-200,-200,200,-200,-200,200,200,100
1782686289,0,4096,4096,0,0,0,0,0,0,16384,921600,921600,720,10049,FULL,200,-200,-200,200,-200,-200,200,200,100
1782686291,0,4096,4096,0,0,0,0,0,0,24576,921600,921600,720,10049,FULL,200,-200,-200,200,-200,-200,200,200,100
1782686299,0,4096,4096,0,0,0,0,0,0,4096,921600,921600,720,10049,FULL,-200,200,-200,200,-200,-200,200,200,100
1782686300,0,4096,4096,0,0,0,0,0,0,6144,921600,921600,720,10049,FULL,-200,200,-200,200,-200,-200,200,200,100
1782686301,0,4096,4096,0,0,0,0,0,0,8192,921600,921600,720,10049,FULL,-200,200,-200,200,-200,-200,200,200,100
1782686302,0,4096,4096,0,0,0,0,0,0,12288,921600,921600,720,10049,FULL,-200,200,-200,200,-200,-200,200,200,100
1782686303,0,4096,4096,0,0,0,0,0,0,16384,921600,921600,720,10049,FULL,-200,200,-200,200,-200,-200,200,200,100
1782686305,0,4096,4096,0,0,0,0,0,0,24576,921600,921600,720,10049,FULL,-200,200,-200,200,-200,-200,200,200,100
1782686314,0,4096,4096,0,0,0,0,0,0,4096,921600,921600,720,10195,FULL,200,200,-200,200,-200,-200,200,200,100
1782686314,0,4096,4096,0,0,0,0,0,0,6144,921600,921600,720,10207,FULL,200,200,-200,200,-200,-200,200,200,100
1782686315,0,4096,4096,0,0,0,0,0,0,8192,921600,921600,720,10222,FULL,200,200,-200,200,-200,-200,200,200,100
1782686316,0,4096,4096,0,0,0,0,0,0,12288,921600,921600,720,10194,FULL,200,200,-200,200,-200,-200,200,200,100
1782686318,0,4096,4096,0,0,0,0,0,0,16384,921600,921600,720,10195,FULL,200,200,-200,200,-200,-200,200,200,100
1782686319,0,4096,4096,0,0,0,0,0,0,24576,185143,921600,145,0,short,200,200,-200,200,-200,-200,200,200,100
1782686328,0,4096,4096,0,0,0,0,0,0,4096,921600,921600,720,10049,FULL,-200,-200,200,200,-200,-200,200,200,100
1782686329,0,4096,4096,0,0,0,0,0,0,6144,921600,921600,720,10049,FULL,-200,-200,200,200,-200,-200,200,200,100
1782686330,0,4096,4096,0,0,0,0,0,0,8192,921600,921600,720,10049,FULL,-200,-200,200,200,-200,-200,200,200,100
1782686331,0,4096,4096,0,0,0,0,0,0,12288,921600,921600,720,10049,FULL,-200,-200,200,200,-200,-200,200,200,100
1782686332,0,4096,4096,0,0,0,0,0,0,16384,921600,921600,720,10049,FULL,-200,-200,200,200,-200,-200,200,200,100
1782686333,0,4096,4096,0,0,0,0,0,0,24576,921600,921600,720,10049,FULL,-200,-200,200,200,-200,-200,200,200,100
1782686342,0,4096,4096,0,0,0,0,0,0,4096,921600,921600,720,10049,FULL,200,-200,200,200,-200,-200,200,200,100
1782686343,0,4096,4096,0,0,0,0,0,0,6144,921600,921600,720,10049,FULL,200,-200,200,200,-200,-200,200,200,100
1782686344,0,4096,4096,0,0,0,0,0,0,8192,921600,921600,720,10049,FULL,200,-200,200,200,-200,-200,200,200,100
1782686345,0,4096,4096,0,0,0,0,0,0,12288,921600,921600,720,10049,FULL,200,-200,200,200,-200,-200,200,200,100
1782686346,0,4096,4096,0,0,0,0,0,0,16384,921600,921600,720,10049,FULL,200,-200,200,200,-200,-200,200,200,100
1782686347,0,4096,4096,0,0,0,0,0,0,24576,921600,921600,720,10049,FULL,200,-200,200,200,-200,-200,200,200,100
1782686356,0,4096,4096,0,0,0,0,0,0,4096,921600,921600,720,10049,FULL,-200,200,200,200,-200,-200,200,200,100
1782686357,0,4096,4096,0,0,0,0,0,0,6144,921600,921600,720,10049,FULL,-200,200,200,200,-200,-200,200,200,100
1782686358,0,4096,4096,0,0,0,0,0,0,8192,921600,921600,720,10049,FULL,-200,200,200,200,-200,-200,200,200,100
1782686359,0,4096,4096,0,0,0,0,0,0,12288,921600,921600,720,10049,FULL,-200,200,200,200,-200,-200,200,200,100
1782686360,0,4096,4096,0,0,0,0,0,0,16384,921600,921600,720,10049,FULL,-200,200,200,200,-200,-200,200,200,100
1782686362,0,4096,4096,0,0,0,0,0,0,24576,921600,921600,720,10049,FULL,-200,200,200,200,-200,-200,200,200,100
1782686370,0,4096,4096,0,0,0,0,0,0,4096,921600,921600,720,10196,FULL,200,200,200,200,-200,-200,200,200,100
1782686371,0,4096,4096,0,0,0,0,0,0,6144,921600,921600,720,10195,FULL,200,200,200,200,-200,-200,200,200,100
1782686372,0,4096,4096,0,0,0,0,0,0,8192,921600,921600,720,10195,FULL,200,200,200,200,-200,-200,200,200,100
1782686373,0,4096,4096,0,0,0,0,0,0,12288,921600,921600,720,10194,FULL,200,200,200,200,-200,-200,200,200,100
1782686374,0,4096,4096,0,0,0,0,0,0,16384,921600,921600,720,10221,FULL,200,200,200,200,-200,-200,200,200,100
1782686376,0,4096,4096,0,0,0,0,0,0,24576,921600,921600,720,10210,FULL,200,200,200,200,-200,-200,200,200,100
1782686385,0,4096,4096,0,0,0,0,0,0,4096,921600,921600,720,10049,FULL,-200,-200,-200,-200,200,-200,200,200,100
1782686386,0,4096,4096,0,0,0,0,0,0,6144,921600,921600,720,10049,FULL,-200,-200,-200,-200,200,-200,200,200,100
1782686386,0,4096,4096,0,0,0,0,0,0,8192,356970,921600,279,15835,short,-200,-200,-200,-200,200,-200,200,200,100
1782686388,0,4096,4096,0,0,0,0,0,0,12288,356951,921600,278,13294,short,-200,-200,-200,-200,200,-200,200,200,100
1782686389,0,4096,4096,0,0,0,0,0,0,16384,357409,921600,280,15586,short,-200,-200,-200,-200,200,-200,200,200,100
1782686390,0,4096,4096,0,0,0,0,0,0,24576,360065,921600,281,13684,short,-200,-200,-200,-200,200,-200,200,200,100
1782686399,0,4096,4096,0,0,0,0,0,0,4096,921600,921600,720,10049,FULL,200,-200,-200,-200,200,-200,200,200,100
1782686400,0,4096,4096,0,0,0,0,0,0,6144,921600,921600,720,10049,FULL,200,-200,-200,-200,200,-200,200,200,100
1782686401,0,4096,4096,0,0,0,0,0,0,8192,921600,921600,720,10049,FULL,200,-200,-200,-200,200,-200,200,200,100
1782686402,0,4096,4096,0,0,0,0,0,0,12288,379592,921600,296,58599,short,200,-200,-200,-200,200,-200,200,200,100
1782686403,0,4096,4096,0,0,0,0,0,0,16384,341957,921600,297,55881,short,200,-200,-200,-200,200,-200,200,200,100
1782686404,0,4096,4096,0,0,0,0,0,0,24576,379795,921600,297,24771,short,200,-200,-200,-200,200,-200,200,200,100
1782686413,0,4096,4096,0,0,0,0,0,0,4096,145480,921600,114,14888,short,-200,200,-200,-200,200,-200,200,200,100
1782686414,0,4096,4096,0,0,0,0,0,0,6144,145301,921600,113,12365,short,-200,200,-200,-200,200,-200,200,200,100
1782686415,0,4096,4096,0,0,0,0,0,0,8192,145473,921600,113,11306,short,-200,200,-200,-200,200,-200,200,200,100
1782686416,0,4096,4096,0,0,0,0,0,0,12288,145301,921600,113,12703,short,-200,200,-200,-200,200,-200,200,200,100
1782686417,0,4096,4096,0,0,0,0,0,0,16384,141549,921600,116,7616,short,-200,200,-200,-200,200,-200,200,200,100
1782686418,0,4096,4096,0,0,0,0,0,0,24576,142913,921600,113,51468,short,-200,200,-200,-200,200,-200,200,200,100
1782686427,0,4096,4096,0,0,0,0,0,0,4096,190742,921600,148,15301,short,200,200,-200,-200,200,-200,200,200,100
1782686428,0,4096,4096,0,0,0,0,0,0,6144,190342,921600,149,15380,short,200,200,-200,-200,200,-200,200,200,100
1782686429,0,4096,4096,0,0,0,0,0,0,8192,147115,921600,149,11353,short,200,200,-200,-200,200,-200,200,200,100
1782686430,0,4096,4096,0,0,0,0,0,0,12288,191388,921600,149,13599,short,200,200,-200,-200,200,-200,200,200,100
1782686431,0,4096,4096,0,0,0,0,0,0,16384,191335,921600,150,14843,short,200,200,-200,-200,200,-200,200,200,100
1782686433,0,4096,4096,0,0,0,0,0,0,24576,191436,921600,150,14282,short,200,200,-200,-200,200,-200,200,200,100
1782686441,0,4096,4096,0,0,0,0,0,0,4096,921600,921600,720,10049,FULL,-200,-200,200,-200,200,-200,200,200,100
1782686442,0,4096,4096,0,0,0,0,0,0,6144,921600,921600,720,10049,FULL,-200,-200,200,-200,200,-200,200,200,100
1782686443,0,4096,4096,0,0,0,0,0,0,8192,921600,921600,720,10049,FULL,-200,-200,200,-200,200,-200,200,200,100
1782686444,0,4096,4096,0,0,0,0,0,0,12288,921600,921600,720,10049,FULL,-200,-200,200,-200,200,-200,200,200,100
1782686445,0,4096,4096,0,0,0,0,0,0,16384,921445,921600,720,673,short,-200,-200,200,-200,200,-200,200,200,100
1782686447,0,4096,4096,0,0,0,0,0,0,24576,412478,921600,323,23627,short,-200,-200,200,-200,200,-200,200,200,100
1782686456,0,4096,4096,0,0,0,0,0,0,4096,921600,921600,720,10049,FULL,200,-200,200,-200,200,-200,200,200,100
1782686457,0,4096,4096,0,0,0,0,0,0,6144,921600,921600,720,10049,FULL,200,-200,200,-200,200,-200,200,200,100
1782686458,0,4096,4096,0,0,0,0,0,0,8192,921600,921600,720,10049,FULL,200,-200,200,-200,200,-200,200,200,100
1782686459,0,4096,4096,0,0,0,0,0,0,12288,921600,921600,720,10049,FULL,200,-200,200,-200,200,-200,200,200,100
1782686460,0,4096,4096,0,0,0,0,0,0,16384,921600,921600,720,10049,FULL,200,-200,200,-200,200,-200,200,200,100
1782686461,0,4096,4096,0,0,0,0,0,0,24576,415798,921600,325,20368,short,200,-200,200,-200,200,-200,200,200,100
1782686470,0,4096,4096,0,0,0,0,0,0,4096,921600,921600,720,10049,FULL,-200,200,200,-200,200,-200,200,200,100
1782686471,0,4096,4096,0,0,0,0,0,0,6144,921600,921600,720,10049,FULL,-200,200,200,-200,200,-200,200,200,100
1782686472,0,4096,4096,0,0,0,0,0,0,8192,921600,921600,720,10049,FULL,-200,200,200,-200,200,-200,200,200,100
1782686473,0,4096,4096,0,0,0,0,0,0,12288,921600,921600,720,10049,FULL,-200,200,200,-200,200,-200,200,200,100
1782686474,0,4096,4096,0,0,0,0,0,0,16384,921600,921600,720,0,FULL,-200,200,200,-200,200,-200,200,200,100
1782686475,0,4096,4096,0,0,0,0,0,0,24576,351484,921600,275,30466,short,-200,200,200,-200,200,-200,200,200,100
1782686484,0,4096,4096,0,0,0,0,0,0,4096,921600,921600,720,10404,FULL,200,200,200,-200,200,-200,200,200,100
1782686485,0,4096,4096,0,0,0,0,0,0,6144,921600,921600,720,10390,FULL,200,200,200,-200,200,-200,200,200,100
1782686486,0,4096,4096,0,0,0,0,0,0,8192,921600,921600,720,10389,FULL,200,200,200,-200,200,-200,200,200,100
1782686487,0,4096,4096,0,0,0,0,0,0,12288,921600,921600,720,10390,FULL,200,200,200,-200,200,-200,200,200,100
1782686488,0,4096,4096,0,0,0,0,0,0,16384,921600,921600,720,21,FULL,200,200,200,-200,200,-200,200,200,100
1782686489,0,4096,4096,0,0,0,0,0,0,24576,383839,921600,299,62197,short,200,200,200,-200,200,-200,200,200,100
1782686498,0,4096,4096,0,0,0,0,0,0,4096,921600,921600,720,10049,FULL,-200,-200,-200,200,200,-200,200,200,100
1782686499,0,4096,4096,0,0,0,0,0,0,6144,921600,921600,720,10049,FULL,-200,-200,-200,200,200,-200,200,200,100
1782686500,0,4096,4096,0,0,0,0,0,0,8192,169432,921600,133,34878,short,-200,-200,-200,200,200,-200,200,200,100
1782686501,0,4096,4096,0,0,0,0,0,0,12288,169450,921600,133,34489,short,-200,-200,-200,200,200,-200,200,200,100
1782686502,0,4096,4096,0,0,0,0,0,0,16384,169743,921600,133,34736,short,-200,-200,-200,200,200,-200,200,200,100
1782686504,0,4096,4096,0,0,0,0,0,0,24576,169414,921600,133,35662,short,-200,-200,-200,200,200,-200,200,200,100
1782686513,0,4096,4096,0,0,0,0,0,0,4096,921600,921600,720,10049,FULL,200,-200,-200,200,200,-200,200,200,100
1782686513,0,4096,4096,0,0,0,0,0,0,6144,921600,921600,720,10049,FULL,200,-200,-200,200,200,-200,200,200,100
1782686514,0,4096,4096,0,0,0,0,0,0,8192,921600,921600,720,10049,FULL,200,-200,-200,200,200,-200,200,200,100
1782686515,0,4096,4096,0,0,0,0,0,0,12288,921600,921600,720,10049,FULL,200,-200,-200,200,200,-200,200,200,100
1782686517,0,4096,4096,0,0,0,0,0,0,16384,921600,921600,720,10049,FULL,200,-200,-200,200,200,-200,200,200,100
1782686518,0,4096,4096,0,0,0,0,0,0,24576,921600,921600,720,10049,FULL,200,-200,-200,200,200,-200,200,200,100
1782686527,0,4096,4096,0,0,0,0,0,0,4096,921600,921600,720,10049,FULL,-200,200,-200,200,200,-200,200,200,100
1782686528,0,4096,4096,0,0,0,0,0,0,6144,921600,921600,720,10049,FULL,-200,200,-200,200,200,-200,200,200,100
1782686529,0,4096,4096,0,0,0,0,0,0,8192,921600,921600,720,10049,FULL,-200,200,-200,200,200,-200,200,200,100
1782686530,0,4096,4096,0,0,0,0,0,0,12288,921600,921600,720,10049,FULL,-200,200,-200,200,200,-200,200,200,100
1782686531,0,4096,4096,0,0,0,0,0,0,16384,921600,921600,720,10049,FULL,-200,200,-200,200,200,-200,200,200,100
1782686532,0,4096,4096,0,0,0,0,0,0,24576,155278,921600,122,40932,short,-200,200,-200,200,200,-200,200,200,100
1782686541,0,4096,4096,0,0,0,0,0,0,4096,921600,921600,720,10194,FULL,200,200,-200,200,200,-200,200,200,100
1782686542,0,4096,4096,0,0,0,0,0,0,6144,921600,921600,720,10194,FULL,200,200,-200,200,200,-200,200,200,100
1782686543,0,4096,4096,0,0,0,0,0,0,8192,921600,921600,720,10195,FULL,200,200,-200,200,200,-200,200,200,100
1782686544,0,4096,4096,0,0,0,0,0,0,12288,921600,921600,720,10195,FULL,200,200,-200,200,200,-200,200,200,100
1782686545,0,4096,4096,0,0,0,0,0,0,16384,921600,921600,720,10195,FULL,200,200,-200,200,200,-200,200,200,100
1782686546,0,4096,4096,0,0,0,0,0,0,24576,921600,921600,720,91,FULL,200,200,-200,200,200,-200,200,200,100
1782686555,0,4096,4096,0,0,0,0,0,0,4096,921600,921600,720,10049,FULL,-200,-200,200,200,200,-200,200,200,100
1782686556,0,4096,4096,0,0,0,0,0,0,6144,921600,921600,720,10049,FULL,-200,-200,200,200,200,-200,200,200,100
1782686557,0,4096,4096,0,0,0,0,0,0,8192,921600,921600,720,10049,FULL,-200,-200,200,200,200,-200,200,200,100
1782686558,0,4096,4096,0,0,0,0,0,0,12288,921600,921600,720,10049,FULL,-200,-200,200,200,200,-200,200,200,100
1782686559,0,4096,4096,0,0,0,0,0,0,16384,921600,921600,720,10049,FULL,-200,-200,200,200,200,-200,200,200,100
1782686561,0,4096,4096,0,0,0,0,0,0,24576,921600,921600,720,10049,FULL,-200,-200,200,200,200,-200,200,200,100
1782686569,0,4096,4096,0,0,0,0,0,0,4096,921600,921600,720,10049,FULL,200,-200,200,200,200,-200,200,200,100
1782686570,0,4096,4096,0,0,0,0,0,0,6144,921600,921600,720,10049,FULL,200,-200,200,200,200,-200,200,200,100
1782686571,0,4096,4096,0,0,0,0,0,0,8192,921600,921600,720,10049,FULL,200,-200,200,200,200,-200,200,200,100
1782686572,0,4096,4096,0,0,0,0,0,0,12288,921600,921600,720,10049,FULL,200,-200,200,200,200,-200,200,200,100
1782686573,0,4096,4096,0,0,0,0,0,0,16384,921600,921600,720,10049,FULL,200,-200,200,200,200,-200,200,200,100
1782686575,0,4096,4096,0,0,0,0,0,0,24576,921600,921600,720,10049,FULL,200,-200,200,200,200,-200,200,200,100
1782686584,0,4096,4096,0,0,0,0,0,0,4096,921600,921600,720,10049,FULL,-200,200,200,200,200,-200,200,200,100
1782686584,0,4096,4096,0,0,0,0,0,0,6144,921600,921600,720,10049,FULL,-200,200,200,200,200,-200,200,200,100
1782686585,0,4096,4096,0,0,0,0,0,0,8192,921600,921600,720,10049,FULL,-200,200,200,200,200,-200,200,200,100
1782686587,0,4096,4096,0,0,0,0,0,0,12288,921600,921600,720,10049,FULL,-200,200,200,200,200,-200,200,200,100
1782686588,0,4096,4096,0,0,0,0,0,0,16384,921600,921600,720,10049,FULL,-200,200,200,200,200,-200,200,200,100
1782686589,0,4096,4096,0,0,0,0,0,0,24576,921600,921600,720,10049,FULL,-200,200,200,200,200,-200,200,200,100
1782686598,0,4096,4096,0,0,0,0,0,0,4096,921600,921600,720,10194,FULL,200,200,200,200,200,-200,200,200,100
1782686599,0,4096,4096,0,0,0,0,0,0,6144,921600,921600,720,10199,FULL,200,200,200,200,200,-200,200,200,100
1782686600,0,4096,4096,0,0,0,0,0,0,8192,921600,921600,720,10194,FULL,200,200,200,200,200,-200,200,200,100
1782686601,0,4096,4096,0,0,0,0,0,0,12288,921600,921600,720,10211,FULL,200,200,200,200,200,-200,200,200,100
1782686602,0,4096,4096,0,0,0,0,0,0,16384,921600,921600,720,10196,FULL,200,200,200,200,200,-200,200,200,100
1782686603,0,4096,4096,0,0,0,0,0,0,24576,921600,921600,720,10196,FULL,200,200,200,200,200,-200,200,200,100
1782686612,0,4096,4096,0,0,0,0,0,0,4096,921600,921600,720,10049,FULL,-200,-200,-200,-200,-200,200,200,200,100
1782686613,0,4096,4096,0,0,0,0,0,0,6144,921600,921600,720,10049,FULL,-200,-200,-200,-200,-200,200,200,200,100
1782686614,0,4096,4096,0,0,0,0,0,0,8192,921600,921600,720,10049,FULL,-200,-200,-200,-200,-200,200,200,200,100
1782686615,0,4096,4096,0,0,0,0,0,0,12288,921600,921600,720,10049,FULL,-200,-200,-200,-200,-200,200,200,200,100
1782686616,0,4096,4096,0,0,0,0,0,0,16384,407348,921600,318,26149,short,-200,-200,-200,-200,-200,200,200,200,100
1782686617,0,4096,4096,0,0,0,0,0,0,24576,407301,921600,317,29049,short,-200,-200,-200,-200,-200,200,200,200,100
1782686626,0,4096,4096,0,0,0,0,0,0,4096,921600,921600,720,10049,FULL,200,-200,-200,-200,-200,200,200,200,100
1782686627,0,4096,4096,0,0,0,0,0,0,6144,921600,921600,720,10049,FULL,200,-200,-200,-200,-200,200,200,200,100
1782686628,0,4096,4096,0,0,0,0,0,0,8192,921600,921600,720,10049,FULL,200,-200,-200,-200,-200,200,200,200,100
1782686629,0,4096,4096,0,0,0,0,0,0,12288,921600,921600,720,10049,FULL,200,-200,-200,-200,-200,200,200,200,100
1782686630,0,4096,4096,0,0,0,0,0,0,16384,921600,921600,720,10049,FULL,200,-200,-200,-200,-200,200,200,200,100
1782686632,0,4096,4096,0,0,0,0,0,0,24576,576570,921600,450,48319,short,200,-200,-200,-200,-200,200,200,200,100
1782686641,0,4096,4096,0,0,0,0,0,0,4096,921600,921600,720,10049,FULL,-200,200,-200,-200,-200,200,200,200,100
1782686641,0,4096,4096,0,0,0,0,0,0,6144,921600,921600,720,10049,FULL,-200,200,-200,-200,-200,200,200,200,100
1782686642,0,4096,4096,0,0,0,0,0,0,8192,921600,921600,720,10049,FULL,-200,200,-200,-200,-200,200,200,200,100
1782686643,0,4096,4096,0,0,0,0,0,0,12288,921600,921600,720,0,FULL,-200,200,-200,-200,-200,200,200,200,100
1782686645,0,4096,4096,0,0,0,0,0,0,16384,921600,921600,720,10049,FULL,-200,200,-200,-200,-200,200,200,200,100
1782686646,0,4096,4096,0,0,0,0,0,0,24576,259617,921600,203,2307,short,-200,200,-200,-200,-200,200,200,200,100
1782686655,0,4096,4096,0,0,0,0,0,0,4096,921600,921600,720,10197,FULL,200,200,-200,-200,-200,200,200,200,100
1782686656,0,4096,4096,0,0,0,0,0,0,6144,921600,921600,720,10195,FULL,200,200,-200,-200,-200,200,200,200,100
1782686657,0,4096,4096,0,0,0,0,0,0,8192,921600,921600,720,10194,FULL,200,200,-200,-200,-200,200,200,200,100
1782686658,0,4096,4096,0,0,0,0,0,0,12288,921600,921600,720,10196,FULL,200,200,-200,-200,-200,200,200,200,100
1782686659,0,4096,4096,0,0,0,0,0,0,16384,921600,921600,720,10199,FULL,200,200,-200,-200,-200,200,200,200,100
1782686660,0,4096,4096,0,0,0,0,0,0,24576,921600,921600,720,10198,FULL,200,200,-200,-200,-200,200,200,200,100
1782686669,0,4096,4096,0,0,0,0,0,0,4096,921600,921600,720,10049,FULL,-200,-200,200,-200,-200,200,200,200,100
1782686670,0,4096,4096,0,0,0,0,0,0,6144,921600,921600,720,10049,FULL,-200,-200,200,-200,-200,200,200,200,100
1782686671,0,4096,4096,0,0,0,0,0,0,8192,921600,921600,720,10049,FULL,-200,-200,200,-200,-200,200,200,200,100
1782686672,0,4096,4096,0,0,0,0,0,0,12288,921600,921600,720,10049,FULL,-200,-200,200,-200,-200,200,200,200,100
1782686673,0,4096,4096,0,0,0,0,0,0,16384,921600,921600,720,10049,FULL,-200,-200,200,-200,-200,200,200,200,100
1782686674,0,4096,4096,0,0,0,0,0,0,24576,499145,921600,389,62291,short,-200,-200,200,-200,-200,200,200,200,100
1782686683,0,4096,4096,0,0,0,0,0,0,4096,921600,921600,720,10049,FULL,200,-200,200,-200,-200,200,200,200,100
1782686684,0,4096,4096,0,0,0,0,0,0,6144,921600,921600,720,10049,FULL,200,-200,200,-200,-200,200,200,200,100
1782686685,0,4096,4096,0,0,0,0,0,0,8192,921600,921600,720,10049,FULL,200,-200,200,-200,-200,200,200,200,100
1782686686,0,4096,4096,0,0,0,0,0,0,12288,921600,921600,720,10049,FULL,200,-200,200,-200,-200,200,200,200,100
1782686687,0,4096,4096,0,0,0,0,0,0,16384,921600,921600,720,10049,FULL,200,-200,200,-200,-200,200,200,200,100
1782686689,0,4096,4096,0,0,0,0,0,0,24576,643695,921600,503,40272,short,200,-200,200,-200,-200,200,200,200,100
1782686697,0,4096,4096,0,0,0,0,0,0,4096,921600,921600,720,10049,FULL,-200,200,200,-200,-200,200,200,200,100
1782686698,0,4096,4096,0,0,0,0,0,0,6144,921600,921600,720,10049,FULL,-200,200,200,-200,-200,200,200,200,100
1782686699,0,4096,4096,0,0,0,0,0,0,8192,921600,921600,720,10049,FULL,-200,200,200,-200,-200,200,200,200,100
1782686700,0,4096,4096,0,0,0,0,0,0,12288,921600,921600,720,10049,FULL,-200,200,200,-200,-200,200,200,200,100
1782686701,0,4096,4096,0,0,0,0,0,0,16384,921600,921600,720,10049,FULL,-200,200,200,-200,-200,200,200,200,100
1782686703,0,4096,4096,0,0,0,0,0,0,24576,280242,921600,219,37834,short,-200,200,200,-200,-200,200,200,200,100
1782686712,0,4096,4096,0,0,0,0,0,0,4096,921600,921600,720,10194,FULL,200,200,200,-200,-200,200,200,200,100
1782686712,0,4096,4096,0,0,0,0,0,0,6144,921600,921600,720,10194,FULL,200,200,200,-200,-200,200,200,200,100
1782686713,0,4096,4096,0,0,0,0,0,0,8192,921600,921600,720,10194,FULL,200,200,200,-200,-200,200,200,200,100
1782686714,0,4096,4096,0,0,0,0,0,0,12288,921600,921600,720,10201,FULL,200,200,200,-200,-200,200,200,200,100
1782686716,0,4096,4096,0,0,0,0,0,0,16384,921600,921600,720,10220,FULL,200,200,200,-200,-200,200,200,200,100
1782686717,0,4096,4096,0,0,0,0,0,0,24576,921600,921600,720,0,FULL,200,200,200,-200,-200,200,200,200,100
1782686726,0,4096,4096,0,0,0,0,0,0,4096,921600,921600,720,10049,FULL,-200,-200,-200,200,-200,200,200,200,100
1782686727,0,4096,4096,0,0,0,0,0,0,6144,921600,921600,720,10049,FULL,-200,-200,-200,200,-200,200,200,200,100
1782686728,0,4096,4096,0,0,0,0,0,0,8192,921600,921600,720,10049,FULL,-200,-200,-200,200,-200,200,200,200,100
1782686729,0,4096,4096,0,0,0,0,0,0,12288,921600,921600,720,10049,FULL,-200,-200,-200,200,-200,200,200,200,100
1782686730,0,4096,4096,0,0,0,0,0,0,16384,921600,921600,720,10049,FULL,-200,-200,-200,200,-200,200,200,200,100
1782686731,0,4096,4096,0,0,0,0,0,0,24576,206916,921600,161,60004,short,-200,-200,-200,200,-200,200,200,200,100
1782686740,0,4096,4096,0,0,0,0,0,0,4096,921600,921600,720,10049,FULL,200,-200,-200,200,-200,200,200,200,100
1782686741,0,4096,4096,0,0,0,0,0,0,6144,921600,921600,720,10049,FULL,200,-200,-200,200,-200,200,200,200,100
1782686742,0,4096,4096,0,0,0,0,0,0,8192,921600,921600,720,10049,FULL,200,-200,-200,200,-200,200,200,200,100
1782686743,0,4096,4096,0,0,0,0,0,0,12288,921600,921600,720,10049,FULL,200,-200,-200,200,-200,200,200,200,100
1782686744,0,4096,4096,0,0,0,0,0,0,16384,921600,921600,720,10049,FULL,200,-200,-200,200,-200,200,200,200,100
1782686745,0,4096,4096,0,0,0,0,0,0,24576,921600,921600,720,10049,FULL,200,-200,-200,200,-200,200,200,200,100
1782686754,0,4096,4096,0,0,0,0,0,0,4096,921600,921600,720,10049,FULL,-200,200,-200,200,-200,200,200,200,100
1782686755,0,4096,4096,0,0,0,0,0,0,6144,921600,921600,720,10049,FULL,-200,200,-200,200,-200,200,200,200,100
1782686756,0,4096,4096,0,0,0,0,0,0,8192,921600,921600,720,10049,FULL,-200,200,-200,200,-200,200,200,200,100
1782686757,0,4096,4096,0,0,0,0,0,0,12288,921600,921600,720,10049,FULL,-200,200,-200,200,-200,200,200,200,100
1782686758,0,4096,4096,0,0,0,0,0,0,16384,921600,921600,720,10049,FULL,-200,200,-200,200,-200,200,200,200,100
1782686760,0,4096,4096,0,0,0,0,0,0,24576,921600,921600,720,10049,FULL,-200,200,-200,200,-200,200,200,200,100
1782686768,0,4096,4096,0,0,0,0,0,0,4096,921600,921600,720,10196,FULL,200,200,-200,200,-200,200,200,200,100
1782686769,0,4096,4096,0,0,0,0,0,0,6144,921600,921600,720,10194,FULL,200,200,-200,200,-200,200,200,200,100
1782686770,0,4096,4096,0,0,0,0,0,0,8192,921600,921600,720,10195,FULL,200,200,-200,200,-200,200,200,200,100
1782686771,0,4096,4096,0,0,0,0,0,0,12288,921600,921600,720,10198,FULL,200,200,-200,200,-200,200,200,200,100
1782686772,0,4096,4096,0,0,0,0,0,0,16384,921600,921600,720,10197,FULL,200,200,-200,200,-200,200,200,200,100
1782686774,0,4096,4096,0,0,0,0,0,0,24576,921600,921600,720,10194,FULL,200,200,-200,200,-200,200,200,200,100
1782686783,0,4096,4096,0,0,0,0,0,0,4096,921600,921600,720,10049,FULL,-200,-200,200,200,-200,200,200,200,100
1782686784,0,4096,4096,0,0,0,0,0,0,6144,921600,921600,720,10049,FULL,-200,-200,200,200,-200,200,200,200,100
1782686784,0,4096,4096,0,0,0,0,0,0,8192,921600,921600,720,10049,FULL,-200,-200,200,200,-200,200,200,200,100
1782686786,0,4096,4096,0,0,0,0,0,0,12288,921600,921600,720,10049,FULL,-200,-200,200,200,-200,200,200,200,100
1782686787,0,4096,4096,0,0,0,0,0,0,16384,921600,921600,720,10049,FULL,-200,-200,200,200,-200,200,200,200,100
1782686788,0,4096,4096,0,0,0,0,0,0,24576,921600,921600,720,107,FULL,-200,-200,200,200,-200,200,200,200,100
1782686797,0,4096,4096,0,0,0,0,0,0,4096,921600,921600,720,10049,FULL,200,-200,200,200,-200,200,200,200,100
1782686798,0,4096,4096,0,0,0,0,0,0,6144,921600,921600,720,10049,FULL,200,-200,200,200,-200,200,200,200,100
1782686799,0,4096,4096,0,0,0,0,0,0,8192,921600,921600,720,10049,FULL,200,-200,200,200,-200,200,200,200,100
1782686800,0,4096,4096,0,0,0,0,0,0,12288,921600,921600,720,10049,FULL,200,-200,200,200,-200,200,200,200,100
1782686801,0,4096,4096,0,0,0,0,0,0,16384,921600,921600,720,10049,FULL,200,-200,200,200,-200,200,200,200,100
1782686802,0,4096,4096,0,0,0,0,0,0,24576,921600,921600,720,10049,FULL,200,-200,200,200,-200,200,200,200,100
1782686811,0,4096,4096,0,0,0,0,0,0,4096,921600,921600,720,10049,FULL,-200,200,200,200,-200,200,200,200,100
1782686812,0,4096,4096,0,0,0,0,0,0,6144,921600,921600,720,10049,FULL,-200,200,200,200,-200,200,200,200,100
1782686813,0,4096,4096,0,0,0,0,0,0,8192,921600,921600,720,10049,FULL,-200,200,200,200,-200,200,200,200,100
1782686814,0,4096,4096,0,0,0,0,0,0,12288,921600,921600,720,10049,FULL,-200,200,200,200,-200,200,200,200,100
1782686815,0,4096,4096,0,0,0,0,0,0,16384,921600,921600,720,10049,FULL,-200,200,200,200,-200,200,200,200,100
1782686816,0,4096,4096,0,0,0,0,0,0,24576,921600,921600,720,10049,FULL,-200,200,200,200,-200,200,200,200,100
1782686825,0,4096,4096,0,0,0,0,0,0,4096,921600,921600,720,10394,FULL,200,200,200,200,-200,200,200,200,100
1782686826,0,4096,4096,0,0,0,0,0,0,6144,921600,921600,720,10406,FULL,200,200,200,200,-200,200,200,200,100
1782686827,0,4096,4096,0,0,0,0,0,0,8192,921600,921600,720,10390,FULL,200,200,200,200,-200,200,200,200,100
1782686828,0,4096,4096,0,0,0,0,0,0,12288,921600,921600,720,10398,FULL,200,200,200,200,-200,200,200,200,100
1782686829,0,4096,4096,0,0,0,0,0,0,16384,921600,921600,720,10390,FULL,200,200,200,200,-200,200,200,200,100
1782686831,0,4096,4096,0,0,0,0,0,0,24576,921600,921600,720,10390,FULL,200,200,200,200,-200,200,200,200,100
1782686839,0,4096,4096,0,0,0,0,0,0,4096,921600,921600,720,10049,FULL,-200,-200,-200,-200,200,200,200,200,100
1782686840,0,4096,4096,0,0,0,0,0,0,6144,921600,921600,720,10049,FULL,-200,-200,-200,-200,200,200,200,200,100
1782686841,0,4096,4096,0,0,0,0,0,0,8192,921600,921600,720,10049,FULL,-200,-200,-200,-200,200,200,200,200,100
1782686842,0,4096,4096,0,0,0,0,0,0,12288,401744,921600,314,36607,short,-200,-200,-200,-200,200,200,200,200,100
1782686843,0,4096,4096,0,0,0,0,0,0,16384,401731,921600,314,27727,short,-200,-200,-200,-200,200,200,200,200,100
1782686845,0,4096,4096,0,0,0,0,0,0,24576,402535,921600,313,33656,short,-200,-200,-200,-200,200,200,200,200,100
1782686854,0,4096,4096,0,0,0,0,0,0,4096,921600,921600,720,10049,FULL,200,-200,-200,-200,200,200,200,200,100
1782686855,0,4096,4096,0,0,0,0,0,0,6144,921600,921600,720,10049,FULL,200,-200,-200,-200,200,200,200,200,100
1782686856,0,4096,4096,0,0,0,0,0,0,8192,921600,921600,720,10049,FULL,200,-200,-200,-200,200,200,200,200,100
1782686857,0,4096,4096,0,0,0,0,0,0,12288,921600,921600,720,10049,FULL,200,-200,-200,-200,200,200,200,200,100
1782686858,0,4096,4096,0,0,0,0,0,0,16384,921600,921600,720,10049,FULL,200,-200,-200,-200,200,200,200,200,100
1782686859,0,4096,4096,0,0,0,0,0,0,24576,546023,921600,425,17919,short,200,-200,-200,-200,200,200,200,200,100
1782686868,0,4096,4096,0,0,0,0,0,0,4096,921600,921600,720,10049,FULL,-200,200,-200,-200,200,200,200,200,100
1782686869,0,4096,4096,0,0,0,0,0,0,6144,921600,921600,720,10049,FULL,-200,200,-200,-200,200,200,200,200,100
1782686870,0,4096,4096,0,0,0,0,0,0,8192,210346,921600,164,57755,short,-200,200,-200,-200,200,200,200,200,100
1782686871,0,4096,4096,0,0,0,0,0,0,12288,210078,921600,165,57794,short,-200,200,-200,-200,200,200,200,200,100
1782686872,0,4096,4096,0,0,0,0,0,0,16384,210337,921600,164,52654,short,-200,200,-200,-200,200,200,200,200,100
1782686873,0,4096,4096,0,0,0,0,0,0,24576,209663,921600,165,55446,short,-200,200,-200,-200,200,200,200,200,100
1782686882,0,4096,4096,0,0,0,0,0,0,4096,921600,921600,720,10390,FULL,200,200,-200,-200,200,200,200,200,100
1782686883,0,4096,4096,0,0,0,0,0,0,6144,921600,921600,720,10386,FULL,200,200,-200,-200,200,200,200,200,100
1782686884,0,4096,4096,0,0,0,0,0,0,8192,921600,921600,720,10399,FULL,200,200,-200,-200,200,200,200,200,100
1782686885,0,4096,4096,0,0,0,0,0,0,12288,921600,921600,720,10387,FULL,200,200,-200,-200,200,200,200,200,100
1782686886,0,4096,4096,0,0,0,0,0,0,16384,921600,921600,720,10386,FULL,200,200,-200,-200,200,200,200,200,100
1782686888,0,4096,4096,0,0,0,0,0,0,24576,289295,921600,226,31685,short,200,200,-200,-200,200,200,200,200,100
1782686896,0,4096,4096,0,0,0,0,0,0,4096,921600,921600,720,10049,FULL,-200,-200,200,-200,200,200,200,200,100
1782686897,0,4096,4096,0,0,0,0,0,0,6144,921600,921600,720,10049,FULL,-200,-200,200,-200,200,200,200,200,100
1782686898,0,4096,4096,0,0,0,0,0,0,8192,921600,921600,720,10049,FULL,-200,-200,200,-200,200,200,200,200,100
1782686899,0,4096,4096,0,0,0,0,0,0,12288,921600,921600,720,10049,FULL,-200,-200,200,-200,200,200,200,200,100
1782686900,0,4096,4096,0,0,0,0,0,0,16384,921600,921600,720,10049,FULL,-200,-200,200,-200,200,200,200,200,100
1782686902,0,4096,4096,0,0,0,0,0,0,24576,550084,921600,430,10097,short,-200,-200,200,-200,200,200,200,200,100
1782686911,0,4096,4096,0,0,0,0,0,0,4096,921600,921600,720,10049,FULL,200,-200,200,-200,200,200,200,200,100
1782686911,0,4096,4096,0,0,0,0,0,0,6144,921600,921600,720,10049,FULL,200,-200,200,-200,200,200,200,200,100
1782686912,0,4096,4096,0,0,0,0,0,0,8192,921600,921600,720,10049,FULL,200,-200,200,-200,200,200,200,200,100
1782686913,0,4096,4096,0,0,0,0,0,0,12288,921600,921600,720,10049,FULL,200,-200,200,-200,200,200,200,200,100
1782686915,0,4096,4096,0,0,0,0,0,0,16384,921600,921600,720,10049,FULL,200,-200,200,-200,200,200,200,200,100
1782686916,0,4096,4096,0,0,0,0,0,0,24576,921600,921600,720,10049,FULL,200,-200,200,-200,200,200,200,200,100
1782686925,0,4096,4096,0,0,0,0,0,0,4096,921600,921600,720,10049,FULL,-200,200,200,-200,200,200,200,200,100
1782686926,0,4096,4096,0,0,0,0,0,0,6144,921600,921600,720,10049,FULL,-200,200,200,-200,200,200,200,200,100
1782686927,0,4096,4096,0,0,0,0,0,0,8192,921600,921600,720,10049,FULL,-200,200,200,-200,200,200,200,200,100
1782686928,0,4096,4096,0,0,0,0,0,0,12288,921600,921600,720,10049,FULL,-200,200,200,-200,200,200,200,200,100
1782686929,0,4096,4096,0,0,0,0,0,0,16384,921600,921600,720,10049,FULL,-200,200,200,-200,200,200,200,200,100
1782686930,0,4096,4096,0,0,0,0,0,0,24576,921600,921600,720,10049,FULL,-200,200,200,-200,200,200,200,200,100
1782686939,0,4096,4096,0,0,0,0,0,0,4096,921600,921600,720,10195,FULL,200,200,200,-200,200,200,200,200,100
1782686940,0,4096,4096,0,0,0,0,0,0,6144,921600,921600,720,10215,FULL,200,200,200,-200,200,200,200,200,100
1782686941,0,4096,4096,0,0,0,0,0,0,8192,921600,921600,720,10196,FULL,200,200,200,-200,200,200,200,200,100
1782686942,0,4096,4096,0,0,0,0,0,0,12288,921600,921600,720,10199,FULL,200,200,200,-200,200,200,200,200,100
1782686943,0,4096,4096,0,0,0,0,0,0,16384,921600,921600,720,10194,FULL,200,200,200,-200,200,200,200,200,100
1782686944,0,4096,4096,0,0,0,0,0,0,24576,921600,921600,720,10195,FULL,200,200,200,-200,200,200,200,200,100
1782686953,0,4096,4096,0,0,0,0,0,0,4096,921600,921600,720,10049,FULL,-200,-200,-200,200,200,200,200,200,100
1782686954,0,4096,4096,0,0,0,0,0,0,6144,921600,921600,720,10049,FULL,-200,-200,-200,200,200,200,200,200,100
1782686955,0,4096,4096,0,0,0,0,0,0,8192,921600,921600,720,10049,FULL,-200,-200,-200,200,200,200,200,200,100
1782686956,0,4096,4096,0,0,0,0,0,0,12288,921600,921600,720,10049,FULL,-200,-200,-200,200,200,200,200,200,100
1782686957,0,4096,4096,0,0,0,0,0,0,16384,921600,921600,720,10049,FULL,-200,-200,-200,200,200,200,200,200,100
1782686959,0,4096,4096,0,0,0,0,0,0,24576,921600,921600,720,10049,FULL,-200,-200,-200,200,200,200,200,200,100
1782686967,0,4096,4096,0,0,0,0,0,0,4096,921600,921600,720,10049,FULL,200,-200,-200,200,200,200,200,200,100
1782686968,0,4096,4096,0,0,0,0,0,0,6144,921600,921600,720,10049,FULL,200,-200,-200,200,200,200,200,200,100
1782686969,0,4096,4096,0,0,0,0,0,0,8192,921600,921600,720,10049,FULL,200,-200,-200,200,200,200,200,200,100
1782686970,0,4096,4096,0,0,0,0,0,0,12288,921600,921600,720,10049,FULL,200,-200,-200,200,200,200,200,200,100
1782686971,0,4096,4096,0,0,0,0,0,0,16384,921600,921600,720,10049,FULL,200,-200,-200,200,200,200,200,200,100
1782686973,0,4096,4096,0,0,0,0,0,0,24576,921600,921600,720,10049,FULL,200,-200,-200,200,200,200,200,200,100
1782686982,0,4096,4096,0,0,0,0,0,0,4096,921600,921600,720,10049,FULL,-200,200,-200,200,200,200,200,200,100
1782686982,0,4096,4096,0,0,0,0,0,0,6144,921600,921600,720,10049,FULL,-200,200,-200,200,200,200,200,200,100
1782686983,0,4096,4096,0,0,0,0,0,0,8192,921600,921600,720,10049,FULL,-200,200,-200,200,200,200,200,200,100
1782686984,0,4096,4096,0,0,0,0,0,0,12288,921600,921600,720,10049,FULL,-200,200,-200,200,200,200,200,200,100
1782686986,0,4096,4096,0,0,0,0,0,0,16384,921600,921600,720,10049,FULL,-200,200,-200,200,200,200,200,200,100
1782686987,0,4096,4096,0,0,0,0,0,0,24576,212158,921600,166,41038,short,-200,200,-200,200,200,200,200,200,100
1782686996,0,4096,4096,0,0,0,0,0,0,4096,921600,921600,720,10385,FULL,200,200,-200,200,200,200,200,200,100
1782686997,0,4096,4096,0,0,0,0,0,0,6144,921600,921600,720,10396,FULL,200,200,-200,200,200,200,200,200,100
1782686998,0,4096,4096,0,0,0,0,0,0,8192,921600,921600,720,10386,FULL,200,200,-200,200,200,200,200,200,100
1782686999,0,4096,4096,0,0,0,0,0,0,12288,921600,921600,720,10408,FULL,200,200,-200,200,200,200,200,200,100
1782687000,0,4096,4096,0,0,0,0,0,0,16384,921600,921600,720,10406,FULL,200,200,-200,200,200,200,200,200,100
1782687001,0,4096,4096,0,0,0,0,0,0,24576,921600,921600,720,10390,FULL,200,200,-200,200,200,200,200,200,100
1782687010,0,4096,4096,0,0,0,0,0,0,4096,921600,921600,720,10049,FULL,-200,-200,200,200,200,200,200,200,100
1782687011,0,4096,4096,0,0,0,0,0,0,6144,921600,921600,720,10049,FULL,-200,-200,200,200,200,200,200,200,100
1782687012,0,4096,4096,0,0,0,0,0,0,8192,921600,921600,720,10049,FULL,-200,-200,200,200,200,200,200,200,100
1782687013,0,4096,4096,0,0,0,0,0,0,12288,921600,921600,720,10049,FULL,-200,-200,200,200,200,200,200,200,100
1782687014,0,4096,4096,0,0,0,0,0,0,16384,921600,921600,720,10049,FULL,-200,-200,200,200,200,200,200,200,100
1782687015,0,4096,4096,0,0,0,0,0,0,24576,921600,921600,720,10049,FULL,-200,-200,200,200,200,200,200,200,100
1782687024,0,4096,4096,0,0,0,0,0,0,4096,921600,921600,720,10049,FULL,200,-200,200,200,200,200,200,200,100
1782687025,0,4096,4096,0,0,0,0,0,0,6144,921600,921600,720,10049,FULL,200,-200,200,200,200,200,200,200,100
1782687026,0,4096,4096,0,0,0,0,0,0,8192,921600,921600,720,10049,FULL,200,-200,200,200,200,200,200,200,100
1782687027,0,4096,4096,0,0,0,0,0,0,12288,921600,921600,720,10049,FULL,200,-200,200,200,200,200,200,200,100
1782687028,0,4096,4096,0,0,0,0,0,0,16384,921600,921600,720,10049,FULL,200,-200,200,200,200,200,200,200,100
1782687030,0,4096,4096,0,0,0,0,0,0,24576,921600,921600,720,10049,FULL,200,-200,200,200,200,200,200,200,100
1782687038,0,4096,4096,0,0,0,0,0,0,4096,921600,921600,720,10049,FULL,-200,200,200,200,200,200,200,200,100
1782687039,0,4096,4096,0,0,0,0,0,0,6144,921600,921600,720,10049,FULL,-200,200,200,200,200,200,200,200,100
1782687040,0,4096,4096,0,0,0,0,0,0,8192,921600,921600,720,10049,FULL,-200,200,200,200,200,200,200,200,100
1782687041,0,4096,4096,0,0,0,0,0,0,12288,921600,921600,720,10049,FULL,-200,200,200,200,200,200,200,200,100
1782687042,0,4096,4096,0,0,0,0,0,0,16384,921600,921600,720,10049,FULL,-200,200,200,200,200,200,200,200,100
1782687044,0,4096,4096,0,0,0,0,0,0,24576,921600,921600,720,10049,FULL,-200,200,200,200,200,200,200,200,100
1782687053,0,4096,4096,0,0,0,0,0,0,4096,921600,921600,720,10194,FULL,200,200,200,200,200,200,200,200,100
1782687053,0,4096,4096,0,0,0,0,0,0,6144,921600,921600,720,10194,FULL,200,200,200,200,200,200,200,200,100
1782687054,0,4096,4096,0,0,0,0,0,0,8192,921600,921600,720,10194,FULL,200,200,200,200,200,200,200,200,100
1782687055,0,4096,4096,0,0,0,0,0,0,12288,921600,921600,720,10194,FULL,200,200,200,200,200,200,200,200,100
1782687057,0,4096,4096,0,0,0,0,0,0,16384,921600,921600,720,10195,FULL,200,200,200,200,200,200,200,200,100
1782687058,0,4096,4096,0,0,0,0,0,0,24576,921600,921600,720,10195,FULL,200,200,200,200,200,200,200,200,100
