ts,rot,invx,invy,panx,pany,ks_h,ks_v,pin_x,pin_y,lead,opix,opix_exp,eol,starved,result,tl_x,tl_y,tr_x,tr_y,br_x,br_y,bl_x,bl_y,scale_pct
1782679694,0,4096,4096,0,0,0,0,0,0,4096,2073600,2073600,1080,1174,FULL,-150,-150,-150,-150,-150,-150,-150,-150,100
1782679695,0,4096,4096,0,0,0,0,0,0,6144,2073600,2073600,1080,11127,FULL,-150,-150,-150,-150,-150,-150,-150,-150,100
1782679696,0,4096,4096,0,0,0,0,0,0,8192,2073600,2073600,1080,11127,FULL,-150,-150,-150,-150,-150,-150,-150,-150,100
1782679697,0,4096,4096,0,0,0,0,0,0,12288,2073600,2073600,1080,11127,FULL,-150,-150,-150,-150,-150,-150,-150,-150,100
1782679698,0,4096,4096,0,0,0,0,0,0,16384,2073600,2073600,1080,11127,FULL,-150,-150,-150,-150,-150,-150,-150,-150,100
1782679700,0,4096,4096,0,0,0,0,0,0,24576,2073600,2073600,1080,11127,FULL,-150,-150,-150,-150,-150,-150,-150,-150,100
1782679708,0,4096,4096,0,0,0,0,0,0,4096,825772,2073600,430,63249,short,150,-150,-150,-150,-150,-150,-150,-150,100
1782679709,0,4096,4096,0,0,0,0,0,0,6144,2073600,2073600,1080,11127,FULL,150,-150,-150,-150,-150,-150,-150,-150,100
1782679710,0,4096,4096,0,0,0,0,0,0,8192,2073600,2073600,1080,11127,FULL,150,-150,-150,-150,-150,-150,-150,-150,100
1782679711,0,4096,4096,0,0,0,0,0,0,12288,2073600,2073600,1080,11127,FULL,150,-150,-150,-150,-150,-150,-150,-150,100
1782679712,0,4096,4096,0,0,0,0,0,0,16384,2073600,2073600,1080,11127,FULL,150,-150,-150,-150,-150,-150,-150,-150,100
1782679714,0,4096,4096,0,0,0,0,0,0,24576,825738,2073600,430,1556,short,150,-150,-150,-150,-150,-150,-150,-150,100
1782679723,0,4096,4096,0,0,0,0,0,0,4096,2073600,2073600,1080,11127,FULL,-150,150,-150,-150,-150,-150,-150,-150,100
1782679723,0,4096,4096,0,0,0,0,0,0,6144,2073600,2073600,1080,11127,FULL,-150,150,-150,-150,-150,-150,-150,-150,100
1782679724,0,4096,4096,0,0,0,0,0,0,8192,2073600,2073600,1080,11127,FULL,-150,150,-150,-150,-150,-150,-150,-150,100
1782679725,0,4096,4096,0,0,0,0,0,0,12288,549418,2073600,286,35284,short,-150,150,-150,-150,-150,-150,-150,-150,100
1782679727,0,4096,4096,0,0,0,0,0,0,16384,549565,2073600,286,31594,short,-150,150,-150,-150,-150,-150,-150,-150,100
1782679728,0,4096,4096,0,0,0,0,0,0,24576,549483,2073600,286,31727,short,-150,150,-150,-150,-150,-150,-150,-150,100
1782679737,0,4096,4096,0,0,0,0,0,0,4096,564811,2073600,294,12402,short,150,150,-150,-150,-150,-150,-150,-150,100
1782679738,0,4096,4096,0,0,0,0,0,0,6144,2073600,2073600,1080,11464,FULL,150,150,-150,-150,-150,-150,-150,-150,100
1782679739,0,4096,4096,0,0,0,0,0,0,8192,2073600,2073600,1080,11472,FULL,150,150,-150,-150,-150,-150,-150,-150,100
1782679740,0,4096,4096,0,0,0,0,0,0,12288,2073600,2073600,1080,11473,FULL,150,150,-150,-150,-150,-150,-150,-150,100
1782679741,0,4096,4096,0,0,0,0,0,0,16384,564896,2073600,294,14172,short,150,150,-150,-150,-150,-150,-150,-150,100
1782679742,0,4096,4096,0,0,0,0,0,0,24576,564661,2073600,294,13718,short,150,150,-150,-150,-150,-150,-150,-150,100
1782679751,0,4096,4096,0,0,0,0,0,0,4096,991509,2073600,516,18610,short,-150,-150,150,-150,-150,-150,-150,-150,100
1782679752,0,4096,4096,0,0,0,0,0,0,6144,991321,2073600,516,23696,short,-150,-150,150,-150,-150,-150,-150,-150,100
1782679753,0,4096,4096,0,0,0,0,0,0,8192,991364,2073600,516,22419,short,-150,-150,150,-150,-150,-150,-150,-150,100
1782679754,0,4096,4096,0,0,0,0,0,0,12288,991385,2073600,516,21232,short,-150,-150,150,-150,-150,-150,-150,-150,100
1782679755,0,4096,4096,0,0,0,0,0,0,16384,991342,2073600,516,20668,short,-150,-150,150,-150,-150,-150,-150,-150,100
1782679756,0,4096,4096,0,0,0,0,0,0,24576,991407,2073600,516,22349,short,-150,-150,150,-150,-150,-150,-150,-150,100
1782679765,0,4096,4096,0,0,0,0,0,0,4096,1052747,2073600,552,19459,short,150,-150,150,-150,-150,-150,-150,-150,100
1782679766,0,4096,4096,0,0,0,0,0,0,6144,1060094,2073600,552,18692,short,150,-150,150,-150,-150,-150,-150,-150,100
1782679767,0,4096,4096,0,0,0,0,0,0,8192,2073600,2073600,1080,11127,FULL,150,-150,150,-150,-150,-150,-150,-150,100
1782679768,0,4096,4096,0,0,0,0,0,0,12288,2073600,2073600,1080,11127,FULL,150,-150,150,-150,-150,-150,-150,-150,100
1782679769,0,4096,4096,0,0,0,0,0,0,16384,1060046,2073600,552,16958,short,150,-150,150,-150,-150,-150,-150,-150,100
1782679771,0,4096,4096,0,0,0,0,0,0,24576,1060022,2073600,552,17906,short,150,-150,150,-150,-150,-150,-150,-150,100
1782679779,0,4096,4096,0,0,0,0,0,0,4096,2073600,2073600,1080,11127,FULL,-150,150,150,-150,-150,-150,-150,-150,100
1782679780,0,4096,4096,0,0,0,0,0,0,6144,2073600,2073600,1080,11127,FULL,-150,150,150,-150,-150,-150,-150,-150,100
1782679781,0,4096,4096,0,0,0,0,0,0,8192,2073600,2073600,1080,11127,FULL,-150,150,150,-150,-150,-150,-150,-150,100
1782679782,0,4096,4096,0,0,0,0,0,0,12288,640054,2073600,333,214,short,-150,150,150,-150,-150,-150,-150,-150,100
1782679783,0,4096,4096,0,0,0,0,0,0,16384,639846,2073600,333,3806,short,-150,150,150,-150,-150,-150,-150,-150,100
1782679785,0,4096,4096,0,0,0,0,0,0,24576,640036,2073600,333,63314,short,-150,150,150,-150,-150,-150,-150,-150,100
1782679794,0,4096,4096,0,0,0,0,0,0,4096,653882,2073600,340,47097,short,150,150,150,-150,-150,-150,-150,-150,100
1782679795,0,4096,4096,0,0,0,0,0,0,6144,2073600,2073600,1080,11296,FULL,150,150,150,-150,-150,-150,-150,-150,100
1782679796,0,4096,4096,0,0,0,0,0,0,8192,2073600,2073600,1080,11276,FULL,150,150,150,-150,-150,-150,-150,-150,100
1782679797,0,4096,4096,0,0,0,0,0,0,12288,653829,2073600,341,52349,short,150,150,150,-150,-150,-150,-150,-150,100
1782679798,0,4096,4096,0,0,0,0,0,0,16384,654206,2073600,340,46318,short,150,150,150,-150,-150,-150,-150,-150,100
1782679799,0,4096,4096,0,0,0,0,0,0,24576,654011,2073600,340,47207,short,150,150,150,-150,-150,-150,-150,-150,100
1782679808,0,4096,4096,0,0,0,0,0,0,4096,2073600,2073600,1080,11127,FULL,-150,-150,-150,150,-150,-150,-150,-150,100
1782679809,0,4096,4096,0,0,0,0,0,0,6144,2073600,2073600,1080,11127,FULL,-150,-150,-150,150,-150,-150,-150,-150,100
1782679810,0,4096,4096,0,0,0,0,0,0,8192,2073600,2073600,1080,11127,FULL,-150,-150,-150,150,-150,-150,-150,-150,100
1782679811,0,4096,4096,0,0,0,0,0,0,12288,2073600,2073600,1080,11127,FULL,-150,-150,-150,150,-150,-150,-150,-150,100
1782679812,0,4096,4096,0,0,0,0,0,0,16384,2073600,2073600,1080,11127,FULL,-150,-150,-150,150,-150,-150,-150,-150,100
1782679813,0,4096,4096,0,0,0,0,0,0,24576,431068,2073600,224,24628,short,-150,-150,-150,150,-150,-150,-150,-150,100
1782679822,0,4096,4096,0,0,0,0,0,0,4096,2073600,2073600,1080,11127,FULL,150,-150,-150,150,-150,-150,-150,-150,100
1782679823,0,4096,4096,0,0,0,0,0,0,6144,2073600,2073600,1080,11127,FULL,150,-150,-150,150,-150,-150,-150,-150,100
1782679824,0,4096,4096,0,0,0,0,0,0,8192,2073600,2073600,1080,11127,FULL,150,-150,-150,150,-150,-150,-150,-150,100
1782679825,0,4096,4096,0,0,0,0,0,0,12288,2073600,2073600,1080,11127,FULL,150,-150,-150,150,-150,-150,-150,-150,100
1782679826,0,4096,4096,0,0,0,0,0,0,16384,2073600,2073600,1080,11127,FULL,150,-150,-150,150,-150,-150,-150,-150,100
1782679827,0,4096,4096,0,0,0,0,0,0,24576,467423,2073600,243,47273,short,150,-150,-150,150,-150,-150,-150,-150,100
1782679836,0,4096,4096,0,0,0,0,0,0,4096,2073600,2073600,1080,459,FULL,-150,150,-150,150,-150,-150,-150,-150,100
1782679837,0,4096,4096,0,0,0,0,0,0,6144,2073600,2073600,1080,11127,FULL,-150,150,-150,150,-150,-150,-150,-150,100
1782679838,0,4096,4096,0,0,0,0,0,0,8192,2073600,2073600,1080,11127,FULL,-150,150,-150,150,-150,-150,-150,-150,100
1782679839,0,4096,4096,0,0,0,0,0,0,12288,2073600,2073600,1080,11127,FULL,-150,150,-150,150,-150,-150,-150,-150,100
1782679840,0,4096,4096,0,0,0,0,0,0,16384,2073600,2073600,1080,11127,FULL,-150,150,-150,150,-150,-150,-150,-150,100
1782679842,0,4096,4096,0,0,0,0,0,0,24576,2073600,2073600,1080,11127,FULL,-150,150,-150,150,-150,-150,-150,-150,100
1782679850,0,4096,4096,0,0,0,0,0,0,4096,441233,2073600,229,13957,short,150,150,-150,150,-150,-150,-150,-150,100
1782679851,0,4096,4096,0,0,0,0,0,0,6144,2073600,2073600,1080,11479,FULL,150,150,-150,150,-150,-150,-150,-150,100
1782679852,0,4096,4096,0,0,0,0,0,0,8192,2073600,2073600,1080,11472,FULL,150,150,-150,150,-150,-150,-150,-150,100
1782679853,0,4096,4096,0,0,0,0,0,0,12288,2073600,2073600,1080,11468,FULL,150,150,-150,150,-150,-150,-150,-150,100
1782679854,0,4096,4096,0,0,0,0,0,0,16384,2073600,2073600,1080,11492,FULL,150,150,-150,150,-150,-150,-150,-150,100
1782679856,0,4096,4096,0,0,0,0,0,0,24576,2073600,2073600,1080,11530,FULL,150,150,-150,150,-150,-150,-150,-150,100
1782679865,0,4096,4096,0,0,0,0,0,0,4096,2073600,2073600,1080,11127,FULL,-150,-150,150,150,-150,-150,-150,-150,100
1782679866,0,4096,4096,0,0,0,0,0,0,6144,2073600,2073600,1080,11127,FULL,-150,-150,150,150,-150,-150,-150,-150,100
1782679867,0,4096,4096,0,0,0,0,0,0,8192,2073600,2073600,1080,11127,FULL,-150,-150,150,150,-150,-150,-150,-150,100
1782679868,0,4096,4096,0,0,0,0,0,0,12288,2073600,2073600,1080,11127,FULL,-150,-150,150,150,-150,-150,-150,-150,100
1782679869,0,4096,4096,0,0,0,0,0,0,16384,2073600,2073600,1080,11127,FULL,-150,-150,150,150,-150,-150,-150,-150,100
1782679870,0,4096,4096,0,0,0,0,0,0,24576,563485,2073600,293,17890,short,-150,-150,150,150,-150,-150,-150,-150,100
1782679879,0,4096,4096,0,0,0,0,0,0,4096,2073600,2073600,1080,11127,FULL,150,-150,150,150,-150,-150,-150,-150,100
1782679880,0,4096,4096,0,0,0,0,0,0,6144,2073600,2073600,1080,11127,FULL,150,-150,150,150,-150,-150,-150,-150,100
1782679881,0,4096,4096,0,0,0,0,0,0,8192,2073600,2073600,1080,11127,FULL,150,-150,150,150,-150,-150,-150,-150,100
1782679882,0,4096,4096,0,0,0,0,0,0,12288,2073600,2073600,1080,11127,FULL,150,-150,150,150,-150,-150,-150,-150,100
1782679883,0,4096,4096,0,0,0,0,0,0,16384,579772,2073600,301,4142,short,150,-150,150,150,-150,-150,-150,-150,100
1782679884,0,4096,4096,0,0,0,0,0,0,24576,579795,2073600,301,58986,short,150,-150,150,150,-150,-150,-150,-150,100
1782679893,0,4096,4096,0,0,0,0,0,0,4096,623947,2073600,324,13877,short,-150,150,150,150,-150,-150,-150,-150,100
1782679894,0,4096,4096,0,0,0,0,0,0,6144,2073600,2073600,1080,11127,FULL,-150,150,150,150,-150,-150,-150,-150,100
1782679895,0,4096,4096,0,0,0,0,0,0,8192,2073600,2073600,1080,11127,FULL,-150,150,150,150,-150,-150,-150,-150,100
1782679896,0,4096,4096,0,0,0,0,0,0,12288,2073600,2073600,1080,11127,FULL,-150,150,150,150,-150,-150,-150,-150,100
1782679897,0,4096,4096,0,0,0,0,0,0,16384,2073600,2073600,1080,11127,FULL,-150,150,150,150,-150,-150,-150,-150,100
1782679898,0,4096,4096,0,0,0,0,0,0,24576,2073600,2073600,1080,11127,FULL,-150,150,150,150,-150,-150,-150,-150,100
1782679907,0,4096,4096,0,0,0,0,0,0,4096,670492,2073600,349,34428,short,150,150,150,150,-150,-150,-150,-150,100
1782679908,0,4096,4096,0,0,0,0,0,0,6144,2073600,2073600,1080,11463,FULL,150,150,150,150,-150,-150,-150,-150,100
1782679909,0,4096,4096,0,0,0,0,0,0,8192,2073600,2073600,1080,11468,FULL,150,150,150,150,-150,-150,-150,-150,100
1782679910,0,4096,4096,0,0,0,0,0,0,12288,2073600,2073600,1080,11467,FULL,150,150,150,150,-150,-150,-150,-150,100
1782679911,0,4096,4096,0,0,0,0,0,0,16384,2073600,2073600,1080,11483,FULL,150,150,150,150,-150,-150,-150,-150,100
1782679913,0,4096,4096,0,0,0,0,0,0,24576,670421,2073600,349,33258,short,150,150,150,150,-150,-150,-150,-150,100
1782679922,0,4096,4096,0,0,0,0,0,0,4096,772205,2073600,402,50957,short,-150,-150,-150,-150,150,-150,-150,-150,100
1782679922,0,4096,4096,0,0,0,0,0,0,6144,2073600,2073600,1080,11127,FULL,-150,-150,-150,-150,150,-150,-150,-150,100
1782679923,0,4096,4096,0,0,0,0,0,0,8192,2073600,2073600,1080,11127,FULL,-150,-150,-150,-150,150,-150,-150,-150,100
1782679924,0,4096,4096,0,0,0,0,0,0,12288,2073600,2073600,1080,11127,FULL,-150,-150,-150,-150,150,-150,-150,-150,100
1782679926,0,4096,4096,0,0,0,0,0,0,16384,2073600,2073600,1080,11127,FULL,-150,-150,-150,-150,150,-150,-150,-150,100
1782679927,0,4096,4096,0,0,0,0,0,0,24576,772327,2073600,402,54137,short,-150,-150,-150,-150,150,-150,-150,-150,100
1782679936,0,4096,4096,0,0,0,0,0,0,4096,2073600,2073600,1080,11127,FULL,150,-150,-150,-150,150,-150,-150,-150,100
1782679937,0,4096,4096,0,0,0,0,0,0,6144,2073600,2073600,1080,11127,FULL,150,-150,-150,-150,150,-150,-150,-150,100
1782679938,0,4096,4096,0,0,0,0,0,0,8192,2073600,2073600,1080,11127,FULL,150,-150,-150,-150,150,-150,-150,-150,100
1782679939,0,4096,4096,0,0,0,0,0,0,12288,2073600,2073600,1080,11127,FULL,150,-150,-150,-150,150,-150,-150,-150,100
1782679940,0,4096,4096,0,0,0,0,0,0,16384,2073600,2073600,1080,11127,FULL,150,-150,-150,-150,150,-150,-150,-150,100
1782679941,0,4096,4096,0,0,0,0,0,0,24576,2073600,2073600,1080,11127,FULL,150,-150,-150,-150,150,-150,-150,-150,100
1782679950,0,4096,4096,0,0,0,0,0,0,4096,2073600,2073600,1080,11127,FULL,-150,150,-150,-150,150,-150,-150,-150,100
1782679951,0,4096,4096,0,0,0,0,0,0,6144,2073600,2073600,1080,11127,FULL,-150,150,-150,-150,150,-150,-150,-150,100
1782679952,0,4096,4096,0,0,0,0,0,0,8192,498548,2073600,259,30050,short,-150,150,-150,-150,150,-150,-150,-150,100
1782679953,0,4096,4096,0,0,0,0,0,0,12288,498548,2073600,259,29235,short,-150,150,-150,-150,150,-150,-150,-150,100
1782679954,0,4096,4096,0,0,0,0,0,0,16384,498602,2073600,259,28920,short,-150,150,-150,-150,150,-150,-150,-150,100
1782679955,0,4096,4096,0,0,0,0,0,0,24576,498538,2073600,259,29598,short,-150,150,-150,-150,150,-150,-150,-150,100
1782679964,0,4096,4096,0,0,0,0,0,0,4096,2073600,2073600,1080,11282,FULL,150,150,-150,-150,150,-150,-150,-150,100
1782679965,0,4096,4096,0,0,0,0,0,0,6144,2073600,2073600,1080,11273,FULL,150,150,-150,-150,150,-150,-150,-150,100
1782679966,0,4096,4096,0,0,0,0,0,0,8192,2073600,2073600,1080,11283,FULL,150,150,-150,-150,150,-150,-150,-150,100
1782679967,0,4096,4096,0,0,0,0,0,0,12288,2073600,2073600,1080,11281,FULL,150,150,-150,-150,150,-150,-150,-150,100
1782679968,0,4096,4096,0,0,0,0,0,0,16384,546431,2073600,284,42809,short,150,150,-150,-150,150,-150,-150,-150,100
1782679970,0,4096,4096,0,0,0,0,0,0,24576,546495,2073600,284,36410,short,150,150,-150,-150,150,-150,-150,-150,100
1782679978,0,4096,4096,0,0,0,0,0,0,4096,2073600,2073600,1080,11127,FULL,-150,-150,150,-150,150,-150,-150,-150,100
1782679979,0,4096,4096,0,0,0,0,0,0,6144,2073600,2073600,1080,11127,FULL,-150,-150,150,-150,150,-150,-150,-150,100
1782679980,0,4096,4096,0,0,0,0,0,0,8192,2073600,2073600,1080,11127,FULL,-150,-150,150,-150,150,-150,-150,-150,100
1782679981,0,4096,4096,0,0,0,0,0,0,12288,2073600,2073600,1080,11127,FULL,-150,-150,150,-150,150,-150,-150,-150,100
1782679982,0,4096,4096,0,0,0,0,0,0,16384,2073600,2073600,1080,11127,FULL,-150,-150,150,-150,150,-150,-150,-150,100
1782679984,0,4096,4096,0,0,0,0,0,0,24576,2073600,2073600,1080,11127,FULL,-150,-150,150,-150,150,-150,-150,-150,100
1782679993,0,4096,4096,0,0,0,0,0,0,4096,2073600,2073600,1080,11127,FULL,150,-150,150,-150,150,-150,-150,-150,100
1782679993,0,4096,4096,0,0,0,0,0,0,6144,2073600,2073600,1080,11127,FULL,150,-150,150,-150,150,-150,-150,-150,100
1782679994,0,4096,4096,0,0,0,0,0,0,8192,2073600,2073600,1080,11127,FULL,150,-150,150,-150,150,-150,-150,-150,100
1782679995,0,4096,4096,0,0,0,0,0,0,12288,2073600,2073600,1080,11127,FULL,150,-150,150,-150,150,-150,-150,-150,100
1782679997,0,4096,4096,0,0,0,0,0,0,16384,2073600,2073600,1080,11127,FULL,150,-150,150,-150,150,-150,-150,-150,100
1782679998,0,4096,4096,0,0,0,0,0,0,24576,1190723,2073600,620,14686,short,150,-150,150,-150,150,-150,-150,-150,100
1782680007,0,4096,4096,0,0,0,0,0,0,4096,2073600,2073600,1080,11127,FULL,-150,150,150,-150,150,-150,-150,-150,100
1782680008,0,4096,4096,0,0,0,0,0,0,6144,2073600,2073600,1080,11127,FULL,-150,150,150,-150,150,-150,-150,-150,100
1782680009,0,4096,4096,0,0,0,0,0,0,8192,2073600,2073600,1080,11127,FULL,-150,150,150,-150,150,-150,-150,-150,100
1782680010,0,4096,4096,0,0,0,0,0,0,12288,2073600,2073600,1080,11127,FULL,-150,150,150,-150,150,-150,-150,-150,100
1782680011,0,4096,4096,0,0,0,0,0,0,16384,2073600,2073600,1080,11127,FULL,-150,150,150,-150,150,-150,-150,-150,100
1782680012,0,4096,4096,0,0,0,0,0,0,24576,2073600,2073600,1080,11127,FULL,-150,150,150,-150,150,-150,-150,-150,100
1782680021,0,4096,4096,0,0,0,0,0,0,4096,2073600,2073600,1080,11275,FULL,150,150,150,-150,150,-150,-150,-150,100
1782680022,0,4096,4096,0,0,0,0,0,0,6144,2073600,2073600,1080,11284,FULL,150,150,150,-150,150,-150,-150,-150,100
1782680023,0,4096,4096,0,0,0,0,0,0,8192,2073600,2073600,1080,11275,FULL,150,150,150,-150,150,-150,-150,-150,100
1782680024,0,4096,4096,0,0,0,0,0,0,12288,2073600,2073600,1080,11302,FULL,150,150,150,-150,150,-150,-150,-150,100
1782680025,0,4096,4096,0,0,0,0,0,0,16384,2073600,2073600,1080,11279,FULL,150,150,150,-150,150,-150,-150,-150,100
1782680026,0,4096,4096,0,0,0,0,0,0,24576,2073600,2073600,1080,11278,FULL,150,150,150,-150,150,-150,-150,-150,100
1782680035,0,4096,4096,0,0,0,0,0,0,4096,2073600,2073600,1080,11127,FULL,-150,-150,-150,150,150,-150,-150,-150,100
1782680036,0,4096,4096,0,0,0,0,0,0,6144,2073600,2073600,1080,11127,FULL,-150,-150,-150,150,150,-150,-150,-150,100
1782680037,0,4096,4096,0,0,0,0,0,0,8192,2073600,2073600,1080,11127,FULL,-150,-150,-150,150,150,-150,-150,-150,100
1782680038,0,4096,4096,0,0,0,0,0,0,12288,2073600,2073600,1080,11127,FULL,-150,-150,-150,150,150,-150,-150,-150,100
1782680039,0,4096,4096,0,0,0,0,0,0,16384,2073600,2073600,1080,11127,FULL,-150,-150,-150,150,150,-150,-150,-150,100
1782680041,0,4096,4096,0,0,0,0,0,0,24576,2073600,2073600,1080,11127,FULL,-150,-150,-150,150,150,-150,-150,-150,100
1782680049,0,4096,4096,0,0,0,0,0,0,4096,2073600,2073600,1080,11127,FULL,150,-150,-150,150,150,-150,-150,-150,100
1782680050,0,4096,4096,0,0,0,0,0,0,6144,2073600,2073600,1080,11127,FULL,150,-150,-150,150,150,-150,-150,-150,100
1782680051,0,4096,4096,0,0,0,0,0,0,8192,2073600,2073600,1080,11127,FULL,150,-150,-150,150,150,-150,-150,-150,100
1782680052,0,4096,4096,0,0,0,0,0,0,12288,2073600,2073600,1080,11127,FULL,150,-150,-150,150,150,-150,-150,-150,100
1782680054,0,4096,4096,0,0,0,0,0,0,16384,2073600,2073600,1080,11127,FULL,150,-150,-150,150,150,-150,-150,-150,100
1782680055,0,4096,4096,0,0,0,0,0,0,24576,2073600,2073600,1080,11127,FULL,150,-150,-150,150,150,-150,-150,-150,100
1782680064,0,4096,4096,0,0,0,0,0,0,4096,2073600,2073600,1080,11127,FULL,-150,150,-150,150,150,-150,-150,-150,100
1782680065,0,4096,4096,0,0,0,0,0,0,6144,2073600,2073600,1080,11127,FULL,-150,150,-150,150,150,-150,-150,-150,100
1782680065,0,4096,4096,0,0,0,0,0,0,8192,2073600,2073600,1080,11127,FULL,-150,150,-150,150,150,-150,-150,-150,100
1782680067,0,4096,4096,0,0,0,0,0,0,12288,2073600,2073600,1080,11127,FULL,-150,150,-150,150,150,-150,-150,-150,100
1782680068,0,4096,4096,0,0,0,0,0,0,16384,2073600,2073600,1080,11127,FULL,-150,150,-150,150,150,-150,-150,-150,100
1782680069,0,4096,4096,0,0,0,0,0,0,24576,2073600,2073600,1080,11127,FULL,-150,150,-150,150,150,-150,-150,-150,100
1782680078,0,4096,4096,0,0,0,0,0,0,4096,2073600,2073600,1080,11283,FULL,150,150,-150,150,150,-150,-150,-150,100
1782680079,0,4096,4096,0,0,0,0,0,0,6144,2073600,2073600,1080,11282,FULL,150,150,-150,150,150,-150,-150,-150,100
1782680080,0,4096,4096,0,0,0,0,0,0,8192,2073600,2073600,1080,11286,FULL,150,150,-150,150,150,-150,-150,-150,100
1782680081,0,4096,4096,0,0,0,0,0,0,12288,2073600,2073600,1080,11279,FULL,150,150,-150,150,150,-150,-150,-150,100
1782680082,0,4096,4096,0,0,0,0,0,0,16384,2073600,2073600,1080,11272,FULL,150,150,-150,150,150,-150,-150,-150,100
1782680083,0,4096,4096,0,0,0,0,0,0,24576,2073600,2073600,1080,11278,FULL,150,150,-150,150,150,-150,-150,-150,100
1782680092,0,4096,4096,0,0,0,0,0,0,4096,2073600,2073600,1080,11127,FULL,-150,-150,150,150,150,-150,-150,-150,100
1782680093,0,4096,4096,0,0,0,0,0,0,6144,2073600,2073600,1080,11127,FULL,-150,-150,150,150,150,-150,-150,-150,100
1782680094,0,4096,4096,0,0,0,0,0,0,8192,2073600,2073600,1080,11127,FULL,-150,-150,150,150,150,-150,-150,-150,100
1782680095,0,4096,4096,0,0,0,0,0,0,12288,2073600,2073600,1080,11127,FULL,-150,-150,150,150,150,-150,-150,-150,100
1782680096,0,4096,4096,0,0,0,0,0,0,16384,2073600,2073600,1080,11127,FULL,-150,-150,150,150,150,-150,-150,-150,100
1782680098,0,4096,4096,0,0,0,0,0,0,24576,2073600,2073600,1080,11127,FULL,-150,-150,150,150,150,-150,-150,-150,100
1782680106,0,4096,4096,0,0,0,0,0,0,4096,2073600,2073600,1080,11127,FULL,150,-150,150,150,150,-150,-150,-150,100
1782680107,0,4096,4096,0,0,0,0,0,0,6144,2073600,2073600,1080,11127,FULL,150,-150,150,150,150,-150,-150,-150,100
1782680108,0,4096,4096,0,0,0,0,0,0,8192,2073600,2073600,1080,11127,FULL,150,-150,150,150,150,-150,-150,-150,100
1782680109,0,4096,4096,0,0,0,0,0,0,12288,2073600,2073600,1080,11127,FULL,150,-150,150,150,150,-150,-150,-150,100
1782680110,0,4096,4096,0,0,0,0,0,0,16384,2073600,2073600,1080,11127,FULL,150,-150,150,150,150,-150,-150,-150,100
1782680112,0,4096,4096,0,0,0,0,0,0,24576,550127,2073600,301,59752,short,150,-150,150,150,150,-150,-150,-150,100
1782680121,0,4096,4096,0,0,0,0,0,0,4096,2073600,2073600,1080,11127,FULL,-150,150,150,150,150,-150,-150,-150,100
1782680121,0,4096,4096,0,0,0,0,0,0,6144,2073600,2073600,1080,11127,FULL,-150,150,150,150,150,-150,-150,-150,100
1782680122,0,4096,4096,0,0,0,0,0,0,8192,2073600,2073600,1080,11127,FULL,-150,150,150,150,150,-150,-150,-150,100
1782680123,0,4096,4096,0,0,0,0,0,0,12288,2073600,2073600,1080,11127,FULL,-150,150,150,150,150,-150,-150,-150,100
1782680125,0,4096,4096,0,0,0,0,0,0,16384,2073600,2073600,1080,11127,FULL,-150,150,150,150,150,-150,-150,-150,100
1782680126,0,4096,4096,0,0,0,0,0,0,24576,2073600,2073600,1080,11127,FULL,-150,150,150,150,150,-150,-150,-150,100
1782680135,0,4096,4096,0,0,0,0,0,0,4096,2073600,2073600,1080,11471,FULL,150,150,150,150,150,-150,-150,-150,100
1782680136,0,4096,4096,0,0,0,0,0,0,6144,2073600,2073600,1080,11469,FULL,150,150,150,150,150,-150,-150,-150,100
1782680137,0,4096,4096,0,0,0,0,0,0,8192,2073600,2073600,1080,11484,FULL,150,150,150,150,150,-150,-150,-150,100
1782680138,0,4096,4096,0,0,0,0,0,0,12288,2073600,2073600,1080,11468,FULL,150,150,150,150,150,-150,-150,-150,100
1782680139,0,4096,4096,0,0,0,0,0,0,16384,2073600,2073600,1080,11467,FULL,150,150,150,150,150,-150,-150,-150,100
1782680140,0,4096,4096,0,0,0,0,0,0,24576,2073600,2073600,1080,11471,FULL,150,150,150,150,150,-150,-150,-150,100
1782680149,0,4096,4096,0,0,0,0,0,0,4096,2073600,2073600,1080,11127,FULL,-150,-150,-150,-150,-150,150,-150,-150,100
1782680150,0,4096,4096,0,0,0,0,0,0,6144,2073600,2073600,1080,11127,FULL,-150,-150,-150,-150,-150,150,-150,-150,100
1782680151,0,4096,4096,0,0,0,0,0,0,8192,2073600,2073600,1080,11127,FULL,-150,-150,-150,-150,-150,150,-150,-150,100
1782680152,0,4096,4096,0,0,0,0,0,0,12288,2073600,2073600,1080,11127,FULL,-150,-150,-150,-150,-150,150,-150,-150,100
1782680153,0,4096,4096,0,0,0,0,0,0,16384,2073600,2073600,1080,11127,FULL,-150,-150,-150,-150,-150,150,-150,-150,100
1782680154,0,4096,4096,0,0,0,0,0,0,24576,716091,2073600,373,46185,short,-150,-150,-150,-150,-150,150,-150,-150,100
1782680163,0,4096,4096,0,0,0,0,0,0,4096,2073600,2073600,1080,11127,FULL,150,-150,-150,-150,-150,150,-150,-150,100
1782680164,0,4096,4096,0,0,0,0,0,0,6144,2073600,2073600,1080,11127,FULL,150,-150,-150,-150,-150,150,-150,-150,100
1782680165,0,4096,4096,0,0,0,0,0,0,8192,819082,2073600,426,4707,short,150,-150,-150,-150,-150,150,-150,-150,100
1782680166,0,4096,4096,0,0,0,0,0,0,12288,819017,2073600,426,1247,short,150,-150,-150,-150,-150,150,-150,-150,100
1782680167,0,4096,4096,0,0,0,0,0,0,16384,819222,2073600,426,2610,short,150,-150,-150,-150,-150,150,-150,-150,100
1782680169,0,4096,4096,0,0,0,0,0,0,24576,818985,2073600,426,2310,short,150,-150,-150,-150,-150,150,-150,-150,100
1782680177,0,4096,4096,0,0,0,0,0,0,4096,2073600,2073600,1080,11127,FULL,-150,150,-150,-150,-150,150,-150,-150,100
1782680178,0,4096,4096,0,0,0,0,0,0,6144,2073600,2073600,1080,11127,FULL,-150,150,-150,-150,-150,150,-150,-150,100
1782680179,0,4096,4096,0,0,0,0,0,0,8192,2073600,2073600,1080,11127,FULL,-150,150,-150,-150,-150,150,-150,-150,100
1782680180,0,4096,4096,0,0,0,0,0,0,12288,2073600,2073600,1080,11127,FULL,-150,150,-150,-150,-150,150,-150,-150,100
1782680181,0,4096,4096,0,0,0,0,0,0,16384,2073600,2073600,1080,11127,FULL,-150,150,-150,-150,-150,150,-150,-150,100
1782680183,0,4096,4096,0,0,0,0,0,0,24576,511326,2073600,266,12135,short,-150,150,-150,-150,-150,150,-150,-150,100
1782680192,0,4096,4096,0,0,0,0,0,0,4096,2073600,2073600,1080,11293,FULL,150,150,-150,-150,-150,150,-150,-150,100
1782680193,0,4096,4096,0,0,0,0,0,0,6144,2073600,2073600,1080,11276,FULL,150,150,-150,-150,-150,150,-150,-150,100
1782680193,0,4096,4096,0,0,0,0,0,0,8192,2073600,2073600,1080,11274,FULL,150,150,-150,-150,-150,150,-150,-150,100
1782680195,0,4096,4096,0,0,0,0,0,0,12288,2073600,2073600,1080,11276,FULL,150,150,-150,-150,-150,150,-150,-150,100
1782680196,0,4096,4096,0,0,0,0,0,0,16384,2073600,2073600,1080,0,FULL,150,150,-150,-150,-150,150,-150,-150,100
1782680197,0,4096,4096,0,0,0,0,0,0,24576,538155,2073600,280,49771,short,150,150,-150,-150,-150,150,-150,-150,100
1782680206,0,4096,4096,0,0,0,0,0,0,4096,2073600,2073600,1080,11127,FULL,-150,-150,150,-150,-150,150,-150,-150,100
1782680207,0,4096,4096,0,0,0,0,0,0,6144,2073600,2073600,1080,11127,FULL,-150,-150,150,-150,-150,150,-150,-150,100
1782680208,0,4096,4096,0,0,0,0,0,0,8192,2073600,2073600,1080,11127,FULL,-150,-150,150,-150,-150,150,-150,-150,100
1782680209,0,4096,4096,0,0,0,0,0,0,12288,2073600,2073600,1080,0,FULL,-150,-150,150,-150,-150,150,-150,-150,100
1782680210,0,4096,4096,0,0,0,0,0,0,16384,788606,2073600,410,38399,short,-150,-150,150,-150,-150,150,-150,-150,100
1782680211,0,4096,4096,0,0,0,0,0,0,24576,788437,2073600,410,38068,short,-150,-150,150,-150,-150,150,-150,-150,100
1782680220,0,4096,4096,0,0,0,0,0,0,4096,851686,2073600,443,33811,short,150,-150,150,-150,-150,150,-150,-150,100
1782680221,0,4096,4096,0,0,0,0,0,0,6144,851686,2073600,443,33641,short,150,-150,150,-150,-150,150,-150,-150,100
1782680222,0,4096,4096,0,0,0,0,0,0,8192,851585,2073600,443,35501,short,150,-150,150,-150,-150,150,-150,-150,100
1782680223,0,4096,4096,0,0,0,0,0,0,12288,840710,2073600,443,36093,short,150,-150,150,-150,-150,150,-150,-150,100
1782680224,0,4096,4096,0,0,0,0,0,0,16384,851957,2073600,443,32729,short,150,-150,150,-150,-150,150,-150,-150,100
1782680225,0,4096,4096,0,0,0,0,0,0,24576,851553,2073600,444,32832,short,150,-150,150,-150,-150,150,-150,-150,100
1782680234,0,4096,4096,0,0,0,0,0,0,4096,2073600,2073600,1080,11127,FULL,-150,150,150,-150,-150,150,-150,-150,100
1782680235,0,4096,4096,0,0,0,0,0,0,6144,2073600,2073600,1080,11127,FULL,-150,150,150,-150,-150,150,-150,-150,100
1782680236,0,4096,4096,0,0,0,0,0,0,8192,2073600,2073600,1080,11127,FULL,-150,150,150,-150,-150,150,-150,-150,100
1782680237,0,4096,4096,0,0,0,0,0,0,12288,2073600,2073600,1080,11127,FULL,-150,150,150,-150,-150,150,-150,-150,100
1782680238,0,4096,4096,0,0,0,0,0,0,16384,2073600,2073600,1080,11127,FULL,-150,150,150,-150,-150,150,-150,-150,100
1782680240,0,4096,4096,0,0,0,0,0,0,24576,2073600,2073600,1080,11127,FULL,-150,150,150,-150,-150,150,-150,-150,100
1782680248,0,4096,4096,0,0,0,0,0,0,4096,2073600,2073600,1080,11275,FULL,150,150,150,-150,-150,150,-150,-150,100
1782680249,0,4096,4096,0,0,0,0,0,0,6144,2073600,2073600,1080,11275,FULL,150,150,150,-150,-150,150,-150,-150,100
1782680250,0,4096,4096,0,0,0,0,0,0,8192,2073600,2073600,1080,11287,FULL,150,150,150,-150,-150,150,-150,-150,100
1782680251,0,4096,4096,0,0,0,0,0,0,12288,2073600,2073600,1080,11275,FULL,150,150,150,-150,-150,150,-150,-150,100
1782680252,0,4096,4096,0,0,0,0,0,0,16384,2073600,2073600,1080,11274,FULL,150,150,150,-150,-150,150,-150,-150,100
1782680254,0,4096,4096,0,0,0,0,0,0,24576,530954,2073600,276,49228,short,150,150,150,-150,-150,150,-150,-150,100
1782680263,0,4096,4096,0,0,0,0,0,0,4096,2073600,2073600,1080,11127,FULL,-150,-150,-150,150,-150,150,-150,-150,100
1782680264,0,4096,4096,0,0,0,0,0,0,6144,2073600,2073600,1080,11127,FULL,-150,-150,-150,150,-150,150,-150,-150,100
1782680265,0,4096,4096,0,0,0,0,0,0,8192,2073600,2073600,1080,11127,FULL,-150,-150,-150,150,-150,150,-150,-150,100
1782680266,0,4096,4096,0,0,0,0,0,0,12288,2073600,2073600,1080,11127,FULL,-150,-150,-150,150,-150,150,-150,-150,100
1782680267,0,4096,4096,0,0,0,0,0,0,16384,2073600,2073600,1080,0,FULL,-150,-150,-150,150,-150,150,-150,-150,100
1782680268,0,4096,4096,0,0,0,0,0,0,24576,536428,2073600,279,48637,short,-150,-150,-150,150,-150,150,-150,-150,100
1782680277,0,4096,4096,0,0,0,0,0,0,4096,2073600,2073600,1080,11127,FULL,150,-150,-150,150,-150,150,-150,-150,100
1782680278,0,4096,4096,0,0,0,0,0,0,6144,2073600,2073600,1080,11127,FULL,150,-150,-150,150,-150,150,-150,-150,100
1782680279,0,4096,4096,0,0,0,0,0,0,8192,2073600,2073600,1080,11127,FULL,150,-150,-150,150,-150,150,-150,-150,100
1782680280,0,4096,4096,0,0,0,0,0,0,12288,700934,2073600,365,62865,short,150,-150,-150,150,-150,150,-150,-150,100
1782680281,0,4096,4096,0,0,0,0,0,0,16384,700999,2073600,365,3376,short,150,-150,-150,150,-150,150,-150,-150,100
1782680282,0,4096,4096,0,0,0,0,0,0,24576,700946,2073600,365,301,short,150,-150,-150,150,-150,150,-150,-150,100
1782680291,0,4096,4096,0,0,0,0,0,0,4096,2073600,2073600,1080,11127,FULL,-150,150,-150,150,-150,150,-150,-150,100
1782680292,0,4096,4096,0,0,0,0,0,0,6144,2073600,2073600,1080,11127,FULL,-150,150,-150,150,-150,150,-150,-150,100
1782680293,0,4096,4096,0,0,0,0,0,0,8192,2073600,2073600,1080,11127,FULL,-150,150,-150,150,-150,150,-150,-150,100
1782680294,0,4096,4096,0,0,0,0,0,0,12288,2073600,2073600,1080,11127,FULL,-150,150,-150,150,-150,150,-150,-150,100
1782680295,0,4096,4096,0,0,0,0,0,0,16384,2073600,2073600,1080,11127,FULL,-150,150,-150,150,-150,150,-150,-150,100
1782680296,0,4096,4096,0,0,0,0,0,0,24576,357750,2073600,186,27650,short,-150,150,-150,150,-150,150,-150,-150,100
1782680305,0,4096,4096,0,0,0,0,0,0,4096,2073600,2073600,1080,11490,FULL,150,150,-150,150,-150,150,-150,-150,100
1782680306,0,4096,4096,0,0,0,0,0,0,6144,2073600,2073600,1080,11487,FULL,150,150,-150,150,-150,150,-150,-150,100
1782680307,0,4096,4096,0,0,0,0,0,0,8192,2073600,2073600,1080,11469,FULL,150,150,-150,150,-150,150,-150,-150,100
1782680308,0,4096,4096,0,0,0,0,0,0,12288,2073600,2073600,1080,11485,FULL,150,150,-150,150,-150,150,-150,-150,100
1782680309,0,4096,4096,0,0,0,0,0,0,16384,2073600,2073600,1080,11471,FULL,150,150,-150,150,-150,150,-150,-150,100
1782680311,0,4096,4096,0,0,0,0,0,0,24576,421237,2073600,219,32877,short,150,150,-150,150,-150,150,-150,-150,100
1782680319,0,4096,4096,0,0,0,0,0,0,4096,2073600,2073600,1080,11127,FULL,-150,-150,150,150,-150,150,-150,-150,100
1782680320,0,4096,4096,0,0,0,0,0,0,6144,2073600,2073600,1080,11127,FULL,-150,-150,150,150,-150,150,-150,-150,100
1782680321,0,4096,4096,0,0,0,0,0,0,8192,2073600,2073600,1080,11127,FULL,-150,-150,150,150,-150,150,-150,-150,100
1782680322,0,4096,4096,0,0,0,0,0,0,12288,2073600,2073600,1080,11127,FULL,-150,-150,150,150,-150,150,-150,-150,100
1782680324,0,4096,4096,0,0,0,0,0,0,16384,2073600,2073600,1080,11127,FULL,-150,-150,150,150,-150,150,-150,-150,100
1782680325,0,4096,4096,0,0,0,0,0,0,24576,595206,2073600,310,44310,short,-150,-150,150,150,-150,150,-150,-150,100
1782680334,0,4096,4096,0,0,0,0,0,0,4096,2073600,2073600,1080,11127,FULL,150,-150,150,150,-150,150,-150,-150,100
1782680335,0,4096,4096,0,0,0,0,0,0,6144,2073600,2073600,1080,11127,FULL,150,-150,150,150,-150,150,-150,-150,100
1782680336,0,4096,4096,0,0,0,0,0,0,8192,720889,2073600,375,39928,short,150,-150,150,150,-150,150,-150,-150,100
1782680337,0,4096,4096,0,0,0,0,0,0,12288,720857,2073600,375,40576,short,150,-150,150,150,-150,150,-150,-150,100
1782680338,0,4096,4096,0,0,0,0,0,0,16384,721002,2073600,375,43458,short,150,-150,150,150,-150,150,-150,-150,100
1782680339,0,4096,4096,0,0,0,0,0,0,24576,721097,2073600,376,41064,short,150,-150,150,150,-150,150,-150,-150,100
1782680348,0,4096,4096,0,0,0,0,0,0,4096,2073600,2073600,1080,11127,FULL,-150,150,150,150,-150,150,-150,-150,100
1782680349,0,4096,4096,0,0,0,0,0,0,6144,2073600,2073600,1080,11127,FULL,-150,150,150,150,-150,150,-150,-150,100
1782680350,0,4096,4096,0,0,0,0,0,0,8192,2073600,2073600,1080,11127,FULL,-150,150,150,150,-150,150,-150,-150,100
1782680351,0,4096,4096,0,0,0,0,0,0,12288,2073600,2073600,1080,11127,FULL,-150,150,150,150,-150,150,-150,-150,100
1782680352,0,4096,4096,0,0,0,0,0,0,16384,2073600,2073600,1080,11127,FULL,-150,150,150,150,-150,150,-150,-150,100
1782680353,0,4096,4096,0,0,0,0,0,0,24576,2073600,2073600,1080,11127,FULL,-150,150,150,150,-150,150,-150,-150,100
1782680362,0,4096,4096,0,0,0,0,0,0,4096,2073600,2073600,1080,11275,FULL,150,150,150,150,-150,150,-150,-150,100
1782680363,0,4096,4096,0,0,0,0,0,0,6144,2073600,2073600,1080,11299,FULL,150,150,150,150,-150,150,-150,-150,100
1782680364,0,4096,4096,0,0,0,0,0,0,8192,2073600,2073600,1080,11304,FULL,150,150,150,150,-150,150,-150,-150,100
1782680365,0,4096,4096,0,0,0,0,0,0,12288,2073600,2073600,1080,11274,FULL,150,150,150,150,-150,150,-150,-150,100
1782680366,0,4096,4096,0,0,0,0,0,0,16384,2073600,2073600,1080,11276,FULL,150,150,150,150,-150,150,-150,-150,100
1782680368,0,4096,4096,0,0,0,0,0,0,24576,480499,2073600,251,33134,short,150,150,150,150,-150,150,-150,-150,100
1782680376,0,4096,4096,0,0,0,0,0,0,4096,2073600,2073600,1080,11127,FULL,-150,-150,-150,-150,150,150,-150,-150,100
1782680377,0,4096,4096,0,0,0,0,0,0,6144,2073600,2073600,1080,11127,FULL,-150,-150,-150,-150,150,150,-150,-150,100
1782680378,0,4096,4096,0,0,0,0,0,0,8192,2073600,2073600,1080,11127,FULL,-150,-150,-150,-150,150,150,-150,-150,100
1782680379,0,4096,4096,0,0,0,0,0,0,12288,2073600,2073600,1080,11127,FULL,-150,-150,-150,-150,150,150,-150,-150,100
1782680380,0,4096,4096,0,0,0,0,0,0,16384,712454,2073600,371,49817,short,-150,-150,-150,-150,150,150,-150,-150,100
1782680382,0,4096,4096,0,0,0,0,0,0,24576,689668,2073600,371,51247,short,-150,-150,-150,-150,150,150,-150,-150,100
1782680391,0,4096,4096,0,0,0,0,0,0,4096,2073600,2073600,1080,11127,FULL,150,-150,-150,-150,150,150,-150,-150,100
1782680392,0,4096,4096,0,0,0,0,0,0,6144,2073600,2073600,1080,11127,FULL,150,-150,-150,-150,150,150,-150,-150,100
1782680392,0,4096,4096,0,0,0,0,0,0,8192,2073600,2073600,1080,11127,FULL,150,-150,-150,-150,150,150,-150,-150,100
1782680394,0,4096,4096,0,0,0,0,0,0,12288,2073600,2073600,1080,11127,FULL,150,-150,-150,-150,150,150,-150,-150,100
1782680395,0,4096,4096,0,0,0,0,0,0,16384,2073600,2073600,1080,0,FULL,150,-150,-150,-150,150,150,-150,-150,100
1782680396,0,4096,4096,0,0,0,0,0,0,24576,807926,2073600,420,14032,short,150,-150,-150,-150,150,150,-150,-150,100
1782680405,0,4096,4096,0,0,0,0,0,0,4096,2073600,2073600,1080,11127,FULL,-150,150,-150,-150,150,150,-150,-150,100
1782680406,0,4096,4096,0,0,0,0,0,0,6144,2073600,2073600,1080,11127,FULL,-150,150,-150,-150,150,150,-150,-150,100
1782680407,0,4096,4096,0,0,0,0,0,0,8192,2073600,2073600,1080,11127,FULL,-150,150,-150,-150,150,150,-150,-150,100
1782680408,0,4096,4096,0,0,0,0,0,0,12288,2073600,2073600,1080,11127,FULL,-150,150,-150,-150,150,150,-150,-150,100
1782680409,0,4096,4096,0,0,0,0,0,0,16384,515067,2073600,268,7176,short,-150,150,-150,-150,150,150,-150,-150,100
1782680410,0,4096,4096,0,0,0,0,0,0,24576,515062,2073600,268,11334,short,-150,150,-150,-150,150,150,-150,-150,100
1782680419,0,4096,4096,0,0,0,0,0,0,4096,2073600,2073600,1080,11472,FULL,150,150,-150,-150,150,150,-150,-150,100
1782680420,0,4096,4096,0,0,0,0,0,0,6144,2073600,2073600,1080,11481,FULL,150,150,-150,-150,150,150,-150,-150,100
1782680421,0,4096,4096,0,0,0,0,0,0,8192,2073600,2073600,1080,11482,FULL,150,150,-150,-150,150,150,-150,-150,100
1782680422,0,4096,4096,0,0,0,0,0,0,12288,2073600,2073600,1080,11487,FULL,150,150,-150,-150,150,150,-150,-150,100
1782680423,0,4096,4096,0,0,0,0,0,0,16384,2073600,2073600,1080,11478,FULL,150,150,-150,-150,150,150,-150,-150,100
1782680424,0,4096,4096,0,0,0,0,0,0,24576,2073600,2073600,1080,11474,FULL,150,150,-150,-150,150,150,-150,-150,100
1782680433,0,4096,4096,0,0,0,0,0,0,4096,2073600,2073600,1080,11127,FULL,-150,-150,150,-150,150,150,-150,-150,100
1782680434,0,4096,4096,0,0,0,0,0,0,6144,2073600,2073600,1080,11127,FULL,-150,-150,150,-150,150,150,-150,-150,100
1782680435,0,4096,4096,0,0,0,0,0,0,8192,2073600,2073600,1080,11127,FULL,-150,-150,150,-150,150,150,-150,-150,100
1782680436,0,4096,4096,0,0,0,0,0,0,12288,2073600,2073600,1080,11127,FULL,-150,-150,150,-150,150,150,-150,-150,100
1782680437,0,4096,4096,0,0,0,0,0,0,16384,2073600,2073600,1080,11127,FULL,-150,-150,150,-150,150,150,-150,-150,100
1782680439,0,4096,4096,0,0,0,0,0,0,24576,800186,2073600,416,22013,short,-150,-150,150,-150,150,150,-150,-150,100
1782680447,0,4096,4096,0,0,0,0,0,0,4096,2073600,2073600,1080,11127,FULL,150,-150,150,-150,150,150,-150,-150,100
1782680448,0,4096,4096,0,0,0,0,0,0,6144,2073600,2073600,1080,11127,FULL,150,-150,150,-150,150,150,-150,-150,100
1782680449,0,4096,4096,0,0,0,0,0,0,8192,2073600,2073600,1080,11127,FULL,150,-150,150,-150,150,150,-150,-150,100
1782680450,0,4096,4096,0,0,0,0,0,0,12288,853293,2073600,444,31680,short,150,-150,150,-150,150,150,-150,-150,100
1782680451,0,4096,4096,0,0,0,0,0,0,16384,853320,2073600,444,32950,short,150,-150,150,-150,150,150,-150,-150,100
1782680453,0,4096,4096,0,0,0,0,0,0,24576,853301,2073600,444,31692,short,150,-150,150,-150,150,150,-150,-150,100
1782680462,0,4096,4096,0,0,0,0,0,0,4096,2073600,2073600,1080,11127,FULL,-150,150,150,-150,150,150,-150,-150,100
1782680463,0,4096,4096,0,0,0,0,0,0,6144,2073600,2073600,1080,11127,FULL,-150,150,150,-150,150,150,-150,-150,100
1782680463,0,4096,4096,0,0,0,0,0,0,8192,2073600,2073600,1080,11127,FULL,-150,150,150,-150,150,150,-150,-150,100
1782680465,0,4096,4096,0,0,0,0,0,0,12288,2073600,2073600,1080,11127,FULL,-150,150,150,-150,150,150,-150,-150,100
1782680466,0,4096,4096,0,0,0,0,0,0,16384,2073600,2073600,1080,11127,FULL,-150,150,150,-150,150,150,-150,-150,100
1782680467,0,4096,4096,0,0,0,0,0,0,24576,2073600,2073600,1080,11127,FULL,-150,150,150,-150,150,150,-150,-150,100
1782680476,0,4096,4096,0,0,0,0,0,0,4096,2073600,2073600,1080,11274,FULL,150,150,150,-150,150,150,-150,-150,100
1782680477,0,4096,4096,0,0,0,0,0,0,6144,2073600,2073600,1080,11275,FULL,150,150,150,-150,150,150,-150,-150,100
1782680478,0,4096,4096,0,0,0,0,0,0,8192,2073600,2073600,1080,11275,FULL,150,150,150,-150,150,150,-150,-150,100
1782680479,0,4096,4096,0,0,0,0,0,0,12288,2073600,2073600,1080,11276,FULL,150,150,150,-150,150,150,-150,-150,100
1782680480,0,4096,4096,0,0,0,0,0,0,16384,2073600,2073600,1080,11283,FULL,150,150,150,-150,150,150,-150,-150,100
1782680481,0,4096,4096,0,0,0,0,0,0,24576,2073600,2073600,1080,11280,FULL,150,150,150,-150,150,150,-150,-150,100
1782680490,0,4096,4096,0,0,0,0,0,0,4096,2073600,2073600,1080,11127,FULL,-150,-150,-150,150,150,150,-150,-150,100
1782680491,0,4096,4096,0,0,0,0,0,0,6144,2073600,2073600,1080,11127,FULL,-150,-150,-150,150,150,150,-150,-150,100
1782680492,0,4096,4096,0,0,0,0,0,0,8192,2073600,2073600,1080,11127,FULL,-150,-150,-150,150,150,150,-150,-150,100
1782680493,0,4096,4096,0,0,0,0,0,0,12288,2073600,2073600,1080,11127,FULL,-150,-150,-150,150,150,150,-150,-150,100
1782680494,0,4096,4096,0,0,0,0,0,0,16384,2073600,2073600,1080,11127,FULL,-150,-150,-150,150,150,150,-150,-150,100
1782680495,0,4096,4096,0,0,0,0,0,0,24576,2073600,2073600,1080,11127,FULL,-150,-150,-150,150,150,150,-150,-150,100
1782680504,0,4096,4096,0,0,0,0,0,0,4096,2073600,2073600,1080,11127,FULL,150,-150,-150,150,150,150,-150,-150,100
1782680505,0,4096,4096,0,0,0,0,0,0,6144,2073600,2073600,1080,11127,FULL,150,-150,-150,150,150,150,-150,-150,100
1782680506,0,4096,4096,0,0,0,0,0,0,8192,2073600,2073600,1080,11127,FULL,150,-150,-150,150,150,150,-150,-150,100
1782680507,0,4096,4096,0,0,0,0,0,0,12288,2073600,2073600,1080,11127,FULL,150,-150,-150,150,150,150,-150,-150,100
1782680508,0,4096,4096,0,0,0,0,0,0,16384,645585,2073600,336,57447,short,150,-150,-150,150,150,150,-150,-150,100
1782680510,0,4096,4096,0,0,0,0,0,0,24576,645319,2073600,336,56077,short,150,-150,-150,150,150,150,-150,-150,100
1782680518,0,4096,4096,0,0,0,0,0,0,4096,2073600,2073600,1080,11127,FULL,-150,150,-150,150,150,150,-150,-150,100
1782680519,0,4096,4096,0,0,0,0,0,0,6144,2073600,2073600,1080,11127,FULL,-150,150,-150,150,150,150,-150,-150,100
1782680520,0,4096,4096,0,0,0,0,0,0,8192,2073600,2073600,1080,11127,FULL,-150,150,-150,150,150,150,-150,-150,100
1782680521,0,4096,4096,0,0,0,0,0,0,12288,2073600,2073600,1080,11127,FULL,-150,150,-150,150,150,150,-150,-150,100
1782680522,0,4096,4096,0,0,0,0,0,0,16384,2073600,2073600,1080,11127,FULL,-150,150,-150,150,150,150,-150,-150,100
1782680524,0,4096,4096,0,0,0,0,0,0,24576,2073600,2073600,1080,11127,FULL,-150,150,-150,150,150,150,-150,-150,100
1782680533,0,4096,4096,0,0,0,0,0,0,4096,2073600,2073600,1080,11466,FULL,150,150,-150,150,150,150,-150,-150,100
1782680534,0,4096,4096,0,0,0,0,0,0,6144,2073600,2073600,1080,11477,FULL,150,150,-150,150,150,150,-150,-150,100
1782680535,0,4096,4096,0,0,0,0,0,0,8192,2073600,2073600,1080,11484,FULL,150,150,-150,150,150,150,-150,-150,100
1782680536,0,4096,4096,0,0,0,0,0,0,12288,2073600,2073600,1080,11500,FULL,150,150,-150,150,150,150,-150,-150,100
1782680537,0,4096,4096,0,0,0,0,0,0,16384,2073600,2073600,1080,11468,FULL,150,150,-150,150,150,150,-150,-150,100
1782680538,0,4096,4096,0,0,0,0,0,0,24576,2073600,2073600,1080,11482,FULL,150,150,-150,150,150,150,-150,-150,100
1782680547,0,4096,4096,0,0,0,0,0,0,4096,2073600,2073600,1080,11127,FULL,-150,-150,150,150,150,150,-150,-150,100
1782680548,0,4096,4096,0,0,0,0,0,0,6144,2073600,2073600,1080,11127,FULL,-150,-150,150,150,150,150,-150,-150,100
1782680549,0,4096,4096,0,0,0,0,0,0,8192,2073600,2073600,1080,11127,FULL,-150,-150,150,150,150,150,-150,-150,100
1782680550,0,4096,4096,0,0,0,0,0,0,12288,2073600,2073600,1080,11127,FULL,-150,-150,150,150,150,150,-150,-150,100
1782680551,0,4096,4096,0,0,0,0,0,0,16384,2073600,2073600,1080,11127,FULL,-150,-150,150,150,150,150,-150,-150,100
1782680552,0,4096,4096,0,0,0,0,0,0,24576,2073600,2073600,1080,11127,FULL,-150,-150,150,150,150,150,-150,-150,100
1782680561,0,4096,4096,0,0,0,0,0,0,4096,2073600,2073600,1080,11127,FULL,150,-150,150,150,150,150,-150,-150,100
1782680562,0,4096,4096,0,0,0,0,0,0,6144,2073600,2073600,1080,11127,FULL,150,-150,150,150,150,150,-150,-150,100
1782680563,0,4096,4096,0,0,0,0,0,0,8192,2073600,2073600,1080,11127,FULL,150,-150,150,150,150,150,-150,-150,100
1782680564,0,4096,4096,0,0,0,0,0,0,12288,755262,2073600,393,7972,short,150,-150,150,150,150,150,-150,-150,100
1782680565,0,4096,4096,0,0,0,0,0,0,16384,755237,2073600,393,10196,short,150,-150,150,150,150,150,-150,-150,100
1782680566,0,4096,4096,0,0,0,0,0,0,24576,755316,2073600,393,7477,short,150,-150,150,150,150,150,-150,-150,100
1782680575,0,4096,4096,0,0,0,0,0,0,4096,2073600,2073600,1080,11127,FULL,-150,150,150,150,150,150,-150,-150,100
1782680576,0,4096,4096,0,0,0,0,0,0,6144,2073600,2073600,1080,11127,FULL,-150,150,150,150,150,150,-150,-150,100
1782680577,0,4096,4096,0,0,0,0,0,0,8192,2073600,2073600,1080,11127,FULL,-150,150,150,150,150,150,-150,-150,100
1782680578,0,4096,4096,0,0,0,0,0,0,12288,2073600,2073600,1080,11127,FULL,-150,150,150,150,150,150,-150,-150,100
1782680579,0,4096,4096,0,0,0,0,0,0,16384,2073600,2073600,1080,11127,FULL,-150,150,150,150,150,150,-150,-150,100
1782680581,0,4096,4096,0,0,0,0,0,0,24576,2073600,2073600,1080,11127,FULL,-150,150,150,150,150,150,-150,-150,100
1782680590,0,4096,4096,0,0,0,0,0,0,4096,2073600,2073600,1080,11280,FULL,150,150,150,150,150,150,-150,-150,100
1782680590,0,4096,4096,0,0,0,0,0,0,6144,2073600,2073600,1080,11288,FULL,150,150,150,150,150,150,-150,-150,100
1782680591,0,4096,4096,0,0,0,0,0,0,8192,2073600,2073600,1080,11276,FULL,150,150,150,150,150,150,-150,-150,100
1782680592,0,4096,4096,0,0,0,0,0,0,12288,2073600,2073600,1080,11276,FULL,150,150,150,150,150,150,-150,-150,100
1782680594,0,4096,4096,0,0,0,0,0,0,16384,2073600,2073600,1080,11277,FULL,150,150,150,150,150,150,-150,-150,100
1782680595,0,4096,4096,0,0,0,0,0,0,24576,2073600,2073600,1080,11285,FULL,150,150,150,150,150,150,-150,-150,100
1782680604,0,4096,4096,0,0,0,0,0,0,4096,744925,2073600,388,13716,short,-150,-150,-150,-150,-150,-150,150,-150,100
1782680605,0,4096,4096,0,0,0,0,0,0,6144,2073600,2073600,1080,11127,FULL,-150,-150,-150,-150,-150,-150,150,-150,100
1782680606,0,4096,4096,0,0,0,0,0,0,8192,2073600,2073600,1080,11127,FULL,-150,-150,-150,-150,-150,-150,150,-150,100
1782680607,0,4096,4096,0,0,0,0,0,0,12288,2073600,2073600,1080,11127,FULL,-150,-150,-150,-150,-150,-150,150,-150,100
1782680608,0,4096,4096,0,0,0,0,0,0,16384,2073600,2073600,1080,11127,FULL,-150,-150,-150,-150,-150,-150,150,-150,100
1782680609,0,4096,4096,0,0,0,0,0,0,24576,744886,2073600,388,14664,short,-150,-150,-150,-150,-150,-150,150,-150,100
1782680618,0,4096,4096,0,0,0,0,0,0,4096,2073600,2073600,1080,11127,FULL,150,-150,-150,-150,-150,-150,150,-150,100
1782680619,0,4096,4096,0,0,0,0,0,0,6144,2073600,2073600,1080,11127,FULL,150,-150,-150,-150,-150,-150,150,-150,100
1782680620,0,4096,4096,0,0,0,0,0,0,8192,2073600,2073600,1080,11127,FULL,150,-150,-150,-150,-150,-150,150,-150,100
1782680621,0,4096,4096,0,0,0,0,0,0,12288,2073600,2073600,1080,11127,FULL,150,-150,-150,-150,-150,-150,150,-150,100
1782680622,0,4096,4096,0,0,0,0,0,0,16384,2073600,2073600,1080,11127,FULL,150,-150,-150,-150,-150,-150,150,-150,100
1782680623,0,4096,4096,0,0,0,0,0,0,24576,2073600,2073600,1080,11127,FULL,150,-150,-150,-150,-150,-150,150,-150,100
1782680632,0,4096,4096,0,0,0,0,0,0,4096,2073600,2073600,1080,44,FULL,-150,150,-150,-150,-150,-150,150,-150,100
1782680633,0,4096,4096,0,0,0,0,0,0,6144,2073600,2073600,1080,11127,FULL,-150,150,-150,-150,-150,-150,150,-150,100
1782680634,0,4096,4096,0,0,0,0,0,0,8192,2073600,2073600,1080,11127,FULL,-150,150,-150,-150,-150,-150,150,-150,100
1782680635,0,4096,4096,0,0,0,0,0,0,12288,528732,2073600,275,55503,short,-150,150,-150,-150,-150,-150,150,-150,100
1782680636,0,4096,4096,0,0,0,0,0,0,16384,528732,2073600,275,55045,short,-150,150,-150,-150,-150,-150,150,-150,100
1782680638,0,4096,4096,0,0,0,0,0,0,24576,528870,2073600,275,60962,short,-150,150,-150,-150,-150,-150,150,-150,100
1782680646,0,4096,4096,0,0,0,0,0,0,4096,2073600,2073600,1080,11277,FULL,150,150,-150,-150,-150,-150,150,-150,100
1782680647,0,4096,4096,0,0,0,0,0,0,6144,2073600,2073600,1080,11320,FULL,150,150,-150,-150,-150,-150,150,-150,100
1782680648,0,4096,4096,0,0,0,0,0,0,8192,2073600,2073600,1080,11282,FULL,150,150,-150,-150,-150,-150,150,-150,100
1782680649,0,4096,4096,0,0,0,0,0,0,12288,2073600,2073600,1080,11284,FULL,150,150,-150,-150,-150,-150,150,-150,100
1782680650,0,4096,4096,0,0,0,0,0,0,16384,581938,2073600,303,60164,short,150,150,-150,-150,-150,-150,150,-150,100
1782680652,0,4096,4096,0,0,0,0,0,0,24576,581943,2073600,303,61767,short,150,150,-150,-150,-150,-150,150,-150,100
1782680661,0,4096,4096,0,0,0,0,0,0,4096,2073600,2073600,1080,11127,FULL,-150,-150,150,-150,-150,-150,150,-150,100
1782680662,0,4096,4096,0,0,0,0,0,0,6144,2073600,2073600,1080,11127,FULL,-150,-150,150,-150,-150,-150,150,-150,100
1782680662,0,4096,4096,0,0,0,0,0,0,8192,2073600,2073600,1080,11127,FULL,-150,-150,150,-150,-150,-150,150,-150,100
1782680664,0,4096,4096,0,0,0,0,0,0,12288,2073600,2073600,1080,11127,FULL,-150,-150,150,-150,-150,-150,150,-150,100
1782680665,0,4096,4096,0,0,0,0,0,0,16384,2073600,2073600,1080,11127,FULL,-150,-150,150,-150,-150,-150,150,-150,100
1782680666,0,4096,4096,0,0,0,0,0,0,24576,2073600,2073600,1080,11127,FULL,-150,-150,150,-150,-150,-150,150,-150,100
1782680675,0,4096,4096,0,0,0,0,0,0,4096,2073600,2073600,1080,11127,FULL,150,-150,150,-150,-150,-150,150,-150,100
1782680676,0,4096,4096,0,0,0,0,0,0,6144,2073600,2073600,1080,11127,FULL,150,-150,150,-150,-150,-150,150,-150,100
1782680677,0,4096,4096,0,0,0,0,0,0,8192,2073600,2073600,1080,11127,FULL,150,-150,150,-150,-150,-150,150,-150,100
1782680678,0,4096,4096,0,0,0,0,0,0,12288,2073600,2073600,1080,11127,FULL,150,-150,150,-150,-150,-150,150,-150,100
1782680679,0,4096,4096,0,0,0,0,0,0,16384,2073600,2073600,1080,11127,FULL,150,-150,150,-150,-150,-150,150,-150,100
1782680680,0,4096,4096,0,0,0,0,0,0,24576,1177559,2073600,613,26995,short,150,-150,150,-150,-150,-150,150,-150,100
1782680689,0,4096,4096,0,0,0,0,0,0,4096,2073600,2073600,1080,11127,FULL,-150,150,150,-150,-150,-150,150,-150,100
1782680690,0,4096,4096,0,0,0,0,0,0,6144,2073600,2073600,1080,11127,FULL,-150,150,150,-150,-150,-150,150,-150,100
1782680691,0,4096,4096,0,0,0,0,0,0,8192,2073600,2073600,1080,11127,FULL,-150,150,150,-150,-150,-150,150,-150,100
1782680692,0,4096,4096,0,0,0,0,0,0,12288,2073600,2073600,1080,11127,FULL,-150,150,150,-150,-150,-150,150,-150,100
1782680693,0,4096,4096,0,0,0,0,0,0,16384,2073600,2073600,1080,11127,FULL,-150,150,150,-150,-150,-150,150,-150,100
1782680694,0,4096,4096,0,0,0,0,0,0,24576,631447,2073600,329,9581,short,-150,150,150,-150,-150,-150,150,-150,100
1782680703,0,4096,4096,0,0,0,0,0,0,4096,2073600,2073600,1080,11682,FULL,150,150,150,-150,-150,-150,150,-150,100
1782680704,0,4096,4096,0,0,0,0,0,0,6144,2073600,2073600,1080,11663,FULL,150,150,150,-150,-150,-150,150,-150,100
1782680705,0,4096,4096,0,0,0,0,0,0,8192,2073600,2073600,1080,11660,FULL,150,150,150,-150,-150,-150,150,-150,100
1782680706,0,4096,4096,0,0,0,0,0,0,12288,2073600,2073600,1080,11666,FULL,150,150,150,-150,-150,-150,150,-150,100
1782680707,0,4096,4096,0,0,0,0,0,0,16384,693022,2073600,360,11952,short,150,150,150,-150,-150,-150,150,-150,100
1782680709,0,4096,4096,0,0,0,0,0,0,24576,692880,2073600,361,11566,short,150,150,150,-150,-150,-150,150,-150,100
1782680717,0,4096,4096,0,0,0,0,0,0,4096,2073600,2073600,1080,11127,FULL,-150,-150,-150,150,-150,-150,150,-150,100
1782680718,0,4096,4096,0,0,0,0,0,0,6144,2073600,2073600,1080,11127,FULL,-150,-150,-150,150,-150,-150,150,-150,100
1782680719,0,4096,4096,0,0,0,0,0,0,8192,2073600,2073600,1080,11127,FULL,-150,-150,-150,150,-150,-150,150,-150,100
1782680720,0,4096,4096,0,0,0,0,0,0,12288,2073600,2073600,1080,11127,FULL,-150,-150,-150,150,-150,-150,150,-150,100
1782680721,0,4096,4096,0,0,0,0,0,0,16384,2073600,2073600,1080,0,FULL,-150,-150,-150,150,-150,-150,150,-150,100
1782680723,0,4096,4096,0,0,0,0,0,0,24576,436205,2073600,227,25539,short,-150,-150,-150,150,-150,-150,150,-150,100
1782680732,0,4096,4096,0,0,0,0,0,0,4096,2073600,2073600,1080,11127,FULL,150,-150,-150,150,-150,-150,150,-150,100
1782680733,0,4096,4096,0,0,0,0,0,0,6144,2073600,2073600,1080,11127,FULL,150,-150,-150,150,-150,-150,150,-150,100
1782680734,0,4096,4096,0,0,0,0,0,0,8192,2073600,2073600,1080,11127,FULL,150,-150,-150,150,-150,-150,150,-150,100
1782680735,0,4096,4096,0,0,0,0,0,0,12288,2073600,2073600,1080,11127,FULL,150,-150,-150,150,-150,-150,150,-150,100
1782680736,0,4096,4096,0,0,0,0,0,0,16384,2073600,2073600,1080,11127,FULL,150,-150,-150,150,-150,-150,150,-150,100
1782680737,0,4096,4096,0,0,0,0,0,0,24576,2073600,2073600,1080,11127,FULL,150,-150,-150,150,-150,-150,150,-150,100
1782680746,0,4096,4096,0,0,0,0,0,0,4096,2073600,2073600,1080,11127,FULL,-150,150,-150,150,-150,-150,150,-150,100
1782680747,0,4096,4096,0,0,0,0,0,0,6144,2073600,2073600,1080,11127,FULL,-150,150,-150,150,-150,-150,150,-150,100
1782680748,0,4096,4096,0,0,0,0,0,0,8192,2073600,2073600,1080,11127,FULL,-150,150,-150,150,-150,-150,150,-150,100
1782680749,0,4096,4096,0,0,0,0,0,0,12288,2073600,2073600,1080,11127,FULL,-150,150,-150,150,-150,-150,150,-150,100
1782680750,0,4096,4096,0,0,0,0,0,0,16384,2073600,2073600,1080,11127,FULL,-150,150,-150,150,-150,-150,150,-150,100
1782680751,0,4096,4096,0,0,0,0,0,0,24576,2073600,2073600,1080,11127,FULL,-150,150,-150,150,-150,-150,150,-150,100
1782680760,0,4096,4096,0,0,0,0,0,0,4096,2073600,2073600,1080,11278,FULL,150,150,-150,150,-150,-150,150,-150,100
1782680761,0,4096,4096,0,0,0,0,0,0,6144,2073600,2073600,1080,11307,FULL,150,150,-150,150,-150,-150,150,-150,100
1782680762,0,4096,4096,0,0,0,0,0,0,8192,2073600,2073600,1080,11292,FULL,150,150,-150,150,-150,-150,150,-150,100
1782680763,0,4096,4096,0,0,0,0,0,0,12288,2073600,2073600,1080,11273,FULL,150,150,-150,150,-150,-150,150,-150,100
1782680764,0,4096,4096,0,0,0,0,0,0,16384,2073600,2073600,1080,11279,FULL,150,150,-150,150,-150,-150,150,-150,100
1782680765,0,4096,4096,0,0,0,0,0,0,24576,2073600,2073600,1080,11323,FULL,150,150,-150,150,-150,-150,150,-150,100
1782680774,0,4096,4096,0,0,0,0,0,0,4096,2073600,2073600,1080,11127,FULL,-150,-150,150,150,-150,-150,150,-150,100
1782680775,0,4096,4096,0,0,0,0,0,0,6144,2073600,2073600,1080,11127,FULL,-150,-150,150,150,-150,-150,150,-150,100
1782680776,0,4096,4096,0,0,0,0,0,0,8192,2073600,2073600,1080,11127,FULL,-150,-150,150,150,-150,-150,150,-150,100
1782680777,0,4096,4096,0,0,0,0,0,0,12288,2073600,2073600,1080,11127,FULL,-150,-150,150,150,-150,-150,150,-150,100
1782680778,0,4096,4096,0,0,0,0,0,0,16384,2073600,2073600,1080,11127,FULL,-150,-150,150,150,-150,-150,150,-150,100
1782680780,0,4096,4096,0,0,0,0,0,0,24576,2073600,2073600,1080,11127,FULL,-150,-150,150,150,-150,-150,150,-150,100
1782680789,0,4096,4096,0,0,0,0,0,0,4096,2073600,2073600,1080,11127,FULL,150,-150,150,150,-150,-150,150,-150,100
1782680789,0,4096,4096,0,0,0,0,0,0,6144,2073600,2073600,1080,11127,FULL,150,-150,150,150,-150,-150,150,-150,100
1782680790,0,4096,4096,0,0,0,0,0,0,8192,2073600,2073600,1080,11127,FULL,150,-150,150,150,-150,-150,150,-150,100
1782680791,0,4096,4096,0,0,0,0,0,0,12288,2073600,2073600,1080,11127,FULL,150,-150,150,150,-150,-150,150,-150,100
1782680793,0,4096,4096,0,0,0,0,0,0,16384,2073600,2073600,1080,11127,FULL,150,-150,150,150,-150,-150,150,-150,100
1782680794,0,4096,4096,0,0,0,0,0,0,24576,2073600,2073600,1080,11127,FULL,150,-150,150,150,-150,-150,150,-150,100
1782680803,0,4096,4096,0,0,0,0,0,0,4096,2073600,2073600,1080,11127,FULL,-150,150,150,150,-150,-150,150,-150,100
1782680804,0,4096,4096,0,0,0,0,0,0,6144,2073600,2073600,1080,11127,FULL,-150,150,150,150,-150,-150,150,-150,100
1782680805,0,4096,4096,0,0,0,0,0,0,8192,2073600,2073600,1080,11127,FULL,-150,150,150,150,-150,-150,150,-150,100
1782680806,0,4096,4096,0,0,0,0,0,0,12288,2073600,2073600,1080,11127,FULL,-150,150,150,150,-150,-150,150,-150,100
1782680807,0,4096,4096,0,0,0,0,0,0,16384,2073600,2073600,1080,11127,FULL,-150,150,150,150,-150,-150,150,-150,100
1782680808,0,4096,4096,0,0,0,0,0,0,24576,2073600,2073600,1080,11127,FULL,-150,150,150,150,-150,-150,150,-150,100
1782680817,0,4096,4096,0,0,0,0,0,0,4096,2073600,2073600,1080,11873,FULL,150,150,150,150,-150,-150,150,-150,100
1782680818,0,4096,4096,0,0,0,0,0,0,6144,2073600,2073600,1080,11872,FULL,150,150,150,150,-150,-150,150,-150,100
1782680819,0,4096,4096,0,0,0,0,0,0,8192,2073600,2073600,1080,11860,FULL,150,150,150,150,-150,-150,150,-150,100
1782680820,0,4096,4096,0,0,0,0,0,0,12288,2073600,2073600,1080,11864,FULL,150,150,150,150,-150,-150,150,-150,100
1782680821,0,4096,4096,0,0,0,0,0,0,16384,2073600,2073600,1080,11860,FULL,150,150,150,150,-150,-150,150,-150,100
1782680822,0,4096,4096,0,0,0,0,0,0,24576,2073600,2073600,1080,11874,FULL,150,150,150,150,-150,-150,150,-150,100
1782680831,0,4096,4096,0,0,0,0,0,0,4096,776177,2073600,404,46675,short,-150,-150,-150,-150,150,-150,150,-150,100
1782680832,0,4096,4096,0,0,0,0,0,0,6144,2073600,2073600,1080,11127,FULL,-150,-150,-150,-150,150,-150,150,-150,100
1782680833,0,4096,4096,0,0,0,0,0,0,8192,2073600,2073600,1080,11127,FULL,-150,-150,-150,-150,150,-150,150,-150,100
1782680834,0,4096,4096,0,0,0,0,0,0,12288,2073600,2073600,1080,11127,FULL,-150,-150,-150,-150,150,-150,150,-150,100
1782680835,0,4096,4096,0,0,0,0,0,0,16384,2073600,2073600,1080,11127,FULL,-150,-150,-150,-150,150,-150,150,-150,100
1782680837,0,4096,4096,0,0,0,0,0,0,24576,776371,2073600,404,45429,short,-150,-150,-150,-150,150,-150,150,-150,100
1782680845,0,4096,4096,0,0,0,0,0,0,4096,2073600,2073600,1080,11127,FULL,150,-150,-150,-150,150,-150,150,-150,100
1782680846,0,4096,4096,0,0,0,0,0,0,6144,2073600,2073600,1080,11127,FULL,150,-150,-150,-150,150,-150,150,-150,100
1782680847,0,4096,4096,0,0,0,0,0,0,8192,2073600,2073600,1080,11127,FULL,150,-150,-150,-150,150,-150,150,-150,100
1782680848,0,4096,4096,0,0,0,0,0,0,12288,2073600,2073600,1080,11127,FULL,150,-150,-150,-150,150,-150,150,-150,100
1782680849,0,4096,4096,0,0,0,0,0,0,16384,2073600,2073600,1080,11127,FULL,150,-150,-150,-150,150,-150,150,-150,100
1782680851,0,4096,4096,0,0,0,0,0,0,24576,927533,2073600,483,24335,short,150,-150,-150,-150,150,-150,150,-150,100
1782680860,0,4096,4096,0,0,0,0,0,0,4096,2073600,2073600,1080,11127,FULL,-150,150,-150,-150,150,-150,150,-150,100
1782680861,0,4096,4096,0,0,0,0,0,0,6144,2073600,2073600,1080,11127,FULL,-150,150,-150,-150,150,-150,150,-150,100
1782680861,0,4096,4096,0,0,0,0,0,0,8192,468100,2073600,245,58473,short,-150,150,-150,-150,150,-150,150,-150,100
1782680863,0,4096,4096,0,0,0,0,0,0,12288,468064,2073600,244,60088,short,-150,150,-150,-150,150,-150,150,-150,100
1782680864,0,4096,4096,0,0,0,0,0,0,16384,468238,2073600,245,56213,short,-150,150,-150,-150,150,-150,150,-150,100
1782680865,0,4096,4096,0,0,0,0,0,0,24576,468145,2073600,245,32621,short,-150,150,-150,-150,150,-150,150,-150,100
1782680874,0,4096,4096,0,0,0,0,0,0,4096,2073600,2073600,1080,11275,FULL,150,150,-150,-150,150,-150,150,-150,100
1782680875,0,4096,4096,0,0,0,0,0,0,6144,2073600,2073600,1080,11298,FULL,150,150,-150,-150,150,-150,150,-150,100
1782680876,0,4096,4096,0,0,0,0,0,0,8192,2073600,2073600,1080,11276,FULL,150,150,-150,-150,150,-150,150,-150,100
1782680877,0,4096,4096,0,0,0,0,0,0,12288,544749,2073600,284,43681,short,150,150,-150,-150,150,-150,150,-150,100
1782680878,0,4096,4096,0,0,0,0,0,0,16384,544649,2073600,283,41719,short,150,150,-150,-150,150,-150,150,-150,100
1782680879,0,4096,4096,0,0,0,0,0,0,24576,544530,2073600,283,40685,short,150,150,-150,-150,150,-150,150,-150,100
1782680888,0,4096,4096,0,0,0,0,0,0,4096,2073600,2073600,1080,11127,FULL,-150,-150,150,-150,150,-150,150,-150,100
1782680889,0,4096,4096,0,0,0,0,0,0,6144,2073600,2073600,1080,11127,FULL,-150,-150,150,-150,150,-150,150,-150,100
1782680890,0,4096,4096,0,0,0,0,0,0,8192,2073600,2073600,1080,11127,FULL,-150,-150,150,-150,150,-150,150,-150,100
1782680891,0,4096,4096,0,0,0,0,0,0,12288,2073600,2073600,1080,11127,FULL,-150,-150,150,-150,150,-150,150,-150,100
1782680892,0,4096,4096,0,0,0,0,0,0,16384,2073600,2073600,1080,11127,FULL,-150,-150,150,-150,150,-150,150,-150,100
1782680893,0,4096,4096,0,0,0,0,0,0,24576,1082042,2073600,564,55518,short,-150,-150,150,-150,150,-150,150,-150,100
1782680902,0,4096,4096,0,0,0,0,0,0,4096,2073600,2073600,1080,11127,FULL,150,-150,150,-150,150,-150,150,-150,100
1782680903,0,4096,4096,0,0,0,0,0,0,6144,2073600,2073600,1080,11127,FULL,150,-150,150,-150,150,-150,150,-150,100
1782680904,0,4096,4096,0,0,0,0,0,0,8192,2073600,2073600,1080,11127,FULL,150,-150,150,-150,150,-150,150,-150,100
1782680905,0,4096,4096,0,0,0,0,0,0,12288,2073600,2073600,1080,11127,FULL,150,-150,150,-150,150,-150,150,-150,100
1782680906,0,4096,4096,0,0,0,0,0,0,16384,2073600,2073600,1080,11127,FULL,150,-150,150,-150,150,-150,150,-150,100
1782680908,0,4096,4096,0,0,0,0,0,0,24576,2073600,2073600,1080,11127,FULL,150,-150,150,-150,150,-150,150,-150,100
1782680916,0,4096,4096,0,0,0,0,0,0,4096,2073600,2073600,1080,11127,FULL,-150,150,150,-150,150,-150,150,-150,100
1782680917,0,4096,4096,0,0,0,0,0,0,6144,2073600,2073600,1080,11127,FULL,-150,150,150,-150,150,-150,150,-150,100
1782680918,0,4096,4096,0,0,0,0,0,0,8192,2073600,2073600,1080,11127,FULL,-150,150,150,-150,150,-150,150,-150,100
1782680919,0,4096,4096,0,0,0,0,0,0,12288,2073600,2073600,1080,11127,FULL,-150,150,150,-150,150,-150,150,-150,100
1782680921,0,4096,4096,0,0,0,0,0,0,16384,2073600,2073600,1080,11127,FULL,-150,150,150,-150,150,-150,150,-150,100
1782680922,0,4096,4096,0,0,0,0,0,0,24576,2073600,2073600,1080,11127,FULL,-150,150,150,-150,150,-150,150,-150,100
1782680931,0,4096,4096,0,0,0,0,0,0,4096,2073600,2073600,1080,11467,FULL,150,150,150,-150,150,-150,150,-150,100
1782680932,0,4096,4096,0,0,0,0,0,0,6144,2073600,2073600,1080,11475,FULL,150,150,150,-150,150,-150,150,-150,100
1782680932,0,4096,4096,0,0,0,0,0,0,8192,2073600,2073600,1080,11471,FULL,150,150,150,-150,150,-150,150,-150,100
1782680934,0,4096,4096,0,0,0,0,0,0,12288,2073600,2073600,1080,11472,FULL,150,150,150,-150,150,-150,150,-150,100
1782680935,0,4096,4096,0,0,0,0,0,0,16384,2073600,2073600,1080,11487,FULL,150,150,150,-150,150,-150,150,-150,100
1782680936,0,4096,4096,0,0,0,0,0,0,24576,2073600,2073600,1080,11487,FULL,150,150,150,-150,150,-150,150,-150,100
1782680945,0,4096,4096,0,0,0,0,0,0,4096,2073600,2073600,1080,11127,FULL,-150,-150,-150,150,150,-150,150,-150,100
1782680946,0,4096,4096,0,0,0,0,0,0,6144,2073600,2073600,1080,11127,FULL,-150,-150,-150,150,150,-150,150,-150,100
1782680947,0,4096,4096,0,0,0,0,0,0,8192,2073600,2073600,1080,11127,FULL,-150,-150,-150,150,150,-150,150,-150,100
1782680948,0,4096,4096,0,0,0,0,0,0,12288,2073600,2073600,1080,11127,FULL,-150,-150,-150,150,150,-150,150,-150,100
1782680949,0,4096,4096,0,0,0,0,0,0,16384,447121,2073600,233,12907,short,-150,-150,-150,150,150,-150,150,-150,100
1782680950,0,4096,4096,0,0,0,0,0,0,24576,446817,2073600,233,14309,short,-150,-150,-150,150,150,-150,150,-150,100
1782680959,0,4096,4096,0,0,0,0,0,0,4096,2073600,2073600,1080,11127,FULL,150,-150,-150,150,150,-150,150,-150,100
1782680960,0,4096,4096,0,0,0,0,0,0,6144,2073600,2073600,1080,11127,FULL,150,-150,-150,150,150,-150,150,-150,100
1782680961,0,4096,4096,0,0,0,0,0,0,8192,2073600,2073600,1080,11127,FULL,150,-150,-150,150,150,-150,150,-150,100
1782680962,0,4096,4096,0,0,0,0,0,0,12288,2073600,2073600,1080,11127,FULL,150,-150,-150,150,150,-150,150,-150,100
1782680963,0,4096,4096,0,0,0,0,0,0,16384,2073600,2073600,1080,11127,FULL,150,-150,-150,150,150,-150,150,-150,100
1782680964,0,4096,4096,0,0,0,0,0,0,24576,2073600,2073600,1080,11127,FULL,150,-150,-150,150,150,-150,150,-150,100
1782680973,0,4096,4096,0,0,0,0,0,0,4096,2073600,2073600,1080,11127,FULL,-150,150,-150,150,150,-150,150,-150,100
1782680974,0,4096,4096,0,0,0,0,0,0,6144,2073600,2073600,1080,11127,FULL,-150,150,-150,150,150,-150,150,-150,100
1782680975,0,4096,4096,0,0,0,0,0,0,8192,2073600,2073600,1080,11127,FULL,-150,150,-150,150,150,-150,150,-150,100
1782680976,0,4096,4096,0,0,0,0,0,0,12288,2073600,2073600,1080,11127,FULL,-150,150,-150,150,150,-150,150,-150,100
1782680977,0,4096,4096,0,0,0,0,0,0,16384,2073600,2073600,1080,11127,FULL,-150,150,-150,150,150,-150,150,-150,100
1782680979,0,4096,4096,0,0,0,0,0,0,24576,2073600,2073600,1080,11127,FULL,-150,150,-150,150,150,-150,150,-150,100
1782680987,0,4096,4096,0,0,0,0,0,0,4096,2073600,2073600,1080,11475,FULL,150,150,-150,150,150,-150,150,-150,100
1782680988,0,4096,4096,0,0,0,0,0,0,6144,2073600,2073600,1080,11474,FULL,150,150,-150,150,150,-150,150,-150,100
1782680989,0,4096,4096,0,0,0,0,0,0,8192,2073600,2073600,1080,11473,FULL,150,150,-150,150,150,-150,150,-150,100
1782680990,0,4096,4096,0,0,0,0,0,0,12288,2073600,2073600,1080,11469,FULL,150,150,-150,150,150,-150,150,-150,100
1782680991,0,4096,4096,0,0,0,0,0,0,16384,2073600,2073600,1080,11472,FULL,150,150,-150,150,150,-150,150,-150,100
1782680993,0,4096,4096,0,0,0,0,0,0,24576,2073600,2073600,1080,11466,FULL,150,150,-150,150,150,-150,150,-150,100
1782681002,0,4096,4096,0,0,0,0,0,0,4096,2073600,2073600,1080,11127,FULL,-150,-150,150,150,150,-150,150,-150,100
1782681003,0,4096,4096,0,0,0,0,0,0,6144,2073600,2073600,1080,11127,FULL,-150,-150,150,150,150,-150,150,-150,100
1782681004,0,4096,4096,0,0,0,0,0,0,8192,2073600,2073600,1080,11127,FULL,-150,-150,150,150,150,-150,150,-150,100
1782681005,0,4096,4096,0,0,0,0,0,0,12288,2073600,2073600,1080,11127,FULL,-150,-150,150,150,150,-150,150,-150,100
1782681006,0,4096,4096,0,0,0,0,0,0,16384,2073600,2073600,1080,11127,FULL,-150,-150,150,150,150,-150,150,-150,100
1782681007,0,4096,4096,0,0,0,0,0,0,24576,2073600,2073600,1080,11127,FULL,-150,-150,150,150,150,-150,150,-150,100
1782681016,0,4096,4096,0,0,0,0,0,0,4096,2073600,2073600,1080,11127,FULL,150,-150,150,150,150,-150,150,-150,100
1782681017,0,4096,4096,0,0,0,0,0,0,6144,2073600,2073600,1080,11127,FULL,150,-150,150,150,150,-150,150,-150,100
1782681018,0,4096,4096,0,0,0,0,0,0,8192,2073600,2073600,1080,11127,FULL,150,-150,150,150,150,-150,150,-150,100
1782681019,0,4096,4096,0,0,0,0,0,0,12288,2073600,2073600,1080,11127,FULL,150,-150,150,150,150,-150,150,-150,100
1782681020,0,4096,4096,0,0,0,0,0,0,16384,2073600,2073600,1080,11127,FULL,150,-150,150,150,150,-150,150,-150,100
1782681021,0,4096,4096,0,0,0,0,0,0,24576,2073600,2073600,1080,11127,FULL,150,-150,150,150,150,-150,150,-150,100
1782681030,0,4096,4096,0,0,0,0,0,0,4096,2073600,2073600,1080,11127,FULL,-150,150,150,150,150,-150,150,-150,100
1782681031,0,4096,4096,0,0,0,0,0,0,6144,2073600,2073600,1080,11127,FULL,-150,150,150,150,150,-150,150,-150,100
1782681032,0,4096,4096,0,0,0,0,0,0,8192,2073600,2073600,1080,11127,FULL,-150,150,150,150,150,-150,150,-150,100
1782681033,0,4096,4096,0,0,0,0,0,0,12288,2073600,2073600,1080,11127,FULL,-150,150,150,150,150,-150,150,-150,100
1782681034,0,4096,4096,0,0,0,0,0,0,16384,2073600,2073600,1080,11127,FULL,-150,150,150,150,150,-150,150,-150,100
1782681035,0,4096,4096,0,0,0,0,0,0,24576,2073600,2073600,1080,11127,FULL,-150,150,150,150,150,-150,150,-150,100
1782681044,0,4096,4096,0,0,0,0,0,0,4096,2073600,2073600,1080,11275,FULL,150,150,150,150,150,-150,150,-150,100
1782681045,0,4096,4096,0,0,0,0,0,0,6144,2073600,2073600,1080,11273,FULL,150,150,150,150,150,-150,150,-150,100
1782681046,0,4096,4096,0,0,0,0,0,0,8192,2073600,2073600,1080,11274,FULL,150,150,150,150,150,-150,150,-150,100
1782681047,0,4096,4096,0,0,0,0,0,0,12288,2073600,2073600,1080,11285,FULL,150,150,150,150,150,-150,150,-150,100
1782681048,0,4096,4096,0,0,0,0,0,0,16384,2073600,2073600,1080,11274,FULL,150,150,150,150,150,-150,150,-150,100
1782681050,0,4096,4096,0,0,0,0,0,0,24576,2073600,2073600,1080,11296,FULL,150,150,150,150,150,-150,150,-150,100
1782681059,0,4096,4096,0,0,0,0,0,0,4096,2073600,2073600,1080,11127,FULL,-150,-150,-150,-150,-150,150,150,-150,100
1782681059,0,4096,4096,0,0,0,0,0,0,6144,2073600,2073600,1080,11127,FULL,-150,-150,-150,-150,-150,150,150,-150,100
1782681060,0,4096,4096,0,0,0,0,0,0,8192,2073600,2073600,1080,11127,FULL,-150,-150,-150,-150,-150,150,150,-150,100
1782681061,0,4096,4096,0,0,0,0,0,0,12288,2073600,2073600,1080,11127,FULL,-150,-150,-150,-150,-150,150,150,-150,100
1782681063,0,4096,4096,0,0,0,0,0,0,16384,2073600,2073600,1080,11127,FULL,-150,-150,-150,-150,-150,150,150,-150,100
1782681064,0,4096,4096,0,0,0,0,0,0,24576,664352,2073600,367,53060,short,-150,-150,-150,-150,-150,150,150,-150,100
1782681073,0,4096,4096,0,0,0,0,0,0,4096,2073600,2073600,1080,11127,FULL,150,-150,-150,-150,-150,150,150,-150,100
1782681074,0,4096,4096,0,0,0,0,0,0,6144,2073600,2073600,1080,11127,FULL,150,-150,-150,-150,-150,150,150,-150,100
1782681075,0,4096,4096,0,0,0,0,0,0,8192,2073600,2073600,1080,11127,FULL,150,-150,-150,-150,-150,150,150,-150,100
1782681076,0,4096,4096,0,0,0,0,0,0,12288,2073600,2073600,1080,11127,FULL,150,-150,-150,-150,-150,150,150,-150,100
1782681077,0,4096,4096,0,0,0,0,0,0,16384,2073600,2073600,1080,11127,FULL,150,-150,-150,-150,-150,150,150,-150,100
1782681078,0,4096,4096,0,0,0,0,0,0,24576,2073600,2073600,1080,11127,FULL,150,-150,-150,-150,-150,150,150,-150,100
1782681087,0,4096,4096,0,0,0,0,0,0,4096,2073600,2073600,1080,11127,FULL,-150,150,-150,-150,-150,150,150,-150,100
1782681088,0,4096,4096,0,0,0,0,0,0,6144,2073600,2073600,1080,11127,FULL,-150,150,-150,-150,-150,150,150,-150,100
1782681089,0,4096,4096,0,0,0,0,0,0,8192,2073600,2073600,1080,11127,FULL,-150,150,-150,-150,-150,150,150,-150,100
1782681090,0,4096,4096,0,0,0,0,0,0,12288,2073600,2073600,1080,11127,FULL,-150,150,-150,-150,-150,150,150,-150,100
1782681091,0,4096,4096,0,0,0,0,0,0,16384,514085,2073600,268,8523,short,-150,150,-150,-150,-150,150,150,-150,100
1782681092,0,4096,4096,0,0,0,0,0,0,24576,514046,2073600,268,8934,short,-150,150,-150,-150,-150,150,150,-150,100
1782681101,0,4096,4096,0,0,0,0,0,0,4096,2073600,2073600,1080,11276,FULL,150,150,-150,-150,-150,150,150,-150,100
1782681102,0,4096,4096,0,0,0,0,0,0,6144,2073600,2073600,1080,11272,FULL,150,150,-150,-150,-150,150,150,-150,100
1782681103,0,4096,4096,0,0,0,0,0,0,8192,2073600,2073600,1080,11275,FULL,150,150,-150,-150,-150,150,150,-150,100
1782681104,0,4096,4096,0,0,0,0,0,0,12288,2073600,2073600,1080,11283,FULL,150,150,-150,-150,-150,150,150,-150,100
1782681105,0,4096,4096,0,0,0,0,0,0,16384,2073600,2073600,1080,11277,FULL,150,150,-150,-150,-150,150,150,-150,100
1782681107,0,4096,4096,0,0,0,0,0,0,24576,2073600,2073600,1080,11283,FULL,150,150,-150,-150,-150,150,150,-150,100
1782681115,0,4096,4096,0,0,0,0,0,0,4096,2073600,2073600,1080,11127,FULL,-150,-150,150,-150,-150,150,150,-150,100
1782681116,0,4096,4096,0,0,0,0,0,0,6144,2073600,2073600,1080,11127,FULL,-150,-150,150,-150,-150,150,150,-150,100
1782681117,0,4096,4096,0,0,0,0,0,0,8192,2073600,2073600,1080,11127,FULL,-150,-150,150,-150,-150,150,150,-150,100
1782681118,0,4096,4096,0,0,0,0,0,0,12288,2073600,2073600,1080,11127,FULL,-150,-150,150,-150,-150,150,150,-150,100
1782681119,0,4096,4096,0,0,0,0,0,0,16384,2073600,2073600,1080,11127,FULL,-150,-150,150,-150,-150,150,150,-150,100
1782681121,0,4096,4096,0,0,0,0,0,0,24576,793193,2073600,413,33614,short,-150,-150,150,-150,-150,150,150,-150,100
1782681130,0,4096,4096,0,0,0,0,0,0,4096,2073600,2073600,1080,11127,FULL,150,-150,150,-150,-150,150,150,-150,100
1782681130,0,4096,4096,0,0,0,0,0,0,6144,2073600,2073600,1080,11127,FULL,150,-150,150,-150,-150,150,150,-150,100
1782681131,0,4096,4096,0,0,0,0,0,0,8192,2073600,2073600,1080,11127,FULL,150,-150,150,-150,-150,150,150,-150,100
1782681132,0,4096,4096,0,0,0,0,0,0,12288,2073600,2073600,1080,11127,FULL,150,-150,150,-150,-150,150,150,-150,100
1782681134,0,4096,4096,0,0,0,0,0,0,16384,2073600,2073600,1080,11127,FULL,150,-150,150,-150,-150,150,150,-150,100
1782681135,0,4096,4096,0,0,0,0,0,0,24576,880562,2073600,459,3432,short,150,-150,150,-150,-150,150,150,-150,100
1782681144,0,4096,4096,0,0,0,0,0,0,4096,2073600,2073600,1080,11127,FULL,-150,150,150,-150,-150,150,150,-150,100
1782681145,0,4096,4096,0,0,0,0,0,0,6144,2073600,2073600,1080,11127,FULL,-150,150,150,-150,-150,150,150,-150,100
1782681146,0,4096,4096,0,0,0,0,0,0,8192,2073600,2073600,1080,11127,FULL,-150,150,150,-150,-150,150,150,-150,100
1782681147,0,4096,4096,0,0,0,0,0,0,12288,2073600,2073600,1080,11127,FULL,-150,150,150,-150,-150,150,150,-150,100
1782681148,0,4096,4096,0,0,0,0,0,0,16384,2073600,2073600,1080,11127,FULL,-150,150,150,-150,-150,150,150,-150,100
1782681149,0,4096,4096,0,0,0,0,0,0,24576,2073600,2073600,1080,11127,FULL,-150,150,150,-150,-150,150,150,-150,100
1782681158,0,4096,4096,0,0,0,0,0,0,4096,2073600,2073600,1080,11274,FULL,150,150,150,-150,-150,150,150,-150,100
1782681159,0,4096,4096,0,0,0,0,0,0,6144,2073600,2073600,1080,11295,FULL,150,150,150,-150,-150,150,150,-150,100
1782681160,0,4096,4096,0,0,0,0,0,0,8192,2073600,2073600,1080,11277,FULL,150,150,150,-150,-150,150,150,-150,100
1782681161,0,4096,4096,0,0,0,0,0,0,12288,2073600,2073600,1080,11274,FULL,150,150,150,-150,-150,150,150,-150,100
1782681162,0,4096,4096,0,0,0,0,0,0,16384,2073600,2073600,1080,11274,FULL,150,150,150,-150,-150,150,150,-150,100
1782681163,0,4096,4096,0,0,0,0,0,0,24576,2073600,2073600,1080,11296,FULL,150,150,150,-150,-150,150,150,-150,100
1782681172,0,4096,4096,0,0,0,0,0,0,4096,2073600,2073600,1080,11127,FULL,-150,-150,-150,150,-150,150,150,-150,100
1782681173,0,4096,4096,0,0,0,0,0,0,6144,2073600,2073600,1080,11127,FULL,-150,-150,-150,150,-150,150,150,-150,100
1782681174,0,4096,4096,0,0,0,0,0,0,8192,2073600,2073600,1080,11127,FULL,-150,-150,-150,150,-150,150,150,-150,100
1782681175,0,4096,4096,0,0,0,0,0,0,12288,2073600,2073600,1080,11127,FULL,-150,-150,-150,150,-150,150,150,-150,100
1782681176,0,4096,4096,0,0,0,0,0,0,16384,2073537,2073600,1079,482,short,-150,-150,-150,150,-150,150,150,-150,100
1782681178,0,4096,4096,0,0,0,0,0,0,24576,469671,2073600,244,52290,short,-150,-150,-150,150,-150,150,150,-150,100
1782681186,0,4096,4096,0,0,0,0,0,0,4096,2073600,2073600,1080,11127,FULL,150,-150,-150,150,-150,150,150,-150,100
1782681187,0,4096,4096,0,0,0,0,0,0,6144,2073600,2073600,1080,11127,FULL,150,-150,-150,150,-150,150,150,-150,100
1782681188,0,4096,4096,0,0,0,0,0,0,8192,2073600,2073600,1080,11127,FULL,150,-150,-150,150,-150,150,150,-150,100
1782681189,0,4096,4096,0,0,0,0,0,0,12288,2073600,2073600,1080,11127,FULL,150,-150,-150,150,-150,150,150,-150,100
1782681191,0,4096,4096,0,0,0,0,0,0,16384,2073600,2073600,1080,11127,FULL,150,-150,-150,150,-150,150,150,-150,100
1782681192,0,4096,4096,0,0,0,0,0,0,24576,2073600,2073600,1080,11127,FULL,150,-150,-150,150,-150,150,150,-150,100
1782681201,0,4096,4096,0,0,0,0,0,0,4096,2073600,2073600,1080,11127,FULL,-150,150,-150,150,-150,150,150,-150,100
1782681202,0,4096,4096,0,0,0,0,0,0,6144,2073600,2073600,1080,11127,FULL,-150,150,-150,150,-150,150,150,-150,100
1782681202,0,4096,4096,0,0,0,0,0,0,8192,2073600,2073600,1080,11127,FULL,-150,150,-150,150,-150,150,150,-150,100
1782681204,0,4096,4096,0,0,0,0,0,0,12288,2073600,2073600,1080,11127,FULL,-150,150,-150,150,-150,150,150,-150,100
1782681205,0,4096,4096,0,0,0,0,0,0,16384,2073600,2073600,1080,11127,FULL,-150,150,-150,150,-150,150,150,-150,100
1782681206,0,4096,4096,0,0,0,0,0,0,24576,2073600,2073600,1080,11127,FULL,-150,150,-150,150,-150,150,150,-150,100
1782681215,0,4096,4096,0,0,0,0,0,0,4096,2073600,2073600,1080,11663,FULL,150,150,-150,150,-150,150,150,-150,100
1782681216,0,4096,4096,0,0,0,0,0,0,6144,2073600,2073600,1080,11671,FULL,150,150,-150,150,-150,150,150,-150,100
1782681217,0,4096,4096,0,0,0,0,0,0,8192,2073600,2073600,1080,11661,FULL,150,150,-150,150,-150,150,150,-150,100
1782681218,0,4096,4096,0,0,0,0,0,0,12288,2073600,2073600,1080,11673,FULL,150,150,-150,150,-150,150,150,-150,100
1782681219,0,4096,4096,0,0,0,0,0,0,16384,2073600,2073600,1080,11668,FULL,150,150,-150,150,-150,150,150,-150,100
1782681220,0,4096,4096,0,0,0,0,0,0,24576,2073600,2073600,1080,11673,FULL,150,150,-150,150,-150,150,150,-150,100
1782681229,0,4096,4096,0,0,0,0,0,0,4096,2073600,2073600,1080,11127,FULL,-150,-150,150,150,-150,150,150,-150,100
1782681230,0,4096,4096,0,0,0,0,0,0,6144,2073600,2073600,1080,11127,FULL,-150,-150,150,150,-150,150,150,-150,100
1782681231,0,4096,4096,0,0,0,0,0,0,8192,2073600,2073600,1080,11127,FULL,-150,-150,150,150,-150,150,150,-150,100
1782681232,0,4096,4096,0,0,0,0,0,0,12288,2073600,2073600,1080,11127,FULL,-150,-150,150,150,-150,150,150,-150,100
1782681233,0,4096,4096,0,0,0,0,0,0,16384,2073600,2073600,1080,11127,FULL,-150,-150,150,150,-150,150,150,-150,100
1782681235,0,4096,4096,0,0,0,0,0,0,24576,2073600,2073600,1080,11127,FULL,-150,-150,150,150,-150,150,150,-150,100
1782681243,0,4096,4096,0,0,0,0,0,0,4096,2073600,2073600,1080,11127,FULL,150,-150,150,150,-150,150,150,-150,100
1782681244,0,4096,4096,0,0,0,0,0,0,6144,2073600,2073600,1080,11127,FULL,150,-150,150,150,-150,150,150,-150,100
1782681245,0,4096,4096,0,0,0,0,0,0,8192,2073600,2073600,1080,11127,FULL,150,-150,150,150,-150,150,150,-150,100
1782681246,0,4096,4096,0,0,0,0,0,0,12288,2073600,2073600,1080,11127,FULL,150,-150,150,150,-150,150,150,-150,100
1782681247,0,4096,4096,0,0,0,0,0,0,16384,2073600,2073600,1080,11127,FULL,150,-150,150,150,-150,150,150,-150,100
1782681249,0,4096,4096,0,0,0,0,0,0,24576,663172,2073600,345,38519,short,150,-150,150,150,-150,150,150,-150,100
1782681257,0,4096,4096,0,0,0,0,0,0,4096,2073600,2073600,1080,11127,FULL,-150,150,150,150,-150,150,150,-150,100
1782681258,0,4096,4096,0,0,0,0,0,0,6144,2073600,2073600,1080,11127,FULL,-150,150,150,150,-150,150,150,-150,100
1782681259,0,4096,4096,0,0,0,0,0,0,8192,2073600,2073600,1080,11127,FULL,-150,150,150,150,-150,150,150,-150,100
1782681260,0,4096,4096,0,0,0,0,0,0,12288,2073600,2073600,1080,11127,FULL,-150,150,150,150,-150,150,150,-150,100
1782681262,0,4096,4096,0,0,0,0,0,0,16384,2073600,2073600,1080,11127,FULL,-150,150,150,150,-150,150,150,-150,100
1782681263,0,4096,4096,0,0,0,0,0,0,24576,2073600,2073600,1080,11127,FULL,-150,150,150,150,-150,150,150,-150,100
1782681272,0,4096,4096,0,0,0,0,0,0,4096,2073600,2073600,1080,11491,FULL,150,150,150,150,-150,150,150,-150,100
1782681273,0,4096,4096,0,0,0,0,0,0,6144,2073600,2073600,1080,11470,FULL,150,150,150,150,-150,150,150,-150,100
1782681274,0,4096,4096,0,0,0,0,0,0,8192,2073600,2073600,1080,11477,FULL,150,150,150,150,-150,150,150,-150,100
1782681275,0,4096,4096,0,0,0,0,0,0,12288,2073600,2073600,1080,11482,FULL,150,150,150,150,-150,150,150,-150,100
1782681276,0,4096,4096,0,0,0,0,0,0,16384,2073600,2073600,1080,11489,FULL,150,150,150,150,-150,150,150,-150,100
1782681277,0,4096,4096,0,0,0,0,0,0,24576,2073600,2073600,1080,11484,FULL,150,150,150,150,-150,150,150,-150,100
1782681286,0,4096,4096,0,0,0,0,0,0,4096,2073600,2073600,1080,11127,FULL,-150,-150,-150,-150,150,150,150,-150,100
1782681287,0,4096,4096,0,0,0,0,0,0,6144,2073600,2073600,1080,11127,FULL,-150,-150,-150,-150,150,150,150,-150,100
1782681288,0,4096,4096,0,0,0,0,0,0,8192,2073600,2073600,1080,11127,FULL,-150,-150,-150,-150,150,150,150,-150,100
1782681289,0,4096,4096,0,0,0,0,0,0,12288,2073600,2073600,1080,11127,FULL,-150,-150,-150,-150,150,150,150,-150,100
1782681290,0,4096,4096,0,0,0,0,0,0,16384,2073600,2073600,1080,11127,FULL,-150,-150,-150,-150,150,150,150,-150,100
1782681291,0,4096,4096,0,0,0,0,0,0,24576,705684,2073600,367,56045,short,-150,-150,-150,-150,150,150,150,-150,100
1782681300,0,4096,4096,0,0,0,0,0,0,4096,2073600,2073600,1080,11127,FULL,150,-150,-150,-150,150,150,150,-150,100
1782681301,0,4096,4096,0,0,0,0,0,0,6144,2073600,2073600,1080,11127,FULL,150,-150,-150,-150,150,150,150,-150,100
1782681302,0,4096,4096,0,0,0,0,0,0,8192,2073600,2073600,1080,11127,FULL,150,-150,-150,-150,150,150,150,-150,100
1782681303,0,4096,4096,0,0,0,0,0,0,12288,2073600,2073600,1080,11127,FULL,150,-150,-150,-150,150,150,150,-150,100
1782681304,0,4096,4096,0,0,0,0,0,0,16384,2073600,2073600,1080,11127,FULL,150,-150,-150,-150,150,150,150,-150,100
1782681306,0,4096,4096,0,0,0,0,0,0,24576,2073600,2073600,1080,11127,FULL,150,-150,-150,-150,150,150,150,-150,100
1782681314,0,4096,4096,0,0,0,0,0,0,4096,2073600,2073600,1080,11127,FULL,-150,150,-150,-150,150,150,150,-150,100
1782681315,0,4096,4096,0,0,0,0,0,0,6144,2073600,2073600,1080,11127,FULL,-150,150,-150,-150,150,150,150,-150,100
1782681316,0,4096,4096,0,0,0,0,0,0,8192,2073600,2073600,1080,11127,FULL,-150,150,-150,-150,150,150,150,-150,100
1782681317,0,4096,4096,0,0,0,0,0,0,12288,2073600,2073600,1080,11127,FULL,-150,150,-150,-150,150,150,150,-150,100
1782681318,0,4096,4096,0,0,0,0,0,0,16384,498859,2073600,261,22945,short,-150,150,-150,-150,150,150,150,-150,100
1782681320,0,4096,4096,0,0,0,0,0,0,24576,498934,2073600,260,24652,short,-150,150,-150,-150,150,150,150,-150,100
1782681329,0,4096,4096,0,0,0,0,0,0,4096,2073600,2073600,1080,11277,FULL,150,150,-150,-150,150,150,150,-150,100
1782681329,0,4096,4096,0,0,0,0,0,0,6144,2073600,2073600,1080,11277,FULL,150,150,-150,-150,150,150,150,-150,100
1782681330,0,4096,4096,0,0,0,0,0,0,8192,2073600,2073600,1080,11292,FULL,150,150,-150,-150,150,150,150,-150,100
1782681332,0,4096,4096,0,0,0,0,0,0,12288,2073600,2073600,1080,11272,FULL,150,150,-150,-150,150,150,150,-150,100
1782681333,0,4096,4096,0,0,0,0,0,0,16384,2073600,2073600,1080,11272,FULL,150,150,-150,-150,150,150,150,-150,100
1782681334,0,4096,4096,0,0,0,0,0,0,24576,2073600,2073600,1080,11274,FULL,150,150,-150,-150,150,150,150,-150,100
1782681343,0,4096,4096,0,0,0,0,0,0,4096,2073600,2073600,1080,11127,FULL,-150,-150,150,-150,150,150,150,-150,100
1782681344,0,4096,4096,0,0,0,0,0,0,6144,2073600,2073600,1080,11127,FULL,-150,-150,150,-150,150,150,150,-150,100
1782681345,0,4096,4096,0,0,0,0,0,0,8192,2073600,2073600,1080,11127,FULL,-150,-150,150,-150,150,150,150,-150,100
1782681346,0,4096,4096,0,0,0,0,0,0,12288,2073600,2073600,1080,11127,FULL,-150,-150,150,-150,150,150,150,-150,100
1782681347,0,4096,4096,0,0,0,0,0,0,16384,2073600,2073600,1080,11127,FULL,-150,-150,150,-150,150,150,150,-150,100
1782681348,0,4096,4096,0,0,0,0,0,0,24576,804852,2073600,419,21023,short,-150,-150,150,-150,150,150,150,-150,100
1782681357,0,4096,4096,0,0,0,0,0,0,4096,2073600,2073600,1080,11127,FULL,150,-150,150,-150,150,150,150,-150,100
1782681358,0,4096,4096,0,0,0,0,0,0,6144,2073600,2073600,1080,11127,FULL,150,-150,150,-150,150,150,150,-150,100
1782681359,0,4096,4096,0,0,0,0,0,0,8192,2073600,2073600,1080,11127,FULL,150,-150,150,-150,150,150,150,-150,100
1782681360,0,4096,4096,0,0,0,0,0,0,12288,2073600,2073600,1080,11127,FULL,150,-150,150,-150,150,150,150,-150,100
1782681361,0,4096,4096,0,0,0,0,0,0,16384,2073600,2073600,1080,11127,FULL,150,-150,150,-150,150,150,150,-150,100
1782681362,0,4096,4096,0,0,0,0,0,0,24576,2073600,2073600,1080,11127,FULL,150,-150,150,-150,150,150,150,-150,100
1782681371,0,4096,4096,0,0,0,0,0,0,4096,2073600,2073600,1080,11127,FULL,-150,150,150,-150,150,150,150,-150,100
1782681372,0,4096,4096,0,0,0,0,0,0,6144,2073600,2073600,1080,11127,FULL,-150,150,150,-150,150,150,150,-150,100
1782681373,0,4096,4096,0,0,0,0,0,0,8192,2073600,2073600,1080,11127,FULL,-150,150,150,-150,150,150,150,-150,100
1782681374,0,4096,4096,0,0,0,0,0,0,12288,2073600,2073600,1080,11127,FULL,-150,150,150,-150,150,150,150,-150,100
1782681375,0,4096,4096,0,0,0,0,0,0,16384,2073600,2073600,1080,11127,FULL,-150,150,150,-150,150,150,150,-150,100
1782681377,0,4096,4096,0,0,0,0,0,0,24576,2073600,2073600,1080,11127,FULL,-150,150,150,-150,150,150,150,-150,100
1782681385,0,4096,4096,0,0,0,0,0,0,4096,2073600,2073600,1080,11296,FULL,150,150,150,-150,150,150,150,-150,100
1782681386,0,4096,4096,0,0,0,0,0,0,6144,2073600,2073600,1080,11273,FULL,150,150,150,-150,150,150,150,-150,100
1782681387,0,4096,4096,0,0,0,0,0,0,8192,2073600,2073600,1080,11284,FULL,150,150,150,-150,150,150,150,-150,100
1782681388,0,4096,4096,0,0,0,0,0,0,12288,2073600,2073600,1080,11272,FULL,150,150,150,-150,150,150,150,-150,100
1782681389,0,4096,4096,0,0,0,0,0,0,16384,2073600,2073600,1080,11279,FULL,150,150,150,-150,150,150,150,-150,100
1782681391,0,4096,4096,0,0,0,0,0,0,24576,2073600,2073600,1080,11274,FULL,150,150,150,-150,150,150,150,-150,100
1782681400,0,4096,4096,0,0,0,0,0,0,4096,2073600,2073600,1080,11127,FULL,-150,-150,-150,150,150,150,150,-150,100
1782681401,0,4096,4096,0,0,0,0,0,0,6144,2073600,2073600,1080,11127,FULL,-150,-150,-150,150,150,150,150,-150,100
1782681402,0,4096,4096,0,0,0,0,0,0,8192,2073600,2073600,1080,11127,FULL,-150,-150,-150,150,150,150,150,-150,100
1782681403,0,4096,4096,0,0,0,0,0,0,12288,2073600,2073600,1080,11127,FULL,-150,-150,-150,150,150,150,150,-150,100
1782681404,0,4096,4096,0,0,0,0,0,0,16384,2073600,2073600,1080,11127,FULL,-150,-150,-150,150,150,150,150,-150,100
1782681405,0,4096,4096,0,0,0,0,0,0,24576,2073600,2073600,1080,11127,FULL,-150,-150,-150,150,150,150,150,-150,100
1782681414,0,4096,4096,0,0,0,0,0,0,4096,2073600,2073600,1080,11127,FULL,150,-150,-150,150,150,150,150,-150,100
1782681415,0,4096,4096,0,0,0,0,0,0,6144,2073600,2073600,1080,11127,FULL,150,-150,-150,150,150,150,150,-150,100
1782681416,0,4096,4096,0,0,0,0,0,0,8192,2073600,2073600,1080,11127,FULL,150,-150,-150,150,150,150,150,-150,100
1782681417,0,4096,4096,0,0,0,0,0,0,12288,2073600,2073600,1080,11127,FULL,150,-150,-150,150,150,150,150,-150,100
1782681418,0,4096,4096,0,0,0,0,0,0,16384,2073600,2073600,1080,11127,FULL,150,-150,-150,150,150,150,150,-150,100
1782681419,0,4096,4096,0,0,0,0,0,0,24576,2073600,2073600,1080,11127,FULL,150,-150,-150,150,150,150,150,-150,100
1782681428,0,4096,4096,0,0,0,0,0,0,4096,2073600,2073600,1080,11127,FULL,-150,150,-150,150,150,150,150,-150,100
1782681429,0,4096,4096,0,0,0,0,0,0,6144,2073600,2073600,1080,11127,FULL,-150,150,-150,150,150,150,150,-150,100
1782681430,0,4096,4096,0,0,0,0,0,0,8192,2073600,2073600,1080,11127,FULL,-150,150,-150,150,150,150,150,-150,100
1782681431,0,4096,4096,0,0,0,0,0,0,12288,2073600,2073600,1080,11127,FULL,-150,150,-150,150,150,150,150,-150,100
1782681432,0,4096,4096,0,0,0,0,0,0,16384,2073600,2073600,1080,11127,FULL,-150,150,-150,150,150,150,150,-150,100
1782681433,0,4096,4096,0,0,0,0,0,0,24576,2073600,2073600,1080,11127,FULL,-150,150,-150,150,150,150,150,-150,100
1782681442,0,4096,4096,0,0,0,0,0,0,4096,2073600,2073600,1080,11276,FULL,150,150,-150,150,150,150,150,-150,100
1782681443,0,4096,4096,0,0,0,0,0,0,6144,2073600,2073600,1080,11289,FULL,150,150,-150,150,150,150,150,-150,100
1782681444,0,4096,4096,0,0,0,0,0,0,8192,2073600,2073600,1080,11294,FULL,150,150,-150,150,150,150,150,-150,100
1782681445,0,4096,4096,0,0,0,0,0,0,12288,2073600,2073600,1080,11280,FULL,150,150,-150,150,150,150,150,-150,100
1782681446,0,4096,4096,0,0,0,0,0,0,16384,2073600,2073600,1080,11283,FULL,150,150,-150,150,150,150,150,-150,100
1782681448,0,4096,4096,0,0,0,0,0,0,24576,2073600,2073600,1080,11281,FULL,150,150,-150,150,150,150,150,-150,100
1782681456,0,4096,4096,0,0,0,0,0,0,4096,2073600,2073600,1080,11127,FULL,-150,-150,150,150,150,150,150,-150,100
1782681457,0,4096,4096,0,0,0,0,0,0,6144,2073600,2073600,1080,11127,FULL,-150,-150,150,150,150,150,150,-150,100
1782681458,0,4096,4096,0,0,0,0,0,0,8192,2073600,2073600,1080,11127,FULL,-150,-150,150,150,150,150,150,-150,100
1782681459,0,4096,4096,0,0,0,0,0,0,12288,2073600,2073600,1080,11127,FULL,-150,-150,150,150,150,150,150,-150,100
1782681461,0,4096,4096,0,0,0,0,0,0,16384,2073600,2073600,1080,11127,FULL,-150,-150,150,150,150,150,150,-150,100
1782681462,0,4096,4096,0,0,0,0,0,0,24576,2073600,2073600,1080,11127,FULL,-150,-150,150,150,150,150,150,-150,100
1782681471,0,4096,4096,0,0,0,0,0,0,4096,2073600,2073600,1080,11127,FULL,150,-150,150,150,150,150,150,-150,100
1782681472,0,4096,4096,0,0,0,0,0,0,6144,2073600,2073600,1080,11127,FULL,150,-150,150,150,150,150,150,-150,100
1782681473,0,4096,4096,0,0,0,0,0,0,8192,2073600,2073600,1080,11127,FULL,150,-150,150,150,150,150,150,-150,100
1782681474,0,4096,4096,0,0,0,0,0,0,12288,2073600,2073600,1080,11127,FULL,150,-150,150,150,150,150,150,-150,100
1782681475,0,4096,4096,0,0,0,0,0,0,16384,2073600,2073600,1080,11127,FULL,150,-150,150,150,150,150,150,-150,100
1782681476,0,4096,4096,0,0,0,0,0,0,24576,2073600,2073600,1080,11127,FULL,150,-150,150,150,150,150,150,-150,100
1782681485,0,4096,4096,0,0,0,0,0,0,4096,2073600,2073600,1080,11127,FULL,-150,150,150,150,150,150,150,-150,100
1782681486,0,4096,4096,0,0,0,0,0,0,6144,2073600,2073600,1080,11127,FULL,-150,150,150,150,150,150,150,-150,100
1782681487,0,4096,4096,0,0,0,0,0,0,8192,2073600,2073600,1080,11127,FULL,-150,150,150,150,150,150,150,-150,100
1782681488,0,4096,4096,0,0,0,0,0,0,12288,2073600,2073600,1080,11127,FULL,-150,150,150,150,150,150,150,-150,100
1782681489,0,4096,4096,0,0,0,0,0,0,16384,2073600,2073600,1080,11127,FULL,-150,150,150,150,150,150,150,-150,100
1782681490,0,4096,4096,0,0,0,0,0,0,24576,2073600,2073600,1080,11127,FULL,-150,150,150,150,150,150,150,-150,100
1782681499,0,4096,4096,0,0,0,0,0,0,4096,2073600,2073600,1080,11485,FULL,150,150,150,150,150,150,150,-150,100
1782681500,0,4096,4096,0,0,0,0,0,0,6144,2073600,2073600,1080,11483,FULL,150,150,150,150,150,150,150,-150,100
1782681501,0,4096,4096,0,0,0,0,0,0,8192,2073600,2073600,1080,11484,FULL,150,150,150,150,150,150,150,-150,100
1782681502,0,4096,4096,0,0,0,0,0,0,12288,2073600,2073600,1080,11512,FULL,150,150,150,150,150,150,150,-150,100
1782681503,0,4096,4096,0,0,0,0,0,0,16384,2073600,2073600,1080,11473,FULL,150,150,150,150,150,150,150,-150,100
1782681505,0,4096,4096,0,0,0,0,0,0,24576,2073600,2073600,1080,11504,FULL,150,150,150,150,150,150,150,-150,100
1782681513,0,4096,4096,0,0,0,0,0,0,4096,654260,2073600,340,44542,short,-150,-150,-150,-150,-150,-150,-150,150,100
1782681514,0,4096,4096,0,0,0,0,0,0,6144,654352,2073600,340,46950,short,-150,-150,-150,-150,-150,-150,-150,150,100
1782681515,0,4096,4096,0,0,0,0,0,0,8192,654274,2073600,340,42761,short,-150,-150,-150,-150,-150,-150,-150,150,100
1782681516,0,4096,4096,0,0,0,0,0,0,12288,654352,2073600,340,45146,short,-150,-150,-150,-150,-150,-150,-150,150,100
1782681517,0,4096,4096,0,0,0,0,0,0,16384,654260,2073600,340,44383,short,-150,-150,-150,-150,-150,-150,-150,150,100
1782681519,0,4096,4096,0,0,0,0,0,0,24576,654274,2073600,341,46252,short,-150,-150,-150,-150,-150,-150,-150,150,100
1782681528,0,4096,4096,0,0,0,0,0,0,4096,677465,2073600,353,18169,short,150,-150,-150,-150,-150,-150,-150,150,100
1782681528,0,4096,4096,0,0,0,0,0,0,6144,677490,2073600,353,22416,short,150,-150,-150,-150,-150,-150,-150,150,100
1782681529,0,4096,4096,0,0,0,0,0,0,8192,677540,2073600,353,15127,short,150,-150,-150,-150,-150,-150,-150,150,100
1782681530,0,4096,4096,0,0,0,0,0,0,12288,677491,2073600,353,20740,short,150,-150,-150,-150,-150,-150,-150,150,100
1782681532,0,4096,4096,0,0,0,0,0,0,16384,677680,2073600,354,18874,short,150,-150,-150,-150,-150,-150,-150,150,100
1782681533,0,4096,4096,0,0,0,0,0,0,24576,677554,2073600,353,20470,short,150,-150,-150,-150,-150,-150,-150,150,100
1782681541,0,4096,4096,0,0,0,0,0,0,4096,547133,2073600,298,10461,short,-150,150,-150,-150,-150,-150,-150,150,100
1782681542,0,4096,4096,0,0,0,0,0,0,6144,571764,2073600,299,10947,short,-150,150,-150,-150,-150,-150,-150,150,100
1782681543,0,4096,4096,0,0,0,0,0,0,8192,571735,2073600,298,10084,short,-150,150,-150,-150,-150,-150,-150,150,100
1782681544,0,4096,4096,0,0,0,0,0,0,12288,571746,2073600,298,8757,short,-150,150,-150,-150,-150,-150,-150,150,100
1782681545,0,4096,4096,0,0,0,0,0,0,16384,571768,2073600,298,11442,short,-150,150,-150,-150,-150,-150,-150,150,100
1782681546,0,4096,4096,0,0,0,0,0,0,24576,571757,2073600,298,10068,short,-150,150,-150,-150,-150,-150,-150,150,100
1782681547,0,4096,4096,0,0,0,0,0,0,4096,571779,2073600,298,7474,short,-150,150,-150,-150,-150,-150,-150,150,100
1782681548,0,4096,4096,0,0,0,0,0,0,6144,571858,2073600,298,9382,short,-150,150,-150,-150,-150,-150,-150,150,100
1782681549,0,4096,4096,0,0,0,0,0,0,8192,547252,2073600,298,9088,short,-150,150,-150,-150,-150,-150,-150,150,100
1782681550,0,4096,4096,0,0,0,0,0,0,12288,571913,2073600,298,12844,short,-150,150,-150,-150,-150,-150,-150,150,100
1782681551,0,4096,4096,0,0,0,0,0,0,16384,571724,2073600,298,11936,short,-150,150,-150,-150,-150,-150,-150,150,100
1782681552,0,4096,4096,0,0,0,0,0,0,24576,564652,2073600,298,7650,short,-150,150,-150,-150,-150,-150,-150,150,100
1782681556,0,4096,4096,0,0,0,0,0,0,4096,537793,2073600,303,62053,short,150,150,-150,-150,-150,-150,-150,150,100
1782681557,0,4096,4096,0,0,0,0,0,0,6144,581500,2073600,303,53625,short,150,150,-150,-150,-150,-150,-150,150,100
1782681558,0,4096,4096,0,0,0,0,0,0,8192,581642,2073600,303,63441,short,150,150,-150,-150,-150,-150,-150,150,100
1782681559,0,4096,4096,0,0,0,0,0,0,12288,581470,2073600,303,59275,short,150,150,-150,-150,-150,-150,-150,150,100
1782681560,0,4096,4096,0,0,0,0,0,0,16384,581368,2073600,303,64693,short,150,150,-150,-150,-150,-150,-150,150,100
1782681561,0,4096,4096,0,0,0,0,0,0,24576,581510,2073600,303,62421,short,150,150,-150,-150,-150,-150,-150,150,100
1782681570,0,4096,4096,0,0,0,0,0,0,4096,858243,2073600,447,26736,short,-150,-150,150,-150,-150,-150,-150,150,100
1782681571,0,4096,4096,0,0,0,0,0,0,6144,858196,2073600,446,26652,short,-150,-150,150,-150,-150,-150,-150,150,100
1782681572,0,4096,4096,0,0,0,0,0,0,8192,858243,2073600,447,27821,short,-150,-150,150,-150,-150,-150,-150,150,100
1782681573,0,4096,4096,0,0,0,0,0,0,12288,858243,2073600,447,25950,short,-150,-150,150,-150,-150,-150,-150,150,100
1782681574,0,4096,4096,0,0,0,0,0,0,16384,858879,2073600,447,26420,short,-150,-150,150,-150,-150,-150,-150,150,100
1782681576,0,4096,4096,0,0,0,0,0,0,24576,858713,2073600,447,25780,short,-150,-150,150,-150,-150,-150,-150,150,100
1782681584,0,4096,4096,0,0,0,0,0,0,4096,863628,2073600,449,21852,short,150,-150,150,-150,-150,-150,-150,150,100
1782681585,0,4096,4096,0,0,0,0,0,0,6144,863660,2073600,449,56731,short,150,-150,150,-150,-150,-150,-150,150,100
1782681586,0,4096,4096,0,0,0,0,0,0,8192,863784,2073600,449,26412,short,150,-150,150,-150,-150,-150,-150,150,100
1782681587,0,4096,4096,0,0,0,0,0,0,12288,863647,2073600,450,24588,short,150,-150,150,-150,-150,-150,-150,150,100
1782681588,0,4096,4096,0,0,0,0,0,0,16384,863751,2073600,449,24421,short,150,-150,150,-150,-150,-150,-150,150,100
1782681590,0,4096,4096,0,0,0,0,0,0,24576,1609409,2073600,838,33297,short,150,-150,150,-150,-150,-150,-150,150,100
1782681599,0,4096,4096,0,0,0,0,0,0,4096,767239,2073600,399,55526,short,-150,150,150,-150,-150,-150,-150,150,100
1782681600,0,4096,4096,0,0,0,0,0,0,6144,767294,2073600,399,56318,short,-150,150,150,-150,-150,-150,-150,150,100
1782681600,0,4096,4096,0,0,0,0,0,0,8192,767294,2073600,399,56648,short,-150,150,150,-150,-150,-150,-150,150,100
1782681602,0,4096,4096,0,0,0,0,0,0,12288,767310,2073600,399,57791,short,-150,150,150,-150,-150,-150,-150,150,100
1782681603,0,4096,4096,0,0,0,0,0,0,16384,1701461,2073600,886,6995,short,-150,150,150,-150,-150,-150,-150,150,100
1782681604,0,4096,4096,0,0,0,0,0,0,24576,767264,2073600,399,57872,short,-150,150,150,-150,-150,-150,-150,150,100
1782681613,0,4096,4096,0,0,0,0,0,0,4096,776810,2073600,405,48328,short,150,150,150,-150,-150,-150,-150,150,100
1782681614,0,4096,4096,0,0,0,0,0,0,6144,776987,2073600,404,45912,short,150,150,150,-150,-150,-150,-150,150,100
1782681615,0,4096,4096,0,0,0,0,0,0,8192,776799,2073600,404,47877,short,150,150,150,-150,-150,-150,-150,150,100
1782681616,0,4096,4096,0,0,0,0,0,0,12288,776928,2073600,405,47543,short,150,150,150,-150,-150,-150,-150,150,100
1782681617,0,4096,4096,0,0,0,0,0,0,16384,776987,2073600,405,47230,short,150,150,150,-150,-150,-150,-150,150,100
1782681618,0,4096,4096,0,0,0,0,0,0,24576,776958,2073600,404,44883,short,150,150,150,-150,-150,-150,-150,150,100
1782681627,0,4096,4096,0,0,0,0,0,0,4096,2073600,2073600,1080,11127,FULL,-150,-150,-150,150,-150,-150,-150,150,100
1782681628,0,4096,4096,0,0,0,0,0,0,6144,2073600,2073600,1080,11127,FULL,-150,-150,-150,150,-150,-150,-150,150,100
1782681629,0,4096,4096,0,0,0,0,0,0,8192,2073600,2073600,1080,11127,FULL,-150,-150,-150,150,-150,-150,-150,150,100
1782681630,0,4096,4096,0,0,0,0,0,0,12288,2073600,2073600,1080,11127,FULL,-150,-150,-150,150,-150,-150,-150,150,100
1782681631,0,4096,4096,0,0,0,0,0,0,16384,2073600,2073600,1080,11127,FULL,-150,-150,-150,150,-150,-150,-150,150,100
1782681632,0,4096,4096,0,0,0,0,0,0,24576,2073600,2073600,1080,11127,FULL,-150,-150,-150,150,-150,-150,-150,150,100
1782681641,0,4096,4096,0,0,0,0,0,0,4096,2073600,2073600,1080,11127,FULL,150,-150,-150,150,-150,-150,-150,150,100
1782681642,0,4096,4096,0,0,0,0,0,0,6144,2073600,2073600,1080,11127,FULL,150,-150,-150,150,-150,-150,-150,150,100
1782681643,0,4096,4096,0,0,0,0,0,0,8192,2073600,2073600,1080,11127,FULL,150,-150,-150,150,-150,-150,-150,150,100
1782681644,0,4096,4096,0,0,0,0,0,0,12288,2073600,2073600,1080,11127,FULL,150,-150,-150,150,-150,-150,-150,150,100
1782681645,0,4096,4096,0,0,0,0,0,0,16384,2073600,2073600,1080,11127,FULL,150,-150,-150,150,-150,-150,-150,150,100
1782681647,0,4096,4096,0,0,0,0,0,0,24576,2073600,2073600,1080,11127,FULL,150,-150,-150,150,-150,-150,-150,150,100
1782681655,0,4096,4096,0,0,0,0,0,0,4096,2073600,2073600,1080,11127,FULL,-150,150,-150,150,-150,-150,-150,150,100
1782681656,0,4096,4096,0,0,0,0,0,0,6144,2073600,2073600,1080,11127,FULL,-150,150,-150,150,-150,-150,-150,150,100
1782681657,0,4096,4096,0,0,0,0,0,0,8192,2073600,2073600,1080,11127,FULL,-150,150,-150,150,-150,-150,-150,150,100
1782681658,0,4096,4096,0,0,0,0,0,0,12288,2073600,2073600,1080,11127,FULL,-150,150,-150,150,-150,-150,-150,150,100
1782681660,0,4096,4096,0,0,0,0,0,0,16384,2073600,2073600,1080,11127,FULL,-150,150,-150,150,-150,-150,-150,150,100
1782681661,0,4096,4096,0,0,0,0,0,0,24576,289369,2073600,150,35904,short,-150,150,-150,150,-150,-150,-150,150,100
1782681670,0,4096,4096,0,0,0,0,0,0,4096,2073600,2073600,1080,11300,FULL,150,150,-150,150,-150,-150,-150,150,100
1782681671,0,4096,4096,0,0,0,0,0,0,6144,2073600,2073600,1080,11277,FULL,150,150,-150,150,-150,-150,-150,150,100
1782681671,0,4096,4096,0,0,0,0,0,0,8192,2073600,2073600,1080,11272,FULL,150,150,-150,150,-150,-150,-150,150,100
1782681673,0,4096,4096,0,0,0,0,0,0,12288,2073600,2073600,1080,11276,FULL,150,150,-150,150,-150,-150,-150,150,100
1782681674,0,4096,4096,0,0,0,0,0,0,16384,2073600,2073600,1080,11276,FULL,150,150,-150,150,-150,-150,-150,150,100
1782681675,0,4096,4096,0,0,0,0,0,0,24576,317224,2073600,165,9565,short,150,150,-150,150,-150,-150,-150,150,100
1782681684,0,4096,4096,0,0,0,0,0,0,4096,2073600,2073600,1080,11127,FULL,-150,-150,150,150,-150,-150,-150,150,100
1782681685,0,4096,4096,0,0,0,0,0,0,6144,2073600,2073600,1080,11127,FULL,-150,-150,150,150,-150,-150,-150,150,100
1782681686,0,4096,4096,0,0,0,0,0,0,8192,2073600,2073600,1080,11127,FULL,-150,-150,150,150,-150,-150,-150,150,100
1782681687,0,4096,4096,0,0,0,0,0,0,12288,2073600,2073600,1080,11127,FULL,-150,-150,150,150,-150,-150,-150,150,100
1782681688,0,4096,4096,0,0,0,0,0,0,16384,2073600,2073600,1080,11127,FULL,-150,-150,150,150,-150,-150,-150,150,100
1782681689,0,4096,4096,0,0,0,0,0,0,24576,417868,2073600,217,35574,short,-150,-150,150,150,-150,-150,-150,150,100
1782681698,0,4096,4096,0,0,0,0,0,0,4096,2073600,2073600,1080,11127,FULL,150,-150,150,150,-150,-150,-150,150,100
1782681699,0,4096,4096,0,0,0,0,0,0,6144,513597,2073600,267,63520,short,150,-150,150,150,-150,-150,-150,150,100
1782681700,0,4096,4096,0,0,0,0,0,0,8192,513570,2073600,267,11420,short,150,-150,150,150,-150,-150,-150,150,100
1782681701,0,4096,4096,0,0,0,0,0,0,12288,513597,2073600,267,64253,short,150,-150,150,150,-150,-150,-150,150,100
1782681702,0,4096,4096,0,0,0,0,0,0,16384,474146,2073600,268,1354,short,150,-150,150,150,-150,-150,-150,150,100
1782681703,0,4096,4096,0,0,0,0,0,0,24576,513818,2073600,267,64406,short,150,-150,150,150,-150,-150,-150,150,100
1782681712,0,4096,4096,0,0,0,0,0,0,4096,467580,2073600,243,45490,short,-150,150,150,150,-150,-150,-150,150,100
1782681713,0,4096,4096,0,0,0,0,0,0,6144,467811,2073600,243,48689,short,-150,150,150,150,-150,-150,-150,150,100
1782681714,0,4096,4096,0,0,0,0,0,0,8192,467598,2073600,243,47069,short,-150,150,150,150,-150,-150,-150,150,100
1782681715,0,4096,4096,0,0,0,0,0,0,12288,467894,2073600,243,51155,short,-150,150,150,150,-150,-150,-150,150,100
1782681716,0,4096,4096,0,0,0,0,0,0,16384,467932,2073600,243,49274,short,-150,150,150,150,-150,-150,-150,150,100
1782681718,0,4096,4096,0,0,0,0,0,0,24576,467580,2073600,243,48644,short,-150,150,150,150,-150,-150,-150,150,100
1782681726,0,4096,4096,0,0,0,0,0,0,4096,487181,2073600,253,29203,short,150,150,150,150,-150,-150,-150,150,100
1782681727,0,4096,4096,0,0,0,0,0,0,6144,487602,2073600,253,26615,short,150,150,150,150,-150,-150,-150,150,100
1782681728,0,4096,4096,0,0,0,0,0,0,8192,487404,2073600,253,25084,short,150,150,150,150,-150,-150,-150,150,100
1782681729,0,4096,4096,0,0,0,0,0,0,12288,487486,2073600,254,29178,short,150,150,150,150,-150,-150,-150,150,100
1782681731,0,4096,4096,0,0,0,0,0,0,16384,487433,2073600,253,26555,short,150,150,150,150,-150,-150,-150,150,100
1782681732,0,4096,4096,0,0,0,0,0,0,24576,487223,2073600,253,24819,short,150,150,150,150,-150,-150,-150,150,100
1782681741,0,4096,4096,0,0,0,0,0,0,4096,678483,2073600,353,20948,short,-150,-150,-150,-150,150,-150,-150,150,100
1782681742,0,4096,4096,0,0,0,0,0,0,6144,2073600,2073600,1080,11127,FULL,-150,-150,-150,-150,150,-150,-150,150,100
1782681743,0,4096,4096,0,0,0,0,0,0,8192,2073600,2073600,1080,11127,FULL,-150,-150,-150,-150,150,-150,-150,150,100
1782681744,0,4096,4096,0,0,0,0,0,0,12288,2073600,2073600,1080,11127,FULL,-150,-150,-150,-150,150,-150,-150,150,100
1782681745,0,4096,4096,0,0,0,0,0,0,16384,678748,2073600,353,18047,short,-150,-150,-150,-150,150,-150,-150,150,100
1782681746,0,4096,4096,0,0,0,0,0,0,24576,678483,2073600,353,21479,short,-150,-150,-150,-150,150,-150,-150,150,100
1782681755,0,4096,4096,0,0,0,0,0,0,4096,2073600,2073600,1080,11127,FULL,150,-150,-150,-150,150,-150,-150,150,100
1782681756,0,4096,4096,0,0,0,0,0,0,6144,2073600,2073600,1080,11127,FULL,150,-150,-150,-150,150,-150,-150,150,100
1782681757,0,4096,4096,0,0,0,0,0,0,8192,2073600,2073600,1080,11127,FULL,150,-150,-150,-150,150,-150,-150,150,100
1782681758,0,4096,4096,0,0,0,0,0,0,12288,2073600,2073600,1080,11127,FULL,150,-150,-150,-150,150,-150,-150,150,100
1782681759,0,4096,4096,0,0,0,0,0,0,16384,2073600,2073600,1080,11127,FULL,150,-150,-150,-150,150,-150,-150,150,100
1782681760,0,4096,4096,0,0,0,0,0,0,24576,707176,2073600,368,50900,short,150,-150,-150,-150,150,-150,-150,150,100
1782681769,0,4096,4096,0,0,0,0,0,0,4096,2073600,2073600,1080,11127,FULL,-150,150,-150,-150,150,-150,-150,150,100
1782681770,0,4096,4096,0,0,0,0,0,0,6144,2073600,2073600,1080,11127,FULL,-150,150,-150,-150,150,-150,-150,150,100
1782681771,0,4096,4096,0,0,0,0,0,0,8192,2073600,2073600,1080,11127,FULL,-150,150,-150,-150,150,-150,-150,150,100
1782681772,0,4096,4096,0,0,0,0,0,0,12288,536593,2073600,279,52013,short,-150,150,-150,-150,150,-150,-150,150,100
1782681773,0,4096,4096,0,0,0,0,0,0,16384,536510,2073600,279,50720,short,-150,150,-150,-150,150,-150,-150,150,100
1782681775,0,4096,4096,0,0,0,0,0,0,24576,536593,2073600,280,52557,short,-150,150,-150,-150,150,-150,-150,150,100
1782681783,0,4096,4096,0,0,0,0,0,0,4096,2073600,2073600,1080,11292,FULL,150,150,-150,-150,150,-150,-150,150,100
1782681784,0,4096,4096,0,0,0,0,0,0,6144,2073600,2073600,1080,11272,FULL,150,150,-150,-150,150,-150,-150,150,100
1782681785,0,4096,4096,0,0,0,0,0,0,8192,2073600,2073600,1080,11281,FULL,150,150,-150,-150,150,-150,-150,150,100
1782681786,0,4096,4096,0,0,0,0,0,0,12288,2073600,2073600,1080,11277,FULL,150,150,-150,-150,150,-150,-150,150,100
1782681787,0,4096,4096,0,0,0,0,0,0,16384,572112,2073600,298,8037,short,150,150,-150,-150,150,-150,-150,150,100
1782681789,0,4096,4096,0,0,0,0,0,0,24576,572071,2073600,298,7254,short,150,150,-150,-150,150,-150,-150,150,100
1782681798,0,4096,4096,0,0,0,0,0,0,4096,2073600,2073600,1080,11127,FULL,-150,-150,150,-150,150,-150,-150,150,100
1782681799,0,4096,4096,0,0,0,0,0,0,6144,2073600,2073600,1080,11127,FULL,-150,-150,150,-150,150,-150,-150,150,100
1782681799,0,4096,4096,0,0,0,0,0,0,8192,2073600,2073600,1080,11127,FULL,-150,-150,150,-150,150,-150,-150,150,100
1782681801,0,4096,4096,0,0,0,0,0,0,12288,2073600,2073600,1080,11127,FULL,-150,-150,150,-150,150,-150,-150,150,100
1782681802,0,4096,4096,0,0,0,0,0,0,16384,2073600,2073600,1080,11127,FULL,-150,-150,150,-150,150,-150,-150,150,100
1782681803,0,4096,4096,0,0,0,0,0,0,24576,2073600,2073600,1080,11127,FULL,-150,-150,150,-150,150,-150,-150,150,100
1782681812,0,4096,4096,0,0,0,0,0,0,4096,2073600,2073600,1080,11127,FULL,150,-150,150,-150,150,-150,-150,150,100
1782681813,0,4096,4096,0,0,0,0,0,0,6144,2073600,2073600,1080,11127,FULL,150,-150,150,-150,150,-150,-150,150,100
1782681814,0,4096,4096,0,0,0,0,0,0,8192,2073600,2073600,1080,11127,FULL,150,-150,150,-150,150,-150,-150,150,100
1782681815,0,4096,4096,0,0,0,0,0,0,12288,2073600,2073600,1080,11127,FULL,150,-150,150,-150,150,-150,-150,150,100
1782681816,0,4096,4096,0,0,0,0,0,0,16384,2073600,2073600,1080,11127,FULL,150,-150,150,-150,150,-150,-150,150,100
1782681817,0,4096,4096,0,0,0,0,0,0,24576,2073600,2073600,1080,11127,FULL,150,-150,150,-150,150,-150,-150,150,100
1782681826,0,4096,4096,0,0,0,0,0,0,4096,2073600,2073600,1080,11127,FULL,-150,150,150,-150,150,-150,-150,150,100
1782681827,0,4096,4096,0,0,0,0,0,0,6144,2073600,2073600,1080,11127,FULL,-150,150,150,-150,150,-150,-150,150,100
1782681828,0,4096,4096,0,0,0,0,0,0,8192,2073600,2073600,1080,11127,FULL,-150,150,150,-150,150,-150,-150,150,100
1782681829,0,4096,4096,0,0,0,0,0,0,12288,2073600,2073600,1080,11127,FULL,-150,150,150,-150,150,-150,-150,150,100
1782681830,0,4096,4096,0,0,0,0,0,0,16384,2073600,2073600,1080,11127,FULL,-150,150,150,-150,150,-150,-150,150,100
1782681831,0,4096,4096,0,0,0,0,0,0,24576,2073600,2073600,1080,11127,FULL,-150,150,150,-150,150,-150,-150,150,100
1782681840,0,4096,4096,0,0,0,0,0,0,4096,2073600,2073600,1080,11469,FULL,150,150,150,-150,150,-150,-150,150,100
1782681841,0,4096,4096,0,0,0,0,0,0,6144,2073600,2073600,1080,11517,FULL,150,150,150,-150,150,-150,-150,150,100
1782681842,0,4096,4096,0,0,0,0,0,0,8192,2073600,2073600,1080,11496,FULL,150,150,150,-150,150,-150,-150,150,100
1782681843,0,4096,4096,0,0,0,0,0,0,12288,2073600,2073600,1080,11488,FULL,150,150,150,-150,150,-150,-150,150,100
1782681844,0,4096,4096,0,0,0,0,0,0,16384,2073600,2073600,1080,11487,FULL,150,150,150,-150,150,-150,-150,150,100
1782681846,0,4096,4096,0,0,0,0,0,0,24576,2073600,2073600,1080,11499,FULL,150,150,150,-150,150,-150,-150,150,100
1782681854,0,4096,4096,0,0,0,0,0,0,4096,2073600,2073600,1080,11127,FULL,-150,-150,-150,150,150,-150,-150,150,100
1782681855,0,4096,4096,0,0,0,0,0,0,6144,2073600,2073600,1080,11127,FULL,-150,-150,-150,150,150,-150,-150,150,100
1782681856,0,4096,4096,0,0,0,0,0,0,8192,2073600,2073600,1080,11127,FULL,-150,-150,-150,150,150,-150,-150,150,100
1782681857,0,4096,4096,0,0,0,0,0,0,12288,2073600,2073600,1080,11127,FULL,-150,-150,-150,150,150,-150,-150,150,100
1782681858,0,4096,4096,0,0,0,0,0,0,16384,2073600,2073600,1080,11127,FULL,-150,-150,-150,150,150,-150,-150,150,100
1782681860,0,4096,4096,0,0,0,0,0,0,24576,2073600,2073600,1080,11127,FULL,-150,-150,-150,150,150,-150,-150,150,100
1782681869,0,4096,4096,0,0,0,0,0,0,4096,2073600,2073600,1080,11127,FULL,150,-150,-150,150,150,-150,-150,150,100
1782681870,0,4096,4096,0,0,0,0,0,0,6144,2073600,2073600,1080,11127,FULL,150,-150,-150,150,150,-150,-150,150,100
1782681871,0,4096,4096,0,0,0,0,0,0,8192,2073600,2073600,1080,11127,FULL,150,-150,-150,150,150,-150,-150,150,100
1782681872,0,4096,4096,0,0,0,0,0,0,12288,2073600,2073600,1080,11127,FULL,150,-150,-150,150,150,-150,-150,150,100
1782681873,0,4096,4096,0,0,0,0,0,0,16384,2073600,2073600,1080,11127,FULL,150,-150,-150,150,150,-150,-150,150,100
1782681874,0,4096,4096,0,0,0,0,0,0,24576,2073600,2073600,1080,11127,FULL,150,-150,-150,150,150,-150,-150,150,100
1782681883,0,4096,4096,0,0,0,0,0,0,4096,2073600,2073600,1080,11127,FULL,-150,150,-150,150,150,-150,-150,150,100
1782681884,0,4096,4096,0,0,0,0,0,0,6144,2073600,2073600,1080,11127,FULL,-150,150,-150,150,150,-150,-150,150,100
1782681885,0,4096,4096,0,0,0,0,0,0,8192,2073600,2073600,1080,11127,FULL,-150,150,-150,150,150,-150,-150,150,100
1782681886,0,4096,4096,0,0,0,0,0,0,12288,2073600,2073600,1080,11127,FULL,-150,150,-150,150,150,-150,-150,150,100
1782681887,0,4096,4096,0,0,0,0,0,0,16384,2073600,2073600,1080,11127,FULL,-150,150,-150,150,150,-150,-150,150,100
1782681888,0,4096,4096,0,0,0,0,0,0,24576,2073600,2073600,1080,11127,FULL,-150,150,-150,150,150,-150,-150,150,100
1782681897,0,4096,4096,0,0,0,0,0,0,4096,2073600,2073600,1080,11490,FULL,150,150,-150,150,150,-150,-150,150,100
1782681898,0,4096,4096,0,0,0,0,0,0,6144,2073600,2073600,1080,11464,FULL,150,150,-150,150,150,-150,-150,150,100
1782681899,0,4096,4096,0,0,0,0,0,0,8192,2073600,2073600,1080,11464,FULL,150,150,-150,150,150,-150,-150,150,100
1782681900,0,4096,4096,0,0,0,0,0,0,12288,2073600,2073600,1080,11473,FULL,150,150,-150,150,150,-150,-150,150,100
1782681901,0,4096,4096,0,0,0,0,0,0,16384,2073600,2073600,1080,11480,FULL,150,150,-150,150,150,-150,-150,150,100
1782681902,0,4096,4096,0,0,0,0,0,0,24576,2073600,2073600,1080,11477,FULL,150,150,-150,150,150,-150,-150,150,100
1782681911,0,4096,4096,0,0,0,0,0,0,4096,2073600,2073600,1080,11127,FULL,-150,-150,150,150,150,-150,-150,150,100
1782681912,0,4096,4096,0,0,0,0,0,0,6144,2073600,2073600,1080,11127,FULL,-150,-150,150,150,150,-150,-150,150,100
1782681913,0,4096,4096,0,0,0,0,0,0,8192,2073600,2073600,1080,11127,FULL,-150,-150,150,150,150,-150,-150,150,100
1782681914,0,4096,4096,0,0,0,0,0,0,12288,2073600,2073600,1080,11127,FULL,-150,-150,150,150,150,-150,-150,150,100
1782681915,0,4096,4096,0,0,0,0,0,0,16384,2073600,2073600,1080,11127,FULL,-150,-150,150,150,150,-150,-150,150,100
1782681917,0,4096,4096,0,0,0,0,0,0,24576,2073600,2073600,1080,11127,FULL,-150,-150,150,150,150,-150,-150,150,100
1782681925,0,4096,4096,0,0,0,0,0,0,4096,2073600,2073600,1080,11127,FULL,150,-150,150,150,150,-150,-150,150,100
1782681926,0,4096,4096,0,0,0,0,0,0,6144,2073600,2073600,1080,11127,FULL,150,-150,150,150,150,-150,-150,150,100
1782681927,0,4096,4096,0,0,0,0,0,0,8192,2073600,2073600,1080,11127,FULL,150,-150,150,150,150,-150,-150,150,100
1782681928,0,4096,4096,0,0,0,0,0,0,12288,2073600,2073600,1080,11127,FULL,150,-150,150,150,150,-150,-150,150,100
1782681930,0,4096,4096,0,0,0,0,0,0,16384,2073600,2073600,1080,11127,FULL,150,-150,150,150,150,-150,-150,150,100
1782681931,0,4096,4096,0,0,0,0,0,0,24576,2073600,2073600,1080,11127,FULL,150,-150,150,150,150,-150,-150,150,100
1782681940,0,4096,4096,0,0,0,0,0,0,4096,2073600,2073600,1080,11127,FULL,-150,150,150,150,150,-150,-150,150,100
1782681941,0,4096,4096,0,0,0,0,0,0,6144,2073600,2073600,1080,11127,FULL,-150,150,150,150,150,-150,-150,150,100
1782681942,0,4096,4096,0,0,0,0,0,0,8192,2073600,2073600,1080,11127,FULL,-150,150,150,150,150,-150,-150,150,100
1782681943,0,4096,4096,0,0,0,0,0,0,12288,2073600,2073600,1080,11127,FULL,-150,150,150,150,150,-150,-150,150,100
1782681944,0,4096,4096,0,0,0,0,0,0,16384,2073600,2073600,1080,11127,FULL,-150,150,150,150,150,-150,-150,150,100
1782681945,0,4096,4096,0,0,0,0,0,0,24576,2073600,2073600,1080,11127,FULL,-150,150,150,150,150,-150,-150,150,100
1782681954,0,4096,4096,0,0,0,0,0,0,4096,2073600,2073600,1080,11276,FULL,150,150,150,150,150,-150,-150,150,100
1782681955,0,4096,4096,0,0,0,0,0,0,6144,2073600,2073600,1080,11316,FULL,150,150,150,150,150,-150,-150,150,100
1782681956,0,4096,4096,0,0,0,0,0,0,8192,2073600,2073600,1080,11276,FULL,150,150,150,150,150,-150,-150,150,100
1782681957,0,4096,4096,0,0,0,0,0,0,12288,2073600,2073600,1080,11277,FULL,150,150,150,150,150,-150,-150,150,100
1782681958,0,4096,4096,0,0,0,0,0,0,16384,2073600,2073600,1080,11288,FULL,150,150,150,150,150,-150,-150,150,100
1782681959,0,4096,4096,0,0,0,0,0,0,24576,2073600,2073600,1080,11290,FULL,150,150,150,150,150,-150,-150,150,100
1782681968,0,4096,4096,0,0,0,0,0,0,4096,2073600,2073600,1080,364,FULL,-150,-150,-150,-150,-150,150,-150,150,100
1782681969,0,4096,4096,0,0,0,0,0,0,6144,2073600,2073600,1080,11127,FULL,-150,-150,-150,-150,-150,150,-150,150,100
1782681970,0,4096,4096,0,0,0,0,0,0,8192,2073600,2073600,1080,11127,FULL,-150,-150,-150,-150,-150,150,-150,150,100
1782681971,0,4096,4096,0,0,0,0,0,0,12288,2073600,2073600,1080,11127,FULL,-150,-150,-150,-150,-150,150,-150,150,100
1782681972,0,4096,4096,0,0,0,0,0,0,16384,2073600,2073600,1080,11127,FULL,-150,-150,-150,-150,-150,150,-150,150,100
1782681974,0,4096,4096,0,0,0,0,0,0,24576,2073600,2073600,1080,11127,FULL,-150,-150,-150,-150,-150,150,-150,150,100
1782681982,0,4096,4096,0,0,0,0,0,0,4096,2073600,2073600,1081,11124,FULL,150,-150,-150,-150,-150,150,-150,150,100
1782681983,0,4096,4096,0,0,0,0,0,0,6144,2073600,2073600,1080,11127,FULL,150,-150,-150,-150,-150,150,-150,150,100
1782681984,0,4096,4096,0,0,0,0,0,0,8192,2073600,2073600,1080,11127,FULL,150,-150,-150,-150,-150,150,-150,150,100
1782681985,0,4096,4096,0,0,0,0,0,0,12288,2073600,2073600,1080,11127,FULL,150,-150,-150,-150,-150,150,-150,150,100
1782681986,0,4096,4096,0,0,0,0,0,0,16384,2073600,2073600,1080,11127,FULL,150,-150,-150,-150,-150,150,-150,150,100
1782681988,0,4096,4096,0,0,0,0,0,0,24576,2073600,2073600,1080,11127,FULL,150,-150,-150,-150,-150,150,-150,150,100
1782681997,0,4096,4096,0,0,0,0,0,0,4096,2073600,2073600,1080,11127,FULL,-150,150,-150,-150,-150,150,-150,150,100
1782681997,0,4096,4096,0,0,0,0,0,0,6144,2073600,2073600,1080,11127,FULL,-150,150,-150,-150,-150,150,-150,150,100
1782681998,0,4096,4096,0,0,0,0,0,0,8192,2073600,2073600,1080,11127,FULL,-150,150,-150,-150,-150,150,-150,150,100
1782681999,0,4096,4096,0,0,0,0,0,0,12288,2073600,2073600,1080,11127,FULL,-150,150,-150,-150,-150,150,-150,150,100
1782682001,0,4096,4096,0,0,0,0,0,0,16384,2073600,2073600,1080,11127,FULL,-150,150,-150,-150,-150,150,-150,150,100
1782682002,0,4096,4096,0,0,0,0,0,0,24576,2073600,2073600,1080,0,FULL,-150,150,-150,-150,-150,150,-150,150,100
1782682011,0,4096,4096,0,0,0,0,0,0,4096,2073600,2073600,1080,11281,FULL,150,150,-150,-150,-150,150,-150,150,100
1782682012,0,4096,4096,0,0,0,0,0,0,6144,2073600,2073600,1080,11301,FULL,150,150,-150,-150,-150,150,-150,150,100
1782682013,0,4096,4096,0,0,0,0,0,0,8192,2073600,2073600,1080,11278,FULL,150,150,-150,-150,-150,150,-150,150,100
1782682014,0,4096,4096,0,0,0,0,0,0,12288,2073600,2073600,1080,11283,FULL,150,150,-150,-150,-150,150,-150,150,100
1782682015,0,4096,4096,0,0,0,0,0,0,16384,2073600,2073600,1080,11278,FULL,150,150,-150,-150,-150,150,-150,150,100
1782682016,0,4096,4096,0,0,0,0,0,0,24576,2073600,2073600,1080,11274,FULL,150,150,-150,-150,-150,150,-150,150,100
1782682025,0,4096,4096,0,0,0,0,0,0,4096,2073600,2073600,1080,11127,FULL,-150,-150,150,-150,-150,150,-150,150,100
1782682026,0,4096,4096,0,0,0,0,0,0,6144,2073600,2073600,1080,11127,FULL,-150,-150,150,-150,-150,150,-150,150,100
1782682027,0,4096,4096,0,0,0,0,0,0,8192,2073600,2073600,1080,11127,FULL,-150,-150,150,-150,-150,150,-150,150,100
1782682028,0,4096,4096,0,0,0,0,0,0,12288,2073600,2073600,1080,11127,FULL,-150,-150,150,-150,-150,150,-150,150,100
1782682029,0,4096,4096,0,0,0,0,0,0,16384,2073600,2073600,1080,11127,FULL,-150,-150,150,-150,-150,150,-150,150,100
1782682030,0,4096,4096,0,0,0,0,0,0,24576,2073600,2073600,1080,11127,FULL,-150,-150,150,-150,-150,150,-150,150,100
1782682039,0,4096,4096,0,0,0,0,0,0,4096,2073600,2073600,1080,11127,FULL,150,-150,150,-150,-150,150,-150,150,100
1782682040,0,4096,4096,0,0,0,0,0,0,6144,2073600,2073600,1080,11127,FULL,150,-150,150,-150,-150,150,-150,150,100
1782682041,0,4096,4096,0,0,0,0,0,0,8192,2073600,2073600,1080,11127,FULL,150,-150,150,-150,-150,150,-150,150,100
1782682042,0,4096,4096,0,0,0,0,0,0,12288,2073600,2073600,1080,11127,FULL,150,-150,150,-150,-150,150,-150,150,100
1782682043,0,4096,4096,0,0,0,0,0,0,16384,2073600,2073600,1080,11127,FULL,150,-150,150,-150,-150,150,-150,150,100
1782682045,0,4096,4096,0,0,0,0,0,0,24576,2073600,2073600,1080,11127,FULL,150,-150,150,-150,-150,150,-150,150,100
1782682053,0,4096,4096,0,0,0,0,0,0,4096,2073600,2073600,1080,11127,FULL,-150,150,150,-150,-150,150,-150,150,100
1782682054,0,4096,4096,0,0,0,0,0,0,6144,2073600,2073600,1080,11127,FULL,-150,150,150,-150,-150,150,-150,150,100
1782682055,0,4096,4096,0,0,0,0,0,0,8192,2073600,2073600,1080,11127,FULL,-150,150,150,-150,-150,150,-150,150,100
1782682056,0,4096,4096,0,0,0,0,0,0,12288,2073600,2073600,1080,11127,FULL,-150,150,150,-150,-150,150,-150,150,100
1782682057,0,4096,4096,0,0,0,0,0,0,16384,2073600,2073600,1080,11127,FULL,-150,150,150,-150,-150,150,-150,150,100
1782682059,0,4096,4096,0,0,0,0,0,0,24576,2073600,2073600,1080,11127,FULL,-150,150,150,-150,-150,150,-150,150,100
1782682068,0,4096,4096,0,0,0,0,0,0,4096,2073600,2073600,1080,11276,FULL,150,150,150,-150,-150,150,-150,150,100
1782682069,0,4096,4096,0,0,0,0,0,0,6144,2073600,2073600,1080,11293,FULL,150,150,150,-150,-150,150,-150,150,100
1782682069,0,4096,4096,0,0,0,0,0,0,8192,2073600,2073600,1080,11273,FULL,150,150,150,-150,-150,150,-150,150,100
1782682071,0,4096,4096,0,0,0,0,0,0,12288,2073600,2073600,1080,11281,FULL,150,150,150,-150,-150,150,-150,150,100
1782682072,0,4096,4096,0,0,0,0,0,0,16384,2073600,2073600,1080,11293,FULL,150,150,150,-150,-150,150,-150,150,100
1782682073,0,4096,4096,0,0,0,0,0,0,24576,2073600,2073600,1080,11282,FULL,150,150,150,-150,-150,150,-150,150,100
1782682082,0,4096,4096,0,0,0,0,0,0,4096,2073600,2073600,1080,11127,FULL,-150,-150,-150,150,-150,150,-150,150,100
1782682083,0,4096,4096,0,0,0,0,0,0,6144,2073600,2073600,1080,11127,FULL,-150,-150,-150,150,-150,150,-150,150,100
1782682084,0,4096,4096,0,0,0,0,0,0,8192,2073600,2073600,1080,11127,FULL,-150,-150,-150,150,-150,150,-150,150,100
1782682085,0,4096,4096,0,0,0,0,0,0,12288,2073600,2073600,1080,11127,FULL,-150,-150,-150,150,-150,150,-150,150,100
1782682086,0,4096,4096,0,0,0,0,0,0,16384,2073600,2073600,1080,11127,FULL,-150,-150,-150,150,-150,150,-150,150,100
1782682087,0,4096,4096,0,0,0,0,0,0,24576,2073600,2073600,1080,11127,FULL,-150,-150,-150,150,-150,150,-150,150,100
1782682096,0,4096,4096,0,0,0,0,0,0,4096,2073600,2073600,1080,11127,FULL,150,-150,-150,150,-150,150,-150,150,100
1782682097,0,4096,4096,0,0,0,0,0,0,6144,2073600,2073600,1080,11127,FULL,150,-150,-150,150,-150,150,-150,150,100
1782682098,0,4096,4096,0,0,0,0,0,0,8192,2073600,2073600,1080,11127,FULL,150,-150,-150,150,-150,150,-150,150,100
1782682099,0,4096,4096,0,0,0,0,0,0,12288,2073600,2073600,1080,11127,FULL,150,-150,-150,150,-150,150,-150,150,100
1782682100,0,4096,4096,0,0,0,0,0,0,16384,2073600,2073600,1080,11127,FULL,150,-150,-150,150,-150,150,-150,150,100
1782682101,0,4096,4096,0,0,0,0,0,0,24576,2073600,2073600,1080,11127,FULL,150,-150,-150,150,-150,150,-150,150,100
1782682110,0,4096,4096,0,0,0,0,0,0,4096,2073600,2073600,1080,64,FULL,-150,150,-150,150,-150,150,-150,150,100
1782682111,0,4096,4096,0,0,0,0,0,0,6144,2073600,2073600,1080,11127,FULL,-150,150,-150,150,-150,150,-150,150,100
1782682112,0,4096,4096,0,0,0,0,0,0,8192,2073600,2073600,1080,11127,FULL,-150,150,-150,150,-150,150,-150,150,100
1782682113,0,4096,4096,0,0,0,0,0,0,12288,2073600,2073600,1080,11127,FULL,-150,150,-150,150,-150,150,-150,150,100
1782682114,0,4096,4096,0,0,0,0,0,0,16384,2073600,2073600,1080,11127,FULL,-150,150,-150,150,-150,150,-150,150,100
1782682116,0,4096,4096,0,0,0,0,0,0,24576,2073600,2073600,1080,11127,FULL,-150,150,-150,150,-150,150,-150,150,100
1782682124,0,4096,4096,0,0,0,0,0,0,4096,2073600,2073600,1080,402,FULL,150,150,-150,150,-150,150,-150,150,100
1782682125,0,4096,4096,0,0,0,0,0,0,6144,2073600,2073600,1080,11465,FULL,150,150,-150,150,-150,150,-150,150,100
1782682126,0,4096,4096,0,0,0,0,0,0,8192,2073600,2073600,1080,11469,FULL,150,150,-150,150,-150,150,-150,150,100
1782682127,0,4096,4096,0,0,0,0,0,0,12288,2073600,2073600,1080,11471,FULL,150,150,-150,150,-150,150,-150,150,100
1782682128,0,4096,4096,0,0,0,0,0,0,16384,2073600,2073600,1080,11468,FULL,150,150,-150,150,-150,150,-150,150,100
1782682130,0,4096,4096,0,0,0,0,0,0,24576,2073600,2073600,1080,11467,FULL,150,150,-150,150,-150,150,-150,150,100
1782682139,0,4096,4096,0,0,0,0,0,0,4096,2073600,2073600,1080,11127,FULL,-150,-150,150,150,-150,150,-150,150,100
1782682140,0,4096,4096,0,0,0,0,0,0,6144,2073600,2073600,1080,11127,FULL,-150,-150,150,150,-150,150,-150,150,100
1782682141,0,4096,4096,0,0,0,0,0,0,8192,2073600,2073600,1080,11127,FULL,-150,-150,150,150,-150,150,-150,150,100
1782682142,0,4096,4096,0,0,0,0,0,0,12288,2073600,2073600,1080,11127,FULL,-150,-150,150,150,-150,150,-150,150,100
1782682143,0,4096,4096,0,0,0,0,0,0,16384,2073600,2073600,1080,11127,FULL,-150,-150,150,150,-150,150,-150,150,100
1782682144,0,4096,4096,0,0,0,0,0,0,24576,2073600,2073600,1080,11127,FULL,-150,-150,150,150,-150,150,-150,150,100
1782682153,0,4096,4096,0,0,0,0,0,0,4096,2073600,2073600,1080,11127,FULL,150,-150,150,150,-150,150,-150,150,100
1782682154,0,4096,4096,0,0,0,0,0,0,6144,2073600,2073600,1080,11127,FULL,150,-150,150,150,-150,150,-150,150,100
1782682155,0,4096,4096,0,0,0,0,0,0,8192,2073600,2073600,1080,11127,FULL,150,-150,150,150,-150,150,-150,150,100
1782682156,0,4096,4096,0,0,0,0,0,0,12288,2073600,2073600,1080,11127,FULL,150,-150,150,150,-150,150,-150,150,100
1782682157,0,4096,4096,0,0,0,0,0,0,16384,2073600,2073600,1080,11127,FULL,150,-150,150,150,-150,150,-150,150,100
1782682158,0,4096,4096,0,0,0,0,0,0,24576,2073600,2073600,1080,11127,FULL,150,-150,150,150,-150,150,-150,150,100
1782682167,0,4096,4096,0,0,0,0,0,0,4096,2073600,2073600,1080,11127,FULL,-150,150,150,150,-150,150,-150,150,100
1782682168,0,4096,4096,0,0,0,0,0,0,6144,2073600,2073600,1080,11127,FULL,-150,150,150,150,-150,150,-150,150,100
1782682169,0,4096,4096,0,0,0,0,0,0,8192,2073600,2073600,1080,11127,FULL,-150,150,150,150,-150,150,-150,150,100
1782682170,0,4096,4096,0,0,0,0,0,0,12288,2073600,2073600,1080,11127,FULL,-150,150,150,150,-150,150,-150,150,100
1782682171,0,4096,4096,0,0,0,0,0,0,16384,2073600,2073600,1080,11127,FULL,-150,150,150,150,-150,150,-150,150,100
1782682172,0,4096,4096,0,0,0,0,0,0,24576,2073600,2073600,1080,11127,FULL,-150,150,150,150,-150,150,-150,150,100
1782682181,0,4096,4096,0,0,0,0,0,0,4096,2073600,2073600,1080,11276,FULL,150,150,150,150,-150,150,-150,150,100
1782682182,0,4096,4096,0,0,0,0,0,0,6144,2073600,2073600,1080,11279,FULL,150,150,150,150,-150,150,-150,150,100
1782682183,0,4096,4096,0,0,0,0,0,0,8192,2073600,2073600,1080,11301,FULL,150,150,150,150,-150,150,-150,150,100
1782682184,0,4096,4096,0,0,0,0,0,0,12288,2073600,2073600,1080,11280,FULL,150,150,150,150,-150,150,-150,150,100
1782682185,0,4096,4096,0,0,0,0,0,0,16384,2073600,2073600,1080,11273,FULL,150,150,150,150,-150,150,-150,150,100
1782682187,0,4096,4096,0,0,0,0,0,0,24576,2073600,2073600,1080,11279,FULL,150,150,150,150,-150,150,-150,150,100
1782682196,0,4096,4096,0,0,0,0,0,0,4096,2073600,2073600,1080,91,FULL,-150,-150,-150,-150,150,150,-150,150,100
1782682196,0,4096,4096,0,0,0,0,0,0,6144,2073600,2073600,1080,11127,FULL,-150,-150,-150,-150,150,150,-150,150,100
1782682197,0,4096,4096,0,0,0,0,0,0,8192,2073600,2073600,1080,11127,FULL,-150,-150,-150,-150,150,150,-150,150,100
1782682198,0,4096,4096,0,0,0,0,0,0,12288,2073600,2073600,1080,11127,FULL,-150,-150,-150,-150,150,150,-150,150,100
1782682200,0,4096,4096,0,0,0,0,0,0,16384,2073600,2073600,1080,11127,FULL,-150,-150,-150,-150,150,150,-150,150,100
1782682201,0,4096,4096,0,0,0,0,0,0,24576,2073600,2073600,1080,11127,FULL,-150,-150,-150,-150,150,150,-150,150,100
1782682210,0,4096,4096,0,0,0,0,0,0,4096,2073600,2073600,1080,11127,FULL,150,-150,-150,-150,150,150,-150,150,100
1782682211,0,4096,4096,0,0,0,0,0,0,6144,2073600,2073600,1080,11127,FULL,150,-150,-150,-150,150,150,-150,150,100
1782682212,0,4096,4096,0,0,0,0,0,0,8192,2073600,2073600,1080,11127,FULL,150,-150,-150,-150,150,150,-150,150,100
1782682213,0,4096,4096,0,0,0,0,0,0,12288,2073600,2073600,1080,11127,FULL,150,-150,-150,-150,150,150,-150,150,100
1782682214,0,4096,4096,0,0,0,0,0,0,16384,2073600,2073600,1080,11127,FULL,150,-150,-150,-150,150,150,-150,150,100
1782682215,0,4096,4096,0,0,0,0,0,0,24576,2073600,2073600,1080,11127,FULL,150,-150,-150,-150,150,150,-150,150,100
1782682224,0,4096,4096,0,0,0,0,0,0,4096,2073600,2073600,1080,11127,FULL,-150,150,-150,-150,150,150,-150,150,100
1782682225,0,4096,4096,0,0,0,0,0,0,6144,2073600,2073600,1080,11127,FULL,-150,150,-150,-150,150,150,-150,150,100
1782682226,0,4096,4096,0,0,0,0,0,0,8192,2073600,2073600,1080,11127,FULL,-150,150,-150,-150,150,150,-150,150,100
1782682227,0,4096,4096,0,0,0,0,0,0,12288,2073600,2073600,1080,11127,FULL,-150,150,-150,-150,150,150,-150,150,100
1782682228,0,4096,4096,0,0,0,0,0,0,16384,2073600,2073600,1080,11127,FULL,-150,150,-150,-150,150,150,-150,150,100
1782682229,0,4096,4096,0,0,0,0,0,0,24576,537243,2073600,280,44408,short,-150,150,-150,-150,150,150,-150,150,100
1782682238,0,4096,4096,0,0,0,0,0,0,4096,2073600,2073600,1080,11278,FULL,150,150,-150,-150,150,150,-150,150,100
1782682239,0,4096,4096,0,0,0,0,0,0,6144,2073600,2073600,1080,11300,FULL,150,150,-150,-150,150,150,-150,150,100
1782682240,0,4096,4096,0,0,0,0,0,0,8192,2073600,2073600,1080,11285,FULL,150,150,-150,-150,150,150,-150,150,100
1782682241,0,4096,4096,0,0,0,0,0,0,12288,2073600,2073600,1080,11279,FULL,150,150,-150,-150,150,150,-150,150,100
1782682242,0,4096,4096,0,0,0,0,0,0,16384,2073600,2073600,1080,11275,FULL,150,150,-150,-150,150,150,-150,150,100
1782682244,0,4096,4096,0,0,0,0,0,0,24576,2073600,2073600,1080,11307,FULL,150,150,-150,-150,150,150,-150,150,100
1782682252,0,4096,4096,0,0,0,0,0,0,4096,2073600,2073600,1080,11127,FULL,-150,-150,150,-150,150,150,-150,150,100
1782682253,0,4096,4096,0,0,0,0,0,0,6144,2073600,2073600,1080,11127,FULL,-150,-150,150,-150,150,150,-150,150,100
1782682254,0,4096,4096,0,0,0,0,0,0,8192,2073600,2073600,1080,11127,FULL,-150,-150,150,-150,150,150,-150,150,100
1782682255,0,4096,4096,0,0,0,0,0,0,12288,2073600,2073600,1080,11127,FULL,-150,-150,150,-150,150,150,-150,150,100
1782682256,0,4096,4096,0,0,0,0,0,0,16384,2073600,2073600,1080,11127,FULL,-150,-150,150,-150,150,150,-150,150,100
1782682258,0,4096,4096,0,0,0,0,0,0,24576,2073600,2073600,1080,11127,FULL,-150,-150,150,-150,150,150,-150,150,100
1782682267,0,4096,4096,0,0,0,0,0,0,4096,2073600,2073600,1080,11127,FULL,150,-150,150,-150,150,150,-150,150,100
1782682267,0,4096,4096,0,0,0,0,0,0,6144,2073600,2073600,1080,11127,FULL,150,-150,150,-150,150,150,-150,150,100
1782682268,0,4096,4096,0,0,0,0,0,0,8192,2073600,2073600,1080,11127,FULL,150,-150,150,-150,150,150,-150,150,100
1782682269,0,4096,4096,0,0,0,0,0,0,12288,2073600,2073600,1080,11127,FULL,150,-150,150,-150,150,150,-150,150,100
1782682271,0,4096,4096,0,0,0,0,0,0,16384,2073600,2073600,1080,11127,FULL,150,-150,150,-150,150,150,-150,150,100
1782682272,0,4096,4096,0,0,0,0,0,0,24576,2073600,2073600,1080,11127,FULL,150,-150,150,-150,150,150,-150,150,100
1782682281,0,4096,4096,0,0,0,0,0,0,4096,2073600,2073600,1080,11127,FULL,-150,150,150,-150,150,150,-150,150,100
1782682282,0,4096,4096,0,0,0,0,0,0,6144,2073600,2073600,1080,11127,FULL,-150,150,150,-150,150,150,-150,150,100
1782682283,0,4096,4096,0,0,0,0,0,0,8192,2073600,2073600,1080,11127,FULL,-150,150,150,-150,150,150,-150,150,100
1782682284,0,4096,4096,0,0,0,0,0,0,12288,2073600,2073600,1080,11127,FULL,-150,150,150,-150,150,150,-150,150,100
1782682285,0,4096,4096,0,0,0,0,0,0,16384,2073600,2073600,1080,11127,FULL,-150,150,150,-150,150,150,-150,150,100
1782682286,0,4096,4096,0,0,0,0,0,0,24576,2073600,2073600,1080,11127,FULL,-150,150,150,-150,150,150,-150,150,100
1782682295,0,4096,4096,0,0,0,0,0,0,4096,2073600,2073600,1080,11278,FULL,150,150,150,-150,150,150,-150,150,100
1782682296,0,4096,4096,0,0,0,0,0,0,6144,2073600,2073600,1080,11296,FULL,150,150,150,-150,150,150,-150,150,100
1782682297,0,4096,4096,0,0,0,0,0,0,8192,2073600,2073600,1080,11278,FULL,150,150,150,-150,150,150,-150,150,100
1782682298,0,4096,4096,0,0,0,0,0,0,12288,2073600,2073600,1080,11275,FULL,150,150,150,-150,150,150,-150,150,100
1782682299,0,4096,4096,0,0,0,0,0,0,16384,2073600,2073600,1080,11273,FULL,150,150,150,-150,150,150,-150,150,100
1782682300,0,4096,4096,0,0,0,0,0,0,24576,2073600,2073600,1080,11280,FULL,150,150,150,-150,150,150,-150,150,100
1782682309,0,4096,4096,0,0,0,0,0,0,4096,2073600,2073600,1080,11127,FULL,-150,-150,-150,150,150,150,-150,150,100
1782682310,0,4096,4096,0,0,0,0,0,0,6144,2073600,2073600,1080,11127,FULL,-150,-150,-150,150,150,150,-150,150,100
1782682311,0,4096,4096,0,0,0,0,0,0,8192,2073600,2073600,1080,11127,FULL,-150,-150,-150,150,150,150,-150,150,100
1782682312,0,4096,4096,0,0,0,0,0,0,12288,2073600,2073600,1080,11127,FULL,-150,-150,-150,150,150,150,-150,150,100
1782682313,0,4096,4096,0,0,0,0,0,0,16384,2073600,2073600,1080,11127,FULL,-150,-150,-150,150,150,150,-150,150,100
1782682315,0,4096,4096,0,0,0,0,0,0,24576,2073600,2073600,1080,11127,FULL,-150,-150,-150,150,150,150,-150,150,100
1782682323,0,4096,4096,0,0,0,0,0,0,4096,2073600,2073600,1080,11127,FULL,150,-150,-150,150,150,150,-150,150,100
1782682324,0,4096,4096,0,0,0,0,0,0,6144,2073600,2073600,1080,11127,FULL,150,-150,-150,150,150,150,-150,150,100
1782682325,0,4096,4096,0,0,0,0,0,0,8192,2073600,2073600,1080,11127,FULL,150,-150,-150,150,150,150,-150,150,100
1782682326,0,4096,4096,0,0,0,0,0,0,12288,2073600,2073600,1080,11127,FULL,150,-150,-150,150,150,150,-150,150,100
1782682328,0,4096,4096,0,0,0,0,0,0,16384,2073600,2073600,1080,11127,FULL,150,-150,-150,150,150,150,-150,150,100
1782682329,0,4096,4096,0,0,0,0,0,0,24576,2073600,2073600,1080,11127,FULL,150,-150,-150,150,150,150,-150,150,100
1782682338,0,4096,4096,0,0,0,0,0,0,4096,2073600,2073600,1080,11127,FULL,-150,150,-150,150,150,150,-150,150,100
1782682339,0,4096,4096,0,0,0,0,0,0,6144,2073600,2073600,1080,11127,FULL,-150,150,-150,150,150,150,-150,150,100
1782682340,0,4096,4096,0,0,0,0,0,0,8192,2073600,2073600,1080,11127,FULL,-150,150,-150,150,150,150,-150,150,100
1782682341,0,4096,4096,0,0,0,0,0,0,12288,2073600,2073600,1080,11127,FULL,-150,150,-150,150,150,150,-150,150,100
1782682342,0,4096,4096,0,0,0,0,0,0,16384,2073600,2073600,1080,11127,FULL,-150,150,-150,150,150,150,-150,150,100
1782682343,0,4096,4096,0,0,0,0,0,0,24576,2073600,2073600,1080,11127,FULL,-150,150,-150,150,150,150,-150,150,100
1782682352,0,4096,4096,0,0,0,0,0,0,4096,2073600,2073600,1080,11294,FULL,150,150,-150,150,150,150,-150,150,100
1782682353,0,4096,4096,0,0,0,0,0,0,6144,2073600,2073600,1080,11274,FULL,150,150,-150,150,150,150,-150,150,100
1782682354,0,4096,4096,0,0,0,0,0,0,8192,2073600,2073600,1080,11283,FULL,150,150,-150,150,150,150,-150,150,100
1782682355,0,4096,4096,0,0,0,0,0,0,12288,2073600,2073600,1080,11274,FULL,150,150,-150,150,150,150,-150,150,100
1782682356,0,4096,4096,0,0,0,0,0,0,16384,2073600,2073600,1080,11297,FULL,150,150,-150,150,150,150,-150,150,100
1782682357,0,4096,4096,0,0,0,0,0,0,24576,2073600,2073600,1080,11282,FULL,150,150,-150,150,150,150,-150,150,100
1782682366,0,4096,4096,0,0,0,0,0,0,4096,2073600,2073600,1080,11127,FULL,-150,-150,150,150,150,150,-150,150,100
1782682367,0,4096,4096,0,0,0,0,0,0,6144,2073600,2073600,1080,11127,FULL,-150,-150,150,150,150,150,-150,150,100
1782682368,0,4096,4096,0,0,0,0,0,0,8192,2073600,2073600,1080,11127,FULL,-150,-150,150,150,150,150,-150,150,100
1782682369,0,4096,4096,0,0,0,0,0,0,12288,2073600,2073600,1080,11127,FULL,-150,-150,150,150,150,150,-150,150,100
1782682370,0,4096,4096,0,0,0,0,0,0,16384,2073600,2073600,1080,11127,FULL,-150,-150,150,150,150,150,-150,150,100
1782682372,0,4096,4096,0,0,0,0,0,0,24576,2073600,2073600,1080,11127,FULL,-150,-150,150,150,150,150,-150,150,100
1782682380,0,4096,4096,0,0,0,0,0,0,4096,2073600,2073600,1080,11127,FULL,150,-150,150,150,150,150,-150,150,100
1782682381,0,4096,4096,0,0,0,0,0,0,6144,2073600,2073600,1080,11127,FULL,150,-150,150,150,150,150,-150,150,100
1782682382,0,4096,4096,0,0,0,0,0,0,8192,2073600,2073600,1080,11127,FULL,150,-150,150,150,150,150,-150,150,100
1782682383,0,4096,4096,0,0,0,0,0,0,12288,2073600,2073600,1080,11127,FULL,150,-150,150,150,150,150,-150,150,100
1782682384,0,4096,4096,0,0,0,0,0,0,16384,2073600,2073600,1080,11127,FULL,150,-150,150,150,150,150,-150,150,100
1782682386,0,4096,4096,0,0,0,0,0,0,24576,2073600,2073600,1080,11127,FULL,150,-150,150,150,150,150,-150,150,100
1782682394,0,4096,4096,0,0,0,0,0,0,4096,2073600,2073600,1080,11127,FULL,-150,150,150,150,150,150,-150,150,100
1782682395,0,4096,4096,0,0,0,0,0,0,6144,2073600,2073600,1080,11127,FULL,-150,150,150,150,150,150,-150,150,100
1782682396,0,4096,4096,0,0,0,0,0,0,8192,2073600,2073600,1080,11127,FULL,-150,150,150,150,150,150,-150,150,100
1782682397,0,4096,4096,0,0,0,0,0,0,12288,2073600,2073600,1080,11127,FULL,-150,150,150,150,150,150,-150,150,100
1782682399,0,4096,4096,0,0,0,0,0,0,16384,2073600,2073600,1080,11127,FULL,-150,150,150,150,150,150,-150,150,100
1782682400,0,4096,4096,0,0,0,0,0,0,24576,2073600,2073600,1080,11127,FULL,-150,150,150,150,150,150,-150,150,100
1782682409,0,4096,4096,0,0,0,0,0,0,4096,2073600,2073600,1080,11283,FULL,150,150,150,150,150,150,-150,150,100
1782682410,0,4096,4096,0,0,0,0,0,0,6144,2073600,2073600,1080,11285,FULL,150,150,150,150,150,150,-150,150,100
1782682411,0,4096,4096,0,0,0,0,0,0,8192,2073600,2073600,1080,11300,FULL,150,150,150,150,150,150,-150,150,100
1782682412,0,4096,4096,0,0,0,0,0,0,12288,2073600,2073600,1080,11296,FULL,150,150,150,150,150,150,-150,150,100
1782682413,0,4096,4096,0,0,0,0,0,0,16384,2073600,2073600,1080,11282,FULL,150,150,150,150,150,150,-150,150,100
1782682414,0,4096,4096,0,0,0,0,0,0,24576,2073600,2073600,1080,11277,FULL,150,150,150,150,150,150,-150,150,100
1782682423,0,4096,4096,0,0,0,0,0,0,4096,2073600,2073600,1080,11127,FULL,-150,-150,-150,-150,-150,-150,150,150,100
1782682424,0,4096,4096,0,0,0,0,0,0,6144,2073600,2073600,1080,11127,FULL,-150,-150,-150,-150,-150,-150,150,150,100
1782682425,0,4096,4096,0,0,0,0,0,0,8192,2073600,2073600,1080,11127,FULL,-150,-150,-150,-150,-150,-150,150,150,100
1782682426,0,4096,4096,0,0,0,0,0,0,12288,2073600,2073600,1080,11127,FULL,-150,-150,-150,-150,-150,-150,150,150,100
1782682427,0,4096,4096,0,0,0,0,0,0,16384,663797,2073600,346,32069,short,-150,-150,-150,-150,-150,-150,150,150,100
1782682428,0,4096,4096,0,0,0,0,0,0,24576,663797,2073600,345,29782,short,-150,-150,-150,-150,-150,-150,150,150,100
1782682437,0,4096,4096,0,0,0,0,0,0,4096,2073600,2073600,1080,11127,FULL,150,-150,-150,-150,-150,-150,150,150,100
1782682438,0,4096,4096,0,0,0,0,0,0,6144,2073600,2073600,1080,11127,FULL,150,-150,-150,-150,-150,-150,150,150,100
1782682439,0,4096,4096,0,0,0,0,0,0,8192,2073600,2073600,1080,11127,FULL,150,-150,-150,-150,-150,-150,150,150,100
1782682440,0,4096,4096,0,0,0,0,0,0,12288,2073600,2073600,1080,11127,FULL,150,-150,-150,-150,-150,-150,150,150,100
1782682441,0,4096,4096,0,0,0,0,0,0,16384,2073600,2073600,1080,0,FULL,150,-150,-150,-150,-150,-150,150,150,100
1782682443,0,4096,4096,0,0,0,0,0,0,24576,690321,2073600,359,7531,short,150,-150,-150,-150,-150,-150,150,150,100
1782682451,0,4096,4096,0,0,0,0,0,0,4096,565633,2073600,294,16197,short,-150,150,-150,-150,-150,-150,150,150,100
1782682452,0,4096,4096,0,0,0,0,0,0,6144,564783,2073600,294,13675,short,-150,150,-150,-150,-150,-150,150,150,100
1782682453,0,4096,4096,0,0,0,0,0,0,8192,565441,2073600,294,15384,short,-150,150,-150,-150,-150,-150,150,150,100
1782682454,0,4096,4096,0,0,0,0,0,0,12288,565288,2073600,294,14640,short,-150,150,-150,-150,-150,-150,150,150,100
1782682455,0,4096,4096,0,0,0,0,0,0,16384,565341,2073600,294,18695,short,-150,150,-150,-150,-150,-150,150,150,100
1782682457,0,4096,4096,0,0,0,0,0,0,24576,533922,2073600,294,19893,short,-150,150,-150,-150,-150,-150,150,150,100
1782682466,0,4096,4096,0,0,0,0,0,0,4096,596748,2073600,311,45032,short,150,150,-150,-150,-150,-150,150,150,100
1782682466,0,4096,4096,0,0,0,0,0,0,6144,596854,2073600,311,49046,short,150,150,-150,-150,-150,-150,150,150,100
1782682467,0,4096,4096,0,0,0,0,0,0,8192,596927,2073600,311,46949,short,150,150,-150,-150,-150,-150,150,150,100
1782682468,0,4096,4096,0,0,0,0,0,0,12288,596773,2073600,311,44895,short,150,150,-150,-150,-150,-150,150,150,100
1782682470,0,4096,4096,0,0,0,0,0,0,16384,596748,2073600,311,44202,short,150,150,-150,-150,-150,-150,150,150,100
1782682471,0,4096,4096,0,0,0,0,0,0,24576,596865,2073600,311,43088,short,150,150,-150,-150,-150,-150,150,150,100
1782682480,0,4096,4096,0,0,0,0,0,0,4096,842376,2073600,438,47897,short,-150,-150,150,-150,-150,-150,150,150,100
1782682481,0,4096,4096,0,0,0,0,0,0,6144,842376,2073600,438,46725,short,-150,-150,150,-150,-150,-150,150,150,100
1782682482,0,4096,4096,0,0,0,0,0,0,8192,842262,2073600,438,48866,short,-150,-150,150,-150,-150,-150,150,150,100
1782682483,0,4096,4096,0,0,0,0,0,0,12288,842131,2073600,438,47263,short,-150,-150,150,-150,-150,-150,150,150,100
1782682484,0,4096,4096,0,0,0,0,0,0,16384,842391,2073600,438,45237,short,-150,-150,150,-150,-150,-150,150,150,100
1782682485,0,4096,4096,0,0,0,0,0,0,24576,842287,2073600,438,48314,short,-150,-150,150,-150,-150,-150,150,150,100
1782682494,0,4096,4096,0,0,0,0,0,0,4096,865825,2073600,450,17640,short,150,-150,150,-150,-150,-150,150,150,100
1782682495,0,4096,4096,0,0,0,0,0,0,6144,865857,2073600,450,21724,short,150,-150,150,-150,-150,-150,150,150,100
1782682496,0,4096,4096,0,0,0,0,0,0,8192,865857,2073600,450,20337,short,150,-150,150,-150,-150,-150,150,150,100
1782682497,0,4096,4096,0,0,0,0,0,0,12288,865902,2073600,450,18965,short,150,-150,150,-150,-150,-150,150,150,100
1782682498,0,4096,4096,0,0,0,0,0,0,16384,865743,2073600,450,21372,short,150,-150,150,-150,-150,-150,150,150,100
1782682499,0,4096,4096,0,0,0,0,0,0,24576,865989,2073600,451,19131,short,150,-150,150,-150,-150,-150,150,150,100
1782682508,0,4096,4096,0,0,0,0,0,0,4096,757550,2073600,394,7604,short,-150,150,150,-150,-150,-150,150,150,100
1782682509,0,4096,4096,0,0,0,0,0,0,6144,757616,2073600,394,3089,short,-150,150,150,-150,-150,-150,150,150,100
1782682510,0,4096,4096,0,0,0,0,0,0,8192,757407,2073600,394,8788,short,-150,150,150,-150,-150,-150,150,150,100
1782682511,0,4096,4096,0,0,0,0,0,0,12288,1858133,2073600,967,37698,short,-150,150,150,-150,-150,-150,150,150,100
1782682512,0,4096,4096,0,0,0,0,0,0,16384,757481,2073600,394,963,short,-150,150,150,-150,-150,-150,150,150,100
1782682514,0,4096,4096,0,0,0,0,0,0,24576,757407,2073600,394,4810,short,-150,150,150,-150,-150,-150,150,150,100
1782682522,0,4096,4096,0,0,0,0,0,0,4096,773691,2073600,403,52491,short,150,150,150,-150,-150,-150,150,150,100
1782682523,0,4096,4096,0,0,0,0,0,0,6144,773719,2073600,403,53009,short,150,150,150,-150,-150,-150,150,150,100
1782682524,0,4096,4096,0,0,0,0,0,0,8192,773705,2073600,403,51214,short,150,150,150,-150,-150,-150,150,150,100
1782682525,0,4096,4096,0,0,0,0,0,0,12288,773648,2073600,403,51940,short,150,150,150,-150,-150,-150,150,150,100
1782682526,0,4096,4096,0,0,0,0,0,0,16384,773586,2073600,402,54811,short,150,150,150,-150,-150,-150,150,150,100
1782682528,0,4096,4096,0,0,0,0,0,0,24576,773617,2073600,403,51609,short,150,150,150,-150,-150,-150,150,150,100
1782682537,0,4096,4096,0,0,0,0,0,0,4096,2073600,2073600,1080,11127,FULL,-150,-150,-150,150,-150,-150,150,150,100
1782682538,0,4096,4096,0,0,0,0,0,0,6144,2073600,2073600,1080,11127,FULL,-150,-150,-150,150,-150,-150,150,150,100
1782682539,0,4096,4096,0,0,0,0,0,0,8192,2073600,2073600,1080,11127,FULL,-150,-150,-150,150,-150,-150,150,150,100
1782682540,0,4096,4096,0,0,0,0,0,0,12288,2073600,2073600,1080,11127,FULL,-150,-150,-150,150,-150,-150,150,150,100
1782682541,0,4096,4096,0,0,0,0,0,0,16384,2073600,2073600,1080,11127,FULL,-150,-150,-150,150,-150,-150,150,150,100
1782682542,0,4096,4096,0,0,0,0,0,0,24576,2073600,2073600,1080,11127,FULL,-150,-150,-150,150,-150,-150,150,150,100
1782682551,0,4096,4096,0,0,0,0,0,0,4096,2073600,2073600,1080,11127,FULL,150,-150,-150,150,-150,-150,150,150,100
1782682552,0,4096,4096,0,0,0,0,0,0,6144,2073600,2073600,1080,11127,FULL,150,-150,-150,150,-150,-150,150,150,100
1782682553,0,4096,4096,0,0,0,0,0,0,8192,2073600,2073600,1080,11127,FULL,150,-150,-150,150,-150,-150,150,150,100
1782682554,0,4096,4096,0,0,0,0,0,0,12288,2073600,2073600,1080,11127,FULL,150,-150,-150,150,-150,-150,150,150,100
1782682555,0,4096,4096,0,0,0,0,0,0,16384,2073600,2073600,1080,11127,FULL,150,-150,-150,150,-150,-150,150,150,100
1782682556,0,4096,4096,0,0,0,0,0,0,24576,2073600,2073600,1080,11127,FULL,150,-150,-150,150,-150,-150,150,150,100
1782682565,0,4096,4096,0,0,0,0,0,0,4096,2073600,2073600,1080,11127,FULL,-150,150,-150,150,-150,-150,150,150,100
1782682566,0,4096,4096,0,0,0,0,0,0,6144,2073600,2073600,1080,11127,FULL,-150,150,-150,150,-150,-150,150,150,100
1782682567,0,4096,4096,0,0,0,0,0,0,8192,2073600,2073600,1080,11127,FULL,-150,150,-150,150,-150,-150,150,150,100
1782682568,0,4096,4096,0,0,0,0,0,0,12288,2073600,2073600,1080,11127,FULL,-150,150,-150,150,-150,-150,150,150,100
1782682569,0,4096,4096,0,0,0,0,0,0,16384,2073600,2073600,1080,11127,FULL,-150,150,-150,150,-150,-150,150,150,100
1782682570,0,4096,4096,0,0,0,0,0,0,24576,2073600,2073600,1080,11127,FULL,-150,150,-150,150,-150,-150,150,150,100
1782682579,0,4096,4096,0,0,0,0,0,0,4096,2073600,2073600,1080,11489,FULL,150,150,-150,150,-150,-150,150,150,100
1782682580,0,4096,4096,0,0,0,0,0,0,6144,2073600,2073600,1080,11478,FULL,150,150,-150,150,-150,-150,150,150,100
1782682581,0,4096,4096,0,0,0,0,0,0,8192,2073600,2073600,1080,11496,FULL,150,150,-150,150,-150,-150,150,150,100
1782682582,0,4096,4096,0,0,0,0,0,0,12288,2073600,2073600,1080,11480,FULL,150,150,-150,150,-150,-150,150,150,100
1782682583,0,4096,4096,0,0,0,0,0,0,16384,2073600,2073600,1080,11478,FULL,150,150,-150,150,-150,-150,150,150,100
1782682585,0,4096,4096,0,0,0,0,0,0,24576,2073600,2073600,1080,11492,FULL,150,150,-150,150,-150,-150,150,150,100
1782682593,0,4096,4096,0,0,0,0,0,0,4096,2073600,2073600,1080,11127,FULL,-150,-150,150,150,-150,-150,150,150,100
1782682594,0,4096,4096,0,0,0,0,0,0,6144,2073600,2073600,1080,11127,FULL,-150,-150,150,150,-150,-150,150,150,100
1782682595,0,4096,4096,0,0,0,0,0,0,8192,2073600,2073600,1080,11127,FULL,-150,-150,150,150,-150,-150,150,150,100
1782682596,0,4096,4096,0,0,0,0,0,0,12288,2073600,2073600,1080,11127,FULL,-150,-150,150,150,-150,-150,150,150,100
1782682597,0,4096,4096,0,0,0,0,0,0,16384,2073600,2073600,1080,11127,FULL,-150,-150,150,150,-150,-150,150,150,100
1782682599,0,4096,4096,0,0,0,0,0,0,24576,2073600,2073600,1080,11127,FULL,-150,-150,150,150,-150,-150,150,150,100
1782682608,0,4096,4096,0,0,0,0,0,0,4096,2073600,2073600,1080,11127,FULL,150,-150,150,150,-150,-150,150,150,100
1782682609,0,4096,4096,0,0,0,0,0,0,6144,2073600,2073600,1080,11127,FULL,150,-150,150,150,-150,-150,150,150,100
1782682610,0,4096,4096,0,0,0,0,0,0,8192,2073600,2073600,1080,11127,FULL,150,-150,150,150,-150,-150,150,150,100
1782682611,0,4096,4096,0,0,0,0,0,0,12288,2073600,2073600,1080,11127,FULL,150,-150,150,150,-150,-150,150,150,100
1782682612,0,4096,4096,0,0,0,0,0,0,16384,2073600,2073600,1080,11127,FULL,150,-150,150,150,-150,-150,150,150,100
1782682613,0,4096,4096,0,0,0,0,0,0,24576,2073600,2073600,1080,11127,FULL,150,-150,150,150,-150,-150,150,150,100
1782682622,0,4096,4096,0,0,0,0,0,0,4096,2073600,2073600,1080,11127,FULL,-150,150,150,150,-150,-150,150,150,100
1782682623,0,4096,4096,0,0,0,0,0,0,6144,2073600,2073600,1080,11127,FULL,-150,150,150,150,-150,-150,150,150,100
1782682624,0,4096,4096,0,0,0,0,0,0,8192,2073600,2073600,1080,11127,FULL,-150,150,150,150,-150,-150,150,150,100
1782682625,0,4096,4096,0,0,0,0,0,0,12288,2073600,2073600,1080,11127,FULL,-150,150,150,150,-150,-150,150,150,100
1782682626,0,4096,4096,0,0,0,0,0,0,16384,2073600,2073600,1080,11127,FULL,-150,150,150,150,-150,-150,150,150,100
1782682627,0,4096,4096,0,0,0,0,0,0,24576,2073600,2073600,1080,11127,FULL,-150,150,150,150,-150,-150,150,150,100
1782682636,0,4096,4096,0,0,0,0,0,0,4096,2073600,2073600,1080,11278,FULL,150,150,150,150,-150,-150,150,150,100
1782682637,0,4096,4096,0,0,0,0,0,0,6144,2073600,2073600,1080,11277,FULL,150,150,150,150,-150,-150,150,150,100
1782682638,0,4096,4096,0,0,0,0,0,0,8192,2073600,2073600,1080,11292,FULL,150,150,150,150,-150,-150,150,150,100
1782682639,0,4096,4096,0,0,0,0,0,0,12288,2073600,2073600,1080,11288,FULL,150,150,150,150,-150,-150,150,150,100
1782682640,0,4096,4096,0,0,0,0,0,0,16384,2073600,2073600,1080,11277,FULL,150,150,150,150,-150,-150,150,150,100
1782682642,0,4096,4096,0,0,0,0,0,0,24576,503228,2073600,262,7547,short,150,150,150,150,-150,-150,150,150,100
1782682650,0,4096,4096,0,0,0,0,0,0,4096,683390,2073600,356,12822,short,-150,-150,-150,-150,150,-150,150,150,100
1782682651,0,4096,4096,0,0,0,0,0,0,6144,2073600,2073600,1080,11127,FULL,-150,-150,-150,-150,150,-150,150,150,100
1782682652,0,4096,4096,0,0,0,0,0,0,8192,2073600,2073600,1080,11127,FULL,-150,-150,-150,-150,150,-150,150,150,100
1782682653,0,4096,4096,0,0,0,0,0,0,12288,2073600,2073600,1080,11127,FULL,-150,-150,-150,-150,150,-150,150,150,100
1782682654,0,4096,4096,0,0,0,0,0,0,16384,683346,2073600,356,14404,short,-150,-150,-150,-150,150,-150,150,150,100
1782682656,0,4096,4096,0,0,0,0,0,0,24576,683434,2073600,356,13559,short,-150,-150,-150,-150,150,-150,150,150,100
1782682665,0,4096,4096,0,0,0,0,0,0,4096,2073600,2073600,1080,11127,FULL,150,-150,-150,-150,150,-150,150,150,100
1782682665,0,4096,4096,0,0,0,0,0,0,6144,2073600,2073600,1080,11127,FULL,150,-150,-150,-150,150,-150,150,150,100
1782682666,0,4096,4096,0,0,0,0,0,0,8192,2073600,2073600,1080,11127,FULL,150,-150,-150,-150,150,-150,150,150,100
1782682667,0,4096,4096,0,0,0,0,0,0,12288,2073600,2073600,1080,11127,FULL,150,-150,-150,-150,150,-150,150,150,100
1782682669,0,4096,4096,0,0,0,0,0,0,16384,2073600,2073600,1080,11127,FULL,150,-150,-150,-150,150,-150,150,150,100
1782682670,0,4096,4096,0,0,0,0,0,0,24576,2073600,2073600,1080,11127,FULL,150,-150,-150,-150,150,-150,150,150,100
1782682679,0,4096,4096,0,0,0,0,0,0,4096,2073600,2073600,1080,11127,FULL,-150,150,-150,-150,150,-150,150,150,100
1782682680,0,4096,4096,0,0,0,0,0,0,6144,2073600,2073600,1080,11127,FULL,-150,150,-150,-150,150,-150,150,150,100
1782682681,0,4096,4096,0,0,0,0,0,0,8192,2073600,2073600,1080,11127,FULL,-150,150,-150,-150,150,-150,150,150,100
1782682682,0,4096,4096,0,0,0,0,0,0,12288,512573,2073600,267,10921,short,-150,150,-150,-150,150,-150,150,150,100
1782682683,0,4096,4096,0,0,0,0,0,0,16384,512699,2073600,267,11588,short,-150,150,-150,-150,150,-150,150,150,100
1782682684,0,4096,4096,0,0,0,0,0,0,24576,512549,2073600,267,8448,short,-150,150,-150,-150,150,-150,150,150,100
1782682693,0,4096,4096,0,0,0,0,0,0,4096,2073600,2073600,1080,11272,FULL,150,150,-150,-150,150,-150,150,150,100
1782682694,0,4096,4096,0,0,0,0,0,0,6144,2073600,2073600,1080,11276,FULL,150,150,-150,-150,150,-150,150,150,100
1782682695,0,4096,4096,0,0,0,0,0,0,8192,2073600,2073600,1080,11275,FULL,150,150,-150,-150,150,-150,150,150,100
1782682696,0,4096,4096,0,0,0,0,0,0,12288,2073600,2073600,1080,11292,FULL,150,150,-150,-150,150,-150,150,150,100
1782682697,0,4096,4096,0,0,0,0,0,0,16384,571998,2073600,298,12766,short,150,150,-150,-150,150,-150,150,150,100
1782682698,0,4096,4096,0,0,0,0,0,0,24576,571958,2073600,298,11179,short,150,150,-150,-150,150,-150,150,150,100
1782682707,0,4096,4096,0,0,0,0,0,0,4096,2073600,2073600,1080,11127,FULL,-150,-150,150,-150,150,-150,150,150,100
1782682708,0,4096,4096,0,0,0,0,0,0,6144,2073600,2073600,1080,11127,FULL,-150,-150,150,-150,150,-150,150,150,100
1782682709,0,4096,4096,0,0,0,0,0,0,8192,2073600,2073600,1080,11127,FULL,-150,-150,150,-150,150,-150,150,150,100
1782682710,0,4096,4096,0,0,0,0,0,0,12288,2073600,2073600,1080,11127,FULL,-150,-150,150,-150,150,-150,150,150,100
1782682711,0,4096,4096,0,0,0,0,0,0,16384,2073600,2073600,1080,11127,FULL,-150,-150,150,-150,150,-150,150,150,100
1782682713,0,4096,4096,0,0,0,0,0,0,24576,2073600,2073600,1080,11127,FULL,-150,-150,150,-150,150,-150,150,150,100
1782682721,0,4096,4096,0,0,0,0,0,0,4096,2073600,2073600,1080,11127,FULL,150,-150,150,-150,150,-150,150,150,100
1782682722,0,4096,4096,0,0,0,0,0,0,6144,2073600,2073600,1080,11127,FULL,150,-150,150,-150,150,-150,150,150,100
1782682723,0,4096,4096,0,0,0,0,0,0,8192,2073600,2073600,1080,11127,FULL,150,-150,150,-150,150,-150,150,150,100
1782682724,0,4096,4096,0,0,0,0,0,0,12288,2073600,2073600,1080,11127,FULL,150,-150,150,-150,150,-150,150,150,100
1782682725,0,4096,4096,0,0,0,0,0,0,16384,2073600,2073600,1080,11127,FULL,150,-150,150,-150,150,-150,150,150,100
1782682727,0,4096,4096,0,0,0,0,0,0,24576,2073600,2073600,1080,11127,FULL,150,-150,150,-150,150,-150,150,150,100
1782682736,0,4096,4096,0,0,0,0,0,0,4096,2073600,2073600,1080,11127,FULL,-150,150,150,-150,150,-150,150,150,100
1782682737,0,4096,4096,0,0,0,0,0,0,6144,2073600,2073600,1080,11127,FULL,-150,150,150,-150,150,-150,150,150,100
1782682737,0,4096,4096,0,0,0,0,0,0,8192,2073600,2073600,1080,11127,FULL,-150,150,150,-150,150,-150,150,150,100
1782682739,0,4096,4096,0,0,0,0,0,0,12288,2073600,2073600,1080,11127,FULL,-150,150,150,-150,150,-150,150,150,100
1782682740,0,4096,4096,0,0,0,0,0,0,16384,2073600,2073600,1080,11127,FULL,-150,150,150,-150,150,-150,150,150,100
1782682741,0,4096,4096,0,0,0,0,0,0,24576,2073600,2073600,1080,11127,FULL,-150,150,150,-150,150,-150,150,150,100
1782682750,0,4096,4096,0,0,0,0,0,0,4096,2073600,2073600,1080,11283,FULL,150,150,150,-150,150,-150,150,150,100
1782682751,0,4096,4096,0,0,0,0,0,0,6144,2073600,2073600,1080,11275,FULL,150,150,150,-150,150,-150,150,150,100
1782682752,0,4096,4096,0,0,0,0,0,0,8192,2073600,2073600,1080,11272,FULL,150,150,150,-150,150,-150,150,150,100
1782682753,0,4096,4096,0,0,0,0,0,0,12288,2073600,2073600,1080,11279,FULL,150,150,150,-150,150,-150,150,150,100
1782682754,0,4096,4096,0,0,0,0,0,0,16384,2073600,2073600,1080,11277,FULL,150,150,150,-150,150,-150,150,150,100
1782682755,0,4096,4096,0,0,0,0,0,0,24576,2073600,2073600,1080,11277,FULL,150,150,150,-150,150,-150,150,150,100
1782682764,0,4096,4096,0,0,0,0,0,0,4096,2073600,2073600,1080,11127,FULL,-150,-150,-150,150,150,-150,150,150,100
1782682765,0,4096,4096,0,0,0,0,0,0,6144,2073600,2073600,1080,11127,FULL,-150,-150,-150,150,150,-150,150,150,100
1782682766,0,4096,4096,0,0,0,0,0,0,8192,2073600,2073600,1080,11127,FULL,-150,-150,-150,150,150,-150,150,150,100
1782682767,0,4096,4096,0,0,0,0,0,0,12288,2073600,2073600,1080,11127,FULL,-150,-150,-150,150,150,-150,150,150,100
1782682768,0,4096,4096,0,0,0,0,0,0,16384,2073600,2073600,1080,11127,FULL,-150,-150,-150,150,150,-150,150,150,100
1782682769,0,4096,4096,0,0,0,0,0,0,24576,2073600,2073600,1080,11127,FULL,-150,-150,-150,150,150,-150,150,150,100
1782682778,0,4096,4096,0,0,0,0,0,0,4096,2073600,2073600,1080,11127,FULL,150,-150,-150,150,150,-150,150,150,100
1782682779,0,4096,4096,0,0,0,0,0,0,6144,2073600,2073600,1080,11127,FULL,150,-150,-150,150,150,-150,150,150,100
1782682780,0,4096,4096,0,0,0,0,0,0,8192,2073600,2073600,1080,11127,FULL,150,-150,-150,150,150,-150,150,150,100
1782682781,0,4096,4096,0,0,0,0,0,0,12288,2073600,2073600,1080,11127,FULL,150,-150,-150,150,150,-150,150,150,100
1782682782,0,4096,4096,0,0,0,0,0,0,16384,2073600,2073600,1080,11127,FULL,150,-150,-150,150,150,-150,150,150,100
1782682784,0,4096,4096,0,0,0,0,0,0,24576,2073600,2073600,1080,11127,FULL,150,-150,-150,150,150,-150,150,150,100
1782682792,0,4096,4096,0,0,0,0,0,0,4096,2073600,2073600,1080,11127,FULL,-150,150,-150,150,150,-150,150,150,100
1782682793,0,4096,4096,0,0,0,0,0,0,6144,2073600,2073600,1080,11127,FULL,-150,150,-150,150,150,-150,150,150,100
1782682794,0,4096,4096,0,0,0,0,0,0,8192,2073600,2073600,1080,11127,FULL,-150,150,-150,150,150,-150,150,150,100
1782682795,0,4096,4096,0,0,0,0,0,0,12288,2073600,2073600,1080,11127,FULL,-150,150,-150,150,150,-150,150,150,100
1782682796,0,4096,4096,0,0,0,0,0,0,16384,2073600,2073600,1080,11127,FULL,-150,150,-150,150,150,-150,150,150,100
1782682798,0,4096,4096,0,0,0,0,0,0,24576,2073600,2073600,1080,11127,FULL,-150,150,-150,150,150,-150,150,150,100
1782682807,0,4096,4096,0,0,0,0,0,0,4096,2073600,2073600,1080,11275,FULL,150,150,-150,150,150,-150,150,150,100
1782682808,0,4096,4096,0,0,0,0,0,0,6144,2073600,2073600,1080,11275,FULL,150,150,-150,150,150,-150,150,150,100
1782682808,0,4096,4096,0,0,0,0,0,0,8192,2073600,2073600,1080,11293,FULL,150,150,-150,150,150,-150,150,150,100
1782682810,0,4096,4096,0,0,0,0,0,0,12288,2073600,2073600,1080,11284,FULL,150,150,-150,150,150,-150,150,150,100
1782682811,0,4096,4096,0,0,0,0,0,0,16384,2073600,2073600,1080,11276,FULL,150,150,-150,150,150,-150,150,150,100
1782682812,0,4096,4096,0,0,0,0,0,0,24576,2073600,2073600,1080,11292,FULL,150,150,-150,150,150,-150,150,150,100
1782682821,0,4096,4096,0,0,0,0,0,0,4096,2073600,2073600,1080,11127,FULL,-150,-150,150,150,150,-150,150,150,100
1782682822,0,4096,4096,0,0,0,0,0,0,6144,2073600,2073600,1080,11127,FULL,-150,-150,150,150,150,-150,150,150,100
1782682823,0,4096,4096,0,0,0,0,0,0,8192,2073600,2073600,1080,11127,FULL,-150,-150,150,150,150,-150,150,150,100
1782682824,0,4096,4096,0,0,0,0,0,0,12288,2073600,2073600,1080,11127,FULL,-150,-150,150,150,150,-150,150,150,100
1782682825,0,4096,4096,0,0,0,0,0,0,16384,2073600,2073600,1080,11127,FULL,-150,-150,150,150,150,-150,150,150,100
1782682826,0,4096,4096,0,0,0,0,0,0,24576,2073600,2073600,1080,11127,FULL,-150,-150,150,150,150,-150,150,150,100
1782682835,0,4096,4096,0,0,0,0,0,0,4096,2073600,2073600,1080,11127,FULL,150,-150,150,150,150,-150,150,150,100
1782682836,0,4096,4096,0,0,0,0,0,0,6144,2073600,2073600,1080,11127,FULL,150,-150,150,150,150,-150,150,150,100
1782682837,0,4096,4096,0,0,0,0,0,0,8192,2073600,2073600,1080,11127,FULL,150,-150,150,150,150,-150,150,150,100
1782682838,0,4096,4096,0,0,0,0,0,0,12288,2073600,2073600,1080,11127,FULL,150,-150,150,150,150,-150,150,150,100
1782682839,0,4096,4096,0,0,0,0,0,0,16384,2073600,2073600,1080,11127,FULL,150,-150,150,150,150,-150,150,150,100
1782682840,0,4096,4096,0,0,0,0,0,0,24576,2073600,2073600,1080,11127,FULL,150,-150,150,150,150,-150,150,150,100
1782682849,0,4096,4096,0,0,0,0,0,0,4096,2073600,2073600,1080,11127,FULL,-150,150,150,150,150,-150,150,150,100
1782682850,0,4096,4096,0,0,0,0,0,0,6144,2073600,2073600,1080,11127,FULL,-150,150,150,150,150,-150,150,150,100
1782682851,0,4096,4096,0,0,0,0,0,0,8192,2073600,2073600,1080,11127,FULL,-150,150,150,150,150,-150,150,150,100
1782682852,0,4096,4096,0,0,0,0,0,0,12288,2073600,2073600,1080,11127,FULL,-150,150,150,150,150,-150,150,150,100
1782682853,0,4096,4096,0,0,0,0,0,0,16384,2073600,2073600,1080,11127,FULL,-150,150,150,150,150,-150,150,150,100
1782682855,0,4096,4096,0,0,0,0,0,0,24576,2073600,2073600,1080,11127,FULL,-150,150,150,150,150,-150,150,150,100
1782682864,0,4096,4096,0,0,0,0,0,0,4096,2073600,2073600,1080,11299,FULL,150,150,150,150,150,-150,150,150,100
1782682864,0,4096,4096,0,0,0,0,0,0,6144,2073600,2073600,1080,11278,FULL,150,150,150,150,150,-150,150,150,100
1782682865,0,4096,4096,0,0,0,0,0,0,8192,2073600,2073600,1080,11274,FULL,150,150,150,150,150,-150,150,150,100
1782682866,0,4096,4096,0,0,0,0,0,0,12288,2073600,2073600,1080,11282,FULL,150,150,150,150,150,-150,150,150,100
1782682868,0,4096,4096,0,0,0,0,0,0,16384,2073600,2073600,1080,11287,FULL,150,150,150,150,150,-150,150,150,100
1782682869,0,4096,4096,0,0,0,0,0,0,24576,2073600,2073600,1080,11283,FULL,150,150,150,150,150,-150,150,150,100
1782682878,0,4096,4096,0,0,0,0,0,0,4096,2073600,2073600,1080,112,FULL,-150,-150,-150,-150,-150,150,150,150,100
1782682879,0,4096,4096,0,0,0,0,0,0,6144,2073600,2073600,1080,11127,FULL,-150,-150,-150,-150,-150,150,150,150,100
1782682880,0,4096,4096,0,0,0,0,0,0,8192,2073600,2073600,1080,11127,FULL,-150,-150,-150,-150,-150,150,150,150,100
1782682881,0,4096,4096,0,0,0,0,0,0,12288,2073600,2073600,1080,11127,FULL,-150,-150,-150,-150,-150,150,150,150,100
1782682882,0,4096,4096,0,0,0,0,0,0,16384,2073600,2073600,1080,11127,FULL,-150,-150,-150,-150,-150,150,150,150,100
1782682883,0,4096,4096,0,0,0,0,0,0,24576,2073600,2073600,1080,11127,FULL,-150,-150,-150,-150,-150,150,150,150,100
1782682892,0,4096,4096,0,0,0,0,0,0,4096,2073600,2073600,1080,11127,FULL,150,-150,-150,-150,-150,150,150,150,100
1782682893,0,4096,4096,0,0,0,0,0,0,6144,2073600,2073600,1080,11127,FULL,150,-150,-150,-150,-150,150,150,150,100
1782682894,0,4096,4096,0,0,0,0,0,0,8192,2073600,2073600,1080,11127,FULL,150,-150,-150,-150,-150,150,150,150,100
1782682895,0,4096,4096,0,0,0,0,0,0,12288,2073600,2073600,1080,11127,FULL,150,-150,-150,-150,-150,150,150,150,100
1782682896,0,4096,4096,0,0,0,0,0,0,16384,2073600,2073600,1080,11127,FULL,150,-150,-150,-150,-150,150,150,150,100
1782682897,0,4096,4096,0,0,0,0,0,0,24576,2073600,2073600,1080,11127,FULL,150,-150,-150,-150,-150,150,150,150,100
1782682906,0,4096,4096,0,0,0,0,0,0,4096,2073600,2073600,1080,11127,FULL,-150,150,-150,-150,-150,150,150,150,100
1782682907,0,4096,4096,0,0,0,0,0,0,6144,2073600,2073600,1080,11127,FULL,-150,150,-150,-150,-150,150,150,150,100
1782682908,0,4096,4096,0,0,0,0,0,0,8192,2073600,2073600,1080,11127,FULL,-150,150,-150,-150,-150,150,150,150,100
1782682909,0,4096,4096,0,0,0,0,0,0,12288,2073600,2073600,1080,11127,FULL,-150,150,-150,-150,-150,150,150,150,100
1782682910,0,4096,4096,0,0,0,0,0,0,16384,2073600,2073600,1080,0,FULL,-150,150,-150,-150,-150,150,150,150,100
1782682912,0,4096,4096,0,0,0,0,0,0,24576,547707,2073600,285,34717,short,-150,150,-150,-150,-150,150,150,150,100
1782682920,0,4096,4096,0,0,0,0,0,0,4096,2073600,2073600,1080,11489,FULL,150,150,-150,-150,-150,150,150,150,100
1782682921,0,4096,4096,0,0,0,0,0,0,6144,2073600,2073600,1080,11476,FULL,150,150,-150,-150,-150,150,150,150,100
1782682922,0,4096,4096,0,0,0,0,0,0,8192,2073600,2073600,1080,11474,FULL,150,150,-150,-150,-150,150,150,150,100
1782682923,0,4096,4096,0,0,0,0,0,0,12288,2073600,2073600,1080,11467,FULL,150,150,-150,-150,-150,150,150,150,100
1782682924,0,4096,4096,0,0,0,0,0,0,16384,2073600,2073600,1080,11465,FULL,150,150,-150,-150,-150,150,150,150,100
1782682926,0,4096,4096,0,0,0,0,0,0,24576,606576,2073600,316,39344,short,150,150,-150,-150,-150,150,150,150,100
1782682935,0,4096,4096,0,0,0,0,0,0,4096,2073600,2073600,1080,11127,FULL,-150,-150,150,-150,-150,150,150,150,100
1782682935,0,4096,4096,0,0,0,0,0,0,6144,2073600,2073600,1080,11127,FULL,-150,-150,150,-150,-150,150,150,150,100
1782682936,0,4096,4096,0,0,0,0,0,0,8192,2073600,2073600,1080,11127,FULL,-150,-150,150,-150,-150,150,150,150,100
1782682937,0,4096,4096,0,0,0,0,0,0,12288,2073600,2073600,1080,11127,FULL,-150,-150,150,-150,-150,150,150,150,100
1782682939,0,4096,4096,0,0,0,0,0,0,16384,2073600,2073600,1080,11127,FULL,-150,-150,150,-150,-150,150,150,150,100
1782682940,0,4096,4096,0,0,0,0,0,0,24576,2073600,2073600,1080,11127,FULL,-150,-150,150,-150,-150,150,150,150,100
1782682949,0,4096,4096,0,0,0,0,0,0,4096,2073600,2073600,1080,11127,FULL,150,-150,150,-150,-150,150,150,150,100
1782682950,0,4096,4096,0,0,0,0,0,0,6144,2073600,2073600,1080,11127,FULL,150,-150,150,-150,-150,150,150,150,100
1782682951,0,4096,4096,0,0,0,0,0,0,8192,2073600,2073600,1080,11127,FULL,150,-150,150,-150,-150,150,150,150,100
1782682952,0,4096,4096,0,0,0,0,0,0,12288,2073600,2073600,1080,11127,FULL,150,-150,150,-150,-150,150,150,150,100
1782682953,0,4096,4096,0,0,0,0,0,0,16384,2073600,2073600,1080,11127,FULL,150,-150,150,-150,-150,150,150,150,100
1782682954,0,4096,4096,0,0,0,0,0,0,24576,2073600,2073600,1080,11127,FULL,150,-150,150,-150,-150,150,150,150,100
1782682963,0,4096,4096,0,0,0,0,0,0,4096,2073600,2073600,1080,11127,FULL,-150,150,150,-150,-150,150,150,150,100
1782682964,0,4096,4096,0,0,0,0,0,0,6144,2073600,2073600,1080,11127,FULL,-150,150,150,-150,-150,150,150,150,100
1782682965,0,4096,4096,0,0,0,0,0,0,8192,2073600,2073600,1080,11127,FULL,-150,150,150,-150,-150,150,150,150,100
1782682966,0,4096,4096,0,0,0,0,0,0,12288,2073600,2073600,1080,11127,FULL,-150,150,150,-150,-150,150,150,150,100
1782682967,0,4096,4096,0,0,0,0,0,0,16384,2073600,2073600,1080,11127,FULL,-150,150,150,-150,-150,150,150,150,100
1782682968,0,4096,4096,0,0,0,0,0,0,24576,2073600,2073600,1080,11127,FULL,-150,150,150,-150,-150,150,150,150,100
1782682977,0,4096,4096,0,0,0,0,0,0,4096,2073600,2073600,1080,11326,FULL,150,150,150,-150,-150,150,150,150,100
1782682978,0,4096,4096,0,0,0,0,0,0,6144,2073600,2073600,1080,11303,FULL,150,150,150,-150,-150,150,150,150,100
1782682979,0,4096,4096,0,0,0,0,0,0,8192,2073600,2073600,1080,11289,FULL,150,150,150,-150,-150,150,150,150,100
1782682980,0,4096,4096,0,0,0,0,0,0,12288,2073600,2073600,1080,11296,FULL,150,150,150,-150,-150,150,150,150,100
1782682981,0,4096,4096,0,0,0,0,0,0,16384,2073600,2073600,1080,11277,FULL,150,150,150,-150,-150,150,150,150,100
1782682983,0,4096,4096,0,0,0,0,0,0,24576,2073600,2073600,1080,11275,FULL,150,150,150,-150,-150,150,150,150,100
1782682991,0,4096,4096,0,0,0,0,0,0,4096,2073600,2073600,1080,11127,FULL,-150,-150,-150,150,-150,150,150,150,100
1782682992,0,4096,4096,0,0,0,0,0,0,6144,2073600,2073600,1080,11127,FULL,-150,-150,-150,150,-150,150,150,150,100
1782682993,0,4096,4096,0,0,0,0,0,0,8192,2073600,2073600,1080,11127,FULL,-150,-150,-150,150,-150,150,150,150,100
1782682994,0,4096,4096,0,0,0,0,0,0,12288,2073600,2073600,1080,11127,FULL,-150,-150,-150,150,-150,150,150,150,100
1782682995,0,4096,4096,0,0,0,0,0,0,16384,2073600,2073600,1080,11127,FULL,-150,-150,-150,150,-150,150,150,150,100
1782682997,0,4096,4096,0,0,0,0,0,0,24576,2073600,2073600,1080,11127,FULL,-150,-150,-150,150,-150,150,150,150,100
1782683006,0,4096,4096,0,0,0,0,0,0,4096,2073600,2073600,1080,11127,FULL,150,-150,-150,150,-150,150,150,150,100
1782683007,0,4096,4096,0,0,0,0,0,0,6144,2073600,2073600,1080,11127,FULL,150,-150,-150,150,-150,150,150,150,100
1782683008,0,4096,4096,0,0,0,0,0,0,8192,2073600,2073600,1080,11127,FULL,150,-150,-150,150,-150,150,150,150,100
1782683009,0,4096,4096,0,0,0,0,0,0,12288,2073600,2073600,1080,11127,FULL,150,-150,-150,150,-150,150,150,150,100
1782683010,0,4096,4096,0,0,0,0,0,0,16384,2073600,2073600,1080,11127,FULL,150,-150,-150,150,-150,150,150,150,100
1782683011,0,4096,4096,0,0,0,0,0,0,24576,2073600,2073600,1080,11127,FULL,150,-150,-150,150,-150,150,150,150,100
1782683020,0,4096,4096,0,0,0,0,0,0,4096,2073600,2073600,1080,87,FULL,-150,150,-150,150,-150,150,150,150,100
1782683021,0,4096,4096,0,0,0,0,0,0,6144,2073600,2073600,1080,11127,FULL,-150,150,-150,150,-150,150,150,150,100
1782683022,0,4096,4096,0,0,0,0,0,0,8192,2073600,2073600,1080,11127,FULL,-150,150,-150,150,-150,150,150,150,100
1782683023,0,4096,4096,0,0,0,0,0,0,12288,2073600,2073600,1080,11127,FULL,-150,150,-150,150,-150,150,150,150,100
1782683024,0,4096,4096,0,0,0,0,0,0,16384,2073600,2073600,1080,11127,FULL,-150,150,-150,150,-150,150,150,150,100
1782683025,0,4096,4096,0,0,0,0,0,0,24576,2073600,2073600,1080,11127,FULL,-150,150,-150,150,-150,150,150,150,100
1782683034,0,4096,4096,0,0,0,0,0,0,4096,2073600,2073600,1080,11285,FULL,150,150,-150,150,-150,150,150,150,100
1782683035,0,4096,4096,0,0,0,0,0,0,6144,2073600,2073600,1080,11292,FULL,150,150,-150,150,-150,150,150,150,100
1782683036,0,4096,4096,0,0,0,0,0,0,8192,2073600,2073600,1080,11275,FULL,150,150,-150,150,-150,150,150,150,100
1782683037,0,4096,4096,0,0,0,0,0,0,12288,2073600,2073600,1080,11280,FULL,150,150,-150,150,-150,150,150,150,100
1782683038,0,4096,4096,0,0,0,0,0,0,16384,2073600,2073600,1080,11277,FULL,150,150,-150,150,-150,150,150,150,100
1782683039,0,4096,4096,0,0,0,0,0,0,24576,2073600,2073600,1080,11289,FULL,150,150,-150,150,-150,150,150,150,100
1782683048,0,4096,4096,0,0,0,0,0,0,4096,2073600,2073600,1080,11127,FULL,-150,-150,150,150,-150,150,150,150,100
1782683049,0,4096,4096,0,0,0,0,0,0,6144,2073600,2073600,1080,11127,FULL,-150,-150,150,150,-150,150,150,150,100
1782683050,0,4096,4096,0,0,0,0,0,0,8192,2073600,2073600,1080,11127,FULL,-150,-150,150,150,-150,150,150,150,100
1782683051,0,4096,4096,0,0,0,0,0,0,12288,2073600,2073600,1080,11127,FULL,-150,-150,150,150,-150,150,150,150,100
1782683052,0,4096,4096,0,0,0,0,0,0,16384,2073600,2073600,1080,11127,FULL,-150,-150,150,150,-150,150,150,150,100
1782683054,0,4096,4096,0,0,0,0,0,0,24576,2073600,2073600,1080,11127,FULL,-150,-150,150,150,-150,150,150,150,100
1782683062,0,4096,4096,0,0,0,0,0,0,4096,2073600,2073600,1080,11127,FULL,150,-150,150,150,-150,150,150,150,100
1782683063,0,4096,4096,0,0,0,0,0,0,6144,2073600,2073600,1080,11127,FULL,150,-150,150,150,-150,150,150,150,100
1782683064,0,4096,4096,0,0,0,0,0,0,8192,2073600,2073600,1080,11127,FULL,150,-150,150,150,-150,150,150,150,100
1782683065,0,4096,4096,0,0,0,0,0,0,12288,2073600,2073600,1080,11127,FULL,150,-150,150,150,-150,150,150,150,100
1782683067,0,4096,4096,0,0,0,0,0,0,16384,2073600,2073600,1080,11127,FULL,150,-150,150,150,-150,150,150,150,100
1782683068,0,4096,4096,0,0,0,0,0,0,24576,2073600,2073600,1080,11127,FULL,150,-150,150,150,-150,150,150,150,100
1782683077,0,4096,4096,0,0,0,0,0,0,4096,2073600,2073600,1080,11127,FULL,-150,150,150,150,-150,150,150,150,100
1782683078,0,4096,4096,0,0,0,0,0,0,6144,2073600,2073600,1080,11127,FULL,-150,150,150,150,-150,150,150,150,100
1782683079,0,4096,4096,0,0,0,0,0,0,8192,2073600,2073600,1080,11127,FULL,-150,150,150,150,-150,150,150,150,100
1782683080,0,4096,4096,0,0,0,0,0,0,12288,2073600,2073600,1080,11127,FULL,-150,150,150,150,-150,150,150,150,100
1782683081,0,4096,4096,0,0,0,0,0,0,16384,2073600,2073600,1080,11127,FULL,-150,150,150,150,-150,150,150,150,100
1782683082,0,4096,4096,0,0,0,0,0,0,24576,2073600,2073600,1080,11127,FULL,-150,150,150,150,-150,150,150,150,100
1782683091,0,4096,4096,0,0,0,0,0,0,4096,2073600,2073600,1080,11475,FULL,150,150,150,150,-150,150,150,150,100
1782683092,0,4096,4096,0,0,0,0,0,0,6144,2073600,2073600,1080,11502,FULL,150,150,150,150,-150,150,150,150,100
1782683093,0,4096,4096,0,0,0,0,0,0,8192,2073600,2073600,1080,11463,FULL,150,150,150,150,-150,150,150,150,100
1782683094,0,4096,4096,0,0,0,0,0,0,12288,2073600,2073600,1080,11485,FULL,150,150,150,150,-150,150,150,150,100
1782683095,0,4096,4096,0,0,0,0,0,0,16384,2073600,2073600,1080,11470,FULL,150,150,150,150,-150,150,150,150,100
1782683096,0,4096,4096,0,0,0,0,0,0,24576,2073600,2073600,1080,11475,FULL,150,150,150,150,-150,150,150,150,100
1782683105,0,4096,4096,0,0,0,0,0,0,4096,2073600,2073600,1080,74,FULL,-150,-150,-150,-150,150,150,150,150,100
1782683106,0,4096,4096,0,0,0,0,0,0,6144,2073600,2073600,1080,11127,FULL,-150,-150,-150,-150,150,150,150,150,100
1782683107,0,4096,4096,0,0,0,0,0,0,8192,2073600,2073600,1080,11127,FULL,-150,-150,-150,-150,150,150,150,150,100
1782683108,0,4096,4096,0,0,0,0,0,0,12288,2073600,2073600,1080,11127,FULL,-150,-150,-150,-150,150,150,150,150,100
1782683109,0,4096,4096,0,0,0,0,0,0,16384,2073600,2073600,1080,11127,FULL,-150,-150,-150,-150,150,150,150,150,100
1782683111,0,4096,4096,0,0,0,0,0,0,24576,2073600,2073600,1080,11127,FULL,-150,-150,-150,-150,150,150,150,150,100
1782683119,0,4096,4096,0,0,0,0,0,0,4096,2073600,2073600,1080,11127,FULL,150,-150,-150,-150,150,150,150,150,100
1782683120,0,4096,4096,0,0,0,0,0,0,6144,2073600,2073600,1080,11127,FULL,150,-150,-150,-150,150,150,150,150,100
1782683121,0,4096,4096,0,0,0,0,0,0,8192,2073600,2073600,1080,11127,FULL,150,-150,-150,-150,150,150,150,150,100
1782683122,0,4096,4096,0,0,0,0,0,0,12288,2073600,2073600,1080,11127,FULL,150,-150,-150,-150,150,150,150,150,100
1782683123,0,4096,4096,0,0,0,0,0,0,16384,2073600,2073600,1080,11127,FULL,150,-150,-150,-150,150,150,150,150,100
1782683125,0,4096,4096,0,0,0,0,0,0,24576,2073600,2073600,1080,11127,FULL,150,-150,-150,-150,150,150,150,150,100
1782683134,0,4096,4096,0,0,0,0,0,0,4096,2073600,2073600,1080,11127,FULL,-150,150,-150,-150,150,150,150,150,100
1782683134,0,4096,4096,0,0,0,0,0,0,6144,2073600,2073600,1080,11127,FULL,-150,150,-150,-150,150,150,150,150,100
1782683135,0,4096,4096,0,0,0,0,0,0,8192,2073600,2073600,1080,11127,FULL,-150,150,-150,-150,150,150,150,150,100
1782683136,0,4096,4096,0,0,0,0,0,0,12288,2073600,2073600,1080,11127,FULL,-150,150,-150,-150,150,150,150,150,100
1782683138,0,4096,4096,0,0,0,0,0,0,16384,537452,2073600,280,48013,short,-150,150,-150,-150,150,150,150,150,100
1782683139,0,4096,4096,0,0,0,0,0,0,24576,537393,2073600,280,49668,short,-150,150,-150,-150,150,150,150,150,100
1782683148,0,4096,4096,0,0,0,0,0,0,4096,2073600,2073600,1080,11278,FULL,150,150,-150,-150,150,150,150,150,100
1782683149,0,4096,4096,0,0,0,0,0,0,6144,2073600,2073600,1080,11306,FULL,150,150,-150,-150,150,150,150,150,100
1782683150,0,4096,4096,0,0,0,0,0,0,8192,2073600,2073600,1080,11275,FULL,150,150,-150,-150,150,150,150,150,100
1782683151,0,4096,4096,0,0,0,0,0,0,12288,2073600,2073600,1080,11276,FULL,150,150,-150,-150,150,150,150,150,100
1782683152,0,4096,4096,0,0,0,0,0,0,16384,2073600,2073600,1080,11274,FULL,150,150,-150,-150,150,150,150,150,100
1782683153,0,4096,4096,0,0,0,0,0,0,24576,594304,2073600,309,50160,short,150,150,-150,-150,150,150,150,150,100
1782683162,0,4096,4096,0,0,0,0,0,0,4096,2073600,2073600,1080,11127,FULL,-150,-150,150,-150,150,150,150,150,100
1782683163,0,4096,4096,0,0,0,0,0,0,6144,2073600,2073600,1080,11127,FULL,-150,-150,150,-150,150,150,150,150,100
1782683164,0,4096,4096,0,0,0,0,0,0,8192,2073600,2073600,1080,11127,FULL,-150,-150,150,-150,150,150,150,150,100
1782683165,0,4096,4096,0,0,0,0,0,0,12288,2073600,2073600,1080,11127,FULL,-150,-150,150,-150,150,150,150,150,100
1782683166,0,4096,4096,0,0,0,0,0,0,16384,2073600,2073600,1080,11127,FULL,-150,-150,150,-150,150,150,150,150,100
1782683167,0,4096,4096,0,0,0,0,0,0,24576,2073600,2073600,1080,11127,FULL,-150,-150,150,-150,150,150,150,150,100
1782683176,0,4096,4096,0,0,0,0,0,0,4096,2073600,2073600,1080,11127,FULL,150,-150,150,-150,150,150,150,150,100
1782683177,0,4096,4096,0,0,0,0,0,0,6144,2073600,2073600,1080,11127,FULL,150,-150,150,-150,150,150,150,150,100
1782683178,0,4096,4096,0,0,0,0,0,0,8192,2073600,2073600,1080,11127,FULL,150,-150,150,-150,150,150,150,150,100
1782683179,0,4096,4096,0,0,0,0,0,0,12288,2073600,2073600,1080,11127,FULL,150,-150,150,-150,150,150,150,150,100
1782683180,0,4096,4096,0,0,0,0,0,0,16384,2073600,2073600,1080,11127,FULL,150,-150,150,-150,150,150,150,150,100
1782683182,0,4096,4096,0,0,0,0,0,0,24576,2073600,2073600,1080,11127,FULL,150,-150,150,-150,150,150,150,150,100
1782683190,0,4096,4096,0,0,0,0,0,0,4096,2073600,2073600,1080,11127,FULL,-150,150,150,-150,150,150,150,150,100
1782683191,0,4096,4096,0,0,0,0,0,0,6144,2073600,2073600,1080,11127,FULL,-150,150,150,-150,150,150,150,150,100
1782683192,0,4096,4096,0,0,0,0,0,0,8192,2073600,2073600,1080,11127,FULL,-150,150,150,-150,150,150,150,150,100
1782683193,0,4096,4096,0,0,0,0,0,0,12288,2073600,2073600,1080,11127,FULL,-150,150,150,-150,150,150,150,150,100
1782683194,0,4096,4096,0,0,0,0,0,0,16384,2073600,2073600,1080,11127,FULL,-150,150,150,-150,150,150,150,150,100
1782683196,0,4096,4096,0,0,0,0,0,0,24576,2073600,2073600,1080,11127,FULL,-150,150,150,-150,150,150,150,150,100
1782683205,0,4096,4096,0,0,0,0,0,0,4096,2073600,2073600,1080,11285,FULL,150,150,150,-150,150,150,150,150,100
1782683206,0,4096,4096,0,0,0,0,0,0,6144,2073600,2073600,1080,11278,FULL,150,150,150,-150,150,150,150,150,100
1782683207,0,4096,4096,0,0,0,0,0,0,8192,2073600,2073600,1080,11277,FULL,150,150,150,-150,150,150,150,150,100
1782683208,0,4096,4096,0,0,0,0,0,0,12288,2073600,2073600,1080,11286,FULL,150,150,150,-150,150,150,150,150,100
1782683209,0,4096,4096,0,0,0,0,0,0,16384,2073600,2073600,1080,11276,FULL,150,150,150,-150,150,150,150,150,100
1782683210,0,4096,4096,0,0,0,0,0,0,24576,2073600,2073600,1080,11312,FULL,150,150,150,-150,150,150,150,150,100
1782683219,0,4096,4096,0,0,0,0,0,0,4096,2073600,2073600,1080,11127,FULL,-150,-150,-150,150,150,150,150,150,100
1782683220,0,4096,4096,0,0,0,0,0,0,6144,2073600,2073600,1080,11127,FULL,-150,-150,-150,150,150,150,150,150,100
1782683221,0,4096,4096,0,0,0,0,0,0,8192,2073600,2073600,1080,11127,FULL,-150,-150,-150,150,150,150,150,150,100
1782683222,0,4096,4096,0,0,0,0,0,0,12288,2073600,2073600,1080,11127,FULL,-150,-150,-150,150,150,150,150,150,100
1782683223,0,4096,4096,0,0,0,0,0,0,16384,2073600,2073600,1080,11127,FULL,-150,-150,-150,150,150,150,150,150,100
1782683224,0,4096,4096,0,0,0,0,0,0,24576,2073600,2073600,1080,11127,FULL,-150,-150,-150,150,150,150,150,150,100
1782683233,0,4096,4096,0,0,0,0,0,0,4096,2073600,2073600,1080,11127,FULL,150,-150,-150,150,150,150,150,150,100
1782683234,0,4096,4096,0,0,0,0,0,0,6144,2073600,2073600,1080,11127,FULL,150,-150,-150,150,150,150,150,150,100
1782683235,0,4096,4096,0,0,0,0,0,0,8192,2073600,2073600,1080,11127,FULL,150,-150,-150,150,150,150,150,150,100
1782683236,0,4096,4096,0,0,0,0,0,0,12288,2073600,2073600,1080,11127,FULL,150,-150,-150,150,150,150,150,150,100
1782683237,0,4096,4096,0,0,0,0,0,0,16384,2073600,2073600,1080,11127,FULL,150,-150,-150,150,150,150,150,150,100
1782683238,0,4096,4096,0,0,0,0,0,0,24576,2073600,2073600,1080,11127,FULL,150,-150,-150,150,150,150,150,150,100
1782683247,0,4096,4096,0,0,0,0,0,0,4096,2073600,2073600,1080,11127,FULL,-150,150,-150,150,150,150,150,150,100
1782683248,0,4096,4096,0,0,0,0,0,0,6144,2073600,2073600,1080,11127,FULL,-150,150,-150,150,150,150,150,150,100
1782683249,0,4096,4096,0,0,0,0,0,0,8192,2073600,2073600,1080,11127,FULL,-150,150,-150,150,150,150,150,150,100
1782683250,0,4096,4096,0,0,0,0,0,0,12288,2073600,2073600,1080,11127,FULL,-150,150,-150,150,150,150,150,150,100
1782683251,0,4096,4096,0,0,0,0,0,0,16384,2073600,2073600,1080,11127,FULL,-150,150,-150,150,150,150,150,150,100
1782683253,0,4096,4096,0,0,0,0,0,0,24576,2073600,2073600,1080,11127,FULL,-150,150,-150,150,150,150,150,150,100
1782683261,0,4096,4096,0,0,0,0,0,0,4096,2073600,2073600,1080,11277,FULL,150,150,-150,150,150,150,150,150,100
1782683262,0,4096,4096,0,0,0,0,0,0,6144,2073600,2073600,1080,11281,FULL,150,150,-150,150,150,150,150,150,100
1782683263,0,4096,4096,0,0,0,0,0,0,8192,2073600,2073600,1080,11274,FULL,150,150,-150,150,150,150,150,150,100
1782683264,0,4096,4096,0,0,0,0,0,0,12288,2073600,2073600,1080,11281,FULL,150,150,-150,150,150,150,150,150,100
1782683266,0,4096,4096,0,0,0,0,0,0,16384,2073600,2073600,1080,11277,FULL,150,150,-150,150,150,150,150,150,100
1782683267,0,4096,4096,0,0,0,0,0,0,24576,2073600,2073600,1080,11278,FULL,150,150,-150,150,150,150,150,150,100
1782683276,0,4096,4096,0,0,0,0,0,0,4096,2073600,2073600,1080,11127,FULL,-150,-150,150,150,150,150,150,150,100
1782683277,0,4096,4096,0,0,0,0,0,0,6144,2073600,2073600,1080,11127,FULL,-150,-150,150,150,150,150,150,150,100
1782683278,0,4096,4096,0,0,0,0,0,0,8192,2073600,2073600,1080,11127,FULL,-150,-150,150,150,150,150,150,150,100
1782683279,0,4096,4096,0,0,0,0,0,0,12288,2073600,2073600,1080,11127,FULL,-150,-150,150,150,150,150,150,150,100
1782683280,0,4096,4096,0,0,0,0,0,0,16384,2073600,2073600,1080,11127,FULL,-150,-150,150,150,150,150,150,150,100
1782683281,0,4096,4096,0,0,0,0,0,0,24576,2073600,2073600,1080,11127,FULL,-150,-150,150,150,150,150,150,150,100
1782683290,0,4096,4096,0,0,0,0,0,0,4096,2073600,2073600,1080,11127,FULL,150,-150,150,150,150,150,150,150,100
1782683291,0,4096,4096,0,0,0,0,0,0,6144,2073600,2073600,1080,11127,FULL,150,-150,150,150,150,150,150,150,100
1782683292,0,4096,4096,0,0,0,0,0,0,8192,2073600,2073600,1080,11127,FULL,150,-150,150,150,150,150,150,150,100
1782683293,0,4096,4096,0,0,0,0,0,0,12288,2073600,2073600,1080,11127,FULL,150,-150,150,150,150,150,150,150,100
1782683294,0,4096,4096,0,0,0,0,0,0,16384,2073600,2073600,1080,11127,FULL,150,-150,150,150,150,150,150,150,100
1782683295,0,4096,4096,0,0,0,0,0,0,24576,2073600,2073600,1080,11127,FULL,150,-150,150,150,150,150,150,150,100
1782683304,0,4096,4096,0,0,0,0,0,0,4096,2073600,2073600,1080,11127,FULL,-150,150,150,150,150,150,150,150,100
1782683305,0,4096,4096,0,0,0,0,0,0,6144,2073600,2073600,1080,11127,FULL,-150,150,150,150,150,150,150,150,100
1782683306,0,4096,4096,0,0,0,0,0,0,8192,2073600,2073600,1080,11127,FULL,-150,150,150,150,150,150,150,150,100
1782683307,0,4096,4096,0,0,0,0,0,0,12288,2073600,2073600,1080,11127,FULL,-150,150,150,150,150,150,150,150,100
1782683308,0,4096,4096,0,0,0,0,0,0,16384,2073600,2073600,1080,11127,FULL,-150,150,150,150,150,150,150,150,100
1782683310,0,4096,4096,0,0,0,0,0,0,24576,2073600,2073600,1080,11127,FULL,-150,150,150,150,150,150,150,150,100
1782683318,0,4096,4096,0,0,0,0,0,0,4096,2073600,2073600,1080,11277,FULL,150,150,150,150,150,150,150,150,100
1782683319,0,4096,4096,0,0,0,0,0,0,6144,2073600,2073600,1080,11291,FULL,150,150,150,150,150,150,150,150,100
1782683320,0,4096,4096,0,0,0,0,0,0,8192,2073600,2073600,1080,11273,FULL,150,150,150,150,150,150,150,150,100
1782683321,0,4096,4096,0,0,0,0,0,0,12288,2073600,2073600,1080,11275,FULL,150,150,150,150,150,150,150,150,100
1782683322,0,4096,4096,0,0,0,0,0,0,16384,2073600,2073600,1080,11280,FULL,150,150,150,150,150,150,150,150,100
1782683324,0,4096,4096,0,0,0,0,0,0,24576,2073600,2073600,1080,11295,FULL,150,150,150,150,150,150,150,150,100
